# path	start_line	end_line	lines	words	sha12	class	reason	as	stale	landed_doc	landed_anchor	landed_words	pruned
.devcontainer/install-root-overlay.sh	1	3	3	30	094931fbe262	STAY	ai-header		0				0
.forgejo/workflows/build-mios.yml	1	2	2	29	8b45543fe71c	STAY	ai-header		0				0
.forgejo/workflows/build-mios.yml	1	18	18	147	a58a0dbdcdd6	STAY	ai-header		0	usr/share/doc/mios/manual/_harvest/_forgejo_workflows_build_mios_yml.md	mios-src:a58a0dbdcdd6	147	1
.forgejo/workflows/build-mios.yml	17	22	6	63	1328de9fd76a	MIGRATE	narrative-rationale		0	usr/share/doc/mios/manual/_harvest/_forgejo_workflows_build-mios_yml.md	mios-src:1328de9fd76a	63	1
.forgejo/workflows/build-mios.yml	23	25	3	28	6ad013c0a69b	STAY	midsize-why		0				0
.forgejo/workflows/build-mios.yml	36	38	3	27	a113c471fd31	STAY	midsize-why		0				0
.forgejo/workflows/build-mios.yml	43	44	2	15	a3c478469cd8	STAY	local-scoped		0				0
.forgejo/workflows/build-mios.yml	80	80	1	12	4cb2be3fa5db	STAY	local-scoped		0				0
.forgejo/workflows/build-mios.yml	95	97	3	31	d255aa36368b	STAY	midsize-why		0				0
.forgejo/workflows/build-mios.yml	102	103	2	23	574a3e5e9dca	STAY	local-scoped		0				0
.forgejo/workflows/build-mios.yml	106	106	1	11	e25dd631f9a4	STAY	local-scoped		0				0
.forgejo/workflows/build-mios.yml	118	118	1	8	a88aee412b8c	STAY	inline-scoped		0				0
.forgejo/workflows/build-mios.yml	121	121	1	3	c8f82965cee6	STAY	inline-scoped		0				0
.forgejo/workflows/build-mios.yml	132	139	8	79	9b1abfdb404e	MIGRATE	narrative-rationale		0	usr/share/doc/mios/manual/_harvest/_forgejo_workflows_build-mios_yml.md	mios-src:9b1abfdb404e	79	1
.forgejo/workflows/build-mios.yml	134	135	2	15	99d2d210b8b8	STAY	local-scoped		0				0
.forgejo/workflows/build-mios.yml	138	138	1	3	ee573bae3b99	STAY	local-scoped		0				0
.forgejo/workflows/build-mios.yml	169	172	4	34	147551906b1c	MIGRATE	midsize-narrative		0	usr/share/doc/mios/manual/_harvest/_forgejo_workflows_build-mios_yml.md	mios-src:147551906b1c	34	1
.forgejo/workflows/build-mios.yml	188	192	5	36	c8be1fb9930b	MIGRATE	midsize-narrative		0	usr/share/doc/mios/manual/_harvest/_forgejo_workflows_build-mios_yml.md	mios-src:c8be1fb9930b	36	1
.forgejo/workflows/url-probe.yml	1	1	1	9	3ef29e95a62a	STAY	ai-header		0				0
.github/workflows/mios-ci.yml	1	2	2	28	2588ab240797	STAY	ai-header		0				0
.github/workflows/mios-ci.yml	1	2	2	37	1143953e3ced	STAY	ai-header		0	usr/share/doc/mios/manual/_harvest/_github_workflows_mios_ci_yml.md	mios-src:1143953e3ced	37	1
.github/workflows/mios-ci.yml	5	13	9	67	dc685a024553	MIGRATE	narrative-history		0	usr/share/doc/mios/manual/_harvest/_github_workflows_mios-ci_yml.md	mios-src:dc685a024553	67	1
.github/workflows/mios-ci.yml	14	14	1	12	78a30bd5ce80	STAY	local-scoped		0				0
.github/workflows/mios-ci.yml	24	27	4	41	e0dc75f24424	STAY	midsize-why		0				0
.github/workflows/mios-ci.yml	30	48	19	193	c90f747b0a61	MIGRATE	narrative-rationale		0	usr/share/doc/mios/manual/_harvest/_github_workflows_mios-ci_yml.md	mios-src:c90f747b0a61	193	1
.github/workflows/mios-ci.yml	42	45	4	41	22d542da35ac	STAY	midsize-why		0				0
.github/workflows/mios-ci.yml	56	57	2	15	a3c478469cd8	STAY	local-scoped		0				0
.github/workflows/mios-ci.yml	81	82	2	23	332cf534b456	STAY	local-scoped		0				0
.github/workflows/mios-ci.yml	86	88	3	31	94d8aa918b7e	STAY	midsize-why		0				0
.github/workflows/mios-ci.yml	91	92	2	14	5975a06ac915	STAY	local-scoped		0				0
.github/workflows/mios-ci.yml	100	103	4	38	421f9de27b15	STAY	midsize-why		0				0
.github/workflows/mios-ci.yml	110	110	1	6	cf4ea5f3cff5	STAY	local-scoped		0				0
.github/workflows/mios-ci.yml	120	120	1	5	b10b778d51d8	STAY	local-scoped		0				0
.github/workflows/mios-ci.yml	124	124	1	11	763db428f44d	STAY	local-scoped		0				0
.github/workflows/mios-ci.yml	131	133	3	31	d255aa36368b	STAY	midsize-why		0				0
.github/workflows/mios-ci.yml	138	139	2	23	574a3e5e9dca	STAY	local-scoped		0				0
.github/workflows/mios-ci.yml	142	142	1	11	e25dd631f9a4	STAY	local-scoped		0				0
.github/workflows/mios-ci.yml	146	148	3	25	1840a7d08cf1	STAY	midsize-why		0				0
.github/workflows/mios-ci.yml	193	193	1	12	4cb2be3fa5db	STAY	local-scoped		0				0
.github/workflows/mios-ci.yml	196	204	9	98	6b7280f004e5	MIGRATE	narrative-rationale		0	usr/share/doc/mios/manual/_harvest/_github_workflows_mios-ci_yml.md	mios-src:6b7280f004e5	98	1
.github/workflows/mios-ci.yml	208	215	8	59	9084b8acca81	MIGRATE	narrative-rationale		0	usr/share/doc/mios/manual/_harvest/_github_workflows_mios-ci_yml.md	mios-src:9084b8acca81	59	1
.github/workflows/mios-ci.yml	226	229	4	45	bb115ad60339	STAY	midsize-why		0				0
.github/workflows/mios-ci.yml	237	239	3	31	4344358da414	STAY	midsize-why		0				0
.github/workflows/mios-ci.yml	241	241	1	4	98c5001eabea	STAY	inline-scoped		0				0
.github/workflows/mios-ci.yml	247	247	1	8	a3d803844fcc	STAY	inline-scoped		0				0
.github/workflows/mios-ci.yml	250	250	1	3	c8f82965cee6	STAY	inline-scoped		0				0
.github/workflows/mios-ci.yml	255	261	7	70	0e4256b66c2a	MIGRATE	narrative-rationale		0	usr/share/doc/mios/manual/_harvest/_github_workflows_mios-ci_yml.md	mios-src:0e4256b66c2a	70	1
.github/workflows/mios-ci.yml	288	291	4	29	874362a069a1	STAY	midsize-why		0				0
.github/workflows/mios-ci.yml	294	294	1	3	ee573bae3b99	STAY	local-scoped		0				0
.github/workflows/mios-ci.yml	303	307	5	52	468de1b725d5	STAY	midsize-why		0				0
.github/workflows/mios-ci.yml	324	328	5	38	c390f3916297	STAY	midsize-why		0				0
.github/workflows/mios-ci.yml	328	339	12	97	b896b941f929	MIGRATE	narrative-rationale		0	usr/share/doc/mios/manual/_harvest/_github_workflows_mios-ci_yml.md	mios-src:b896b941f929	97	1
.github/workflows/mios-ci.yml	343	343	1	12	8fc42e8edc15	STAY	local-scoped		0				0
.github/workflows/mios-ci.yml	349	349	1	8	5c07b98d0c1c	STAY	local-scoped		0				0
.github/workflows/mios-ci.yml	351	358	8	63	488fc6bcd3a7	MIGRATE	narrative-history		0	usr/share/doc/mios/manual/_harvest/_github_workflows_mios-ci_yml.md	mios-src:488fc6bcd3a7	63	1
.github/workflows/mios-ci.yml	370	370	1	15	350923ec108b	STAY	local-scoped		0				0
.github/workflows/mios-ci.yml	381	422	42	399	feb6b6ba127c	MIGRATE	narrative-history	adr-candidate	0	usr/share/doc/mios/manual/_harvest/_github_workflows_mios-ci_yml.md	mios-src:feb6b6ba127c	399	1
.github/workflows/mios-ci.yml	401	401	1	1	a1a9ff52a22c	STAY	inline-scoped		0				0
.github/workflows/mios-ci.yml	443	447	5	51	bfdeb57544a6	STAY	midsize-why		0				0
.github/workflows/mios-ci.yml	469	484	16	152	6ec74752970a	MIGRATE	narrative-rationale		0	usr/share/doc/mios/manual/_harvest/_github_workflows_mios-ci_yml.md	mios-src:6ec74752970a	152	1
.github/workflows/mios-ci.yml	485	486	2	21	052c46f6412a	STAY	local-scoped		0				0
.github/workflows/mios-ci.yml	592	598	7	72	617b0a013ef0	MIGRATE	narrative-rationale		0	usr/share/doc/mios/manual/_harvest/_github_workflows_mios-ci_yml.md	mios-src:617b0a013ef0	72	1
.github/workflows/mios-ci.yml	624	631	8	82	9565dcccef24	MIGRATE	narrative-rationale		0	usr/share/doc/mios/manual/_harvest/_github_workflows_mios-ci_yml.md	mios-src:9565dcccef24	82	1
.github/workflows/mios-ci.yml	633	639	7	60	32d6ab8c2bce	MIGRATE	narrative-rationale		0	usr/share/doc/mios/manual/_harvest/_github_workflows_mios-ci_yml.md	mios-src:32d6ab8c2bce	60	1
.github/workflows/mios-ci.yml	666	671	6	53	c5329a266c25	MIGRATE	narrative-rationale		0	usr/share/doc/mios/manual/_harvest/_github_workflows_mios-ci_yml.md	mios-src:c5329a266c25	53	1
.github/workflows/url-probe.yml	1	1	1	10	8661e4a2789d	STAY	ai-header		0				0
Get-MiOS.ps1	1	2	2	30	37aaf981780e	STAY	ai-header		0				0
Get-MiOS.ps1	1	3	3	52	6cb747722e65	STAY	ai-header		0	usr/share/doc/mios/manual/_harvest/Get_MiOS_ps1.md	mios-src:6cb747722e65	52	1
Get-MiOS.ps1	3	3	1	0	e3b0c44298fc	STAY	inline-scoped		0				0
Get-MiOS.ps1	62	62	1	0	62b67e1f685b	DROP	banner		0				0
Get-MiOS.ps1	69	76	8	61	220c3f685253	MIGRATE	narrative-rationale		0	usr/share/doc/mios/manual/_harvest/Get_MiOS_ps1.md	mios-src:220c3f685253	61	1
Get-MiOS.ps1	77	77	1	7	f6c6097ce25a	STAY	local-scoped		0				0
Get-MiOS.ps1	82	86	5	57	52702591bb94	STAY	midsize-why		0				0
Get-MiOS.ps1	92	92	1	1	80d3a668f718	DROP	banner		0				0
Get-MiOS.ps1	95	95	1	2	168eae654096	DROP	banner		0				0
Get-MiOS.ps1	110	112	3	30	64f880c29298	STAY	midsize-why		0				0
Get-MiOS.ps1	110	113	4	62	e1b07f8cfd55	MIGRATE	narrative-rationale		0	usr/share/doc/mios/manual/_harvest/Get_MiOS_ps1.md	mios-src:e1b07f8cfd55	62	1
Get-MiOS.ps1	155	155	1	3	48ab0f04f293	DROP	banner		0				0
Get-MiOS.ps1	165	165	1	7	91779b24e9b8	STAY	local-scoped		0				0
Get-MiOS.ps1	175	175	1	4	24394be85bff	STAY	local-scoped		0				0
Get-MiOS.ps1	181	181	1	4	d97bf1ff3fda	STAY	local-scoped		0				0
Get-MiOS.ps1	187	187	1	7	4ecd4c7c6f26	STAY	local-scoped		0				0
Get-MiOS.ps1	203	209	7	73	209802d65f28	MIGRATE	narrative-history		0	usr/share/doc/mios/manual/_harvest/Get_MiOS_ps1.md	mios-src:209802d65f28	73	1
Get-MiOS.ps1	217	220	4	42	3c4dbbf04062	STAY	midsize-why		0				0
Get-MiOS.ps1	232	234	3	26	838b9229095e	STAY	midsize-why		0				0
Get-MiOS.ps1	249	249	1	5	c9eba5f619e8	STAY	local-scoped		0				0
Get-MiOS.ps1	253	253	1	5	85566c592f06	STAY	local-scoped		0				0
Get-MiOS.ps1	258	260	3	28	5579220183f4	STAY	midsize-why		0				0
Get-MiOS.ps1	265	289	25	213	d7580dd3ed93	MIGRATE	narrative-history		0	usr/share/doc/mios/manual/_harvest/Get_MiOS_ps1.md	mios-src:d7580dd3ed93	213	1
Get-MiOS.ps1	273	274	2	19	3381259d64fd	STAY	local-scoped		0				0
Get-MiOS.ps1	291	294	4	41	cb9b543c4f47	STAY	midsize-why		0				0
Get-MiOS.ps1	300	300	1	3	38140d059950	STAY	inline-scoped		0				0
Get-MiOS.ps1	301	301	1	3	58954bce6c5a	STAY	inline-scoped		0				0
Get-MiOS.ps1	320	320	1	10	967d7f10010b	STAY	local-scoped		0				0
Get-MiOS.ps1	324	325	2	14	539bca6dc8fb	STAY	local-scoped		0				0
Get-MiOS.ps1	327	328	2	20	3393dfc2d7c8	STAY	local-scoped		0				0
Get-MiOS.ps1	331	341	11	120	9ade315a9d7c	MIGRATE	narrative-history		0	usr/share/doc/mios/manual/_harvest/Get_MiOS_ps1.md	mios-src:9ade315a9d7c	120	1
Get-MiOS.ps1	346	346	1	4	a9e93cba9e9a	STAY	local-scoped		0				0
Get-MiOS.ps1	355	355	1	11	0105ce45d79a	STAY	local-scoped		0				0
Get-MiOS.ps1	359	361	3	27	2311c5730262	STAY	midsize-why		0				0
Get-MiOS.ps1	381	381	1	4	b2cd0843aa34	STAY	inline-scoped		0				0
Get-MiOS.ps1	382	382	1	2	bf7f68dd62a8	STAY	inline-scoped		0				0
Get-MiOS.ps1	383	383	1	5	65fb3d77b9f5	STAY	inline-scoped		0				0
Get-MiOS.ps1	387	388	2	14	f33324ce5ca9	STAY	local-scoped		0				0
Get-MiOS.ps1	387	397	11	72	f87d2cc14bc4	MIGRATE	narrative-rationale		0	usr/share/doc/mios/manual/_harvest/Get_MiOS_ps1.md	mios-src:f87d2cc14bc4	72	1
Get-MiOS.ps1	393	393	1	10	934a80baed5c	STAY	local-scoped		0				0
Get-MiOS.ps1	394	394	1	0	a7ffbb836a84	DROP	banner		0				0
Get-MiOS.ps1	398	398	1	11	d93a27f97a8b	STAY	local-scoped		0				0
Get-MiOS.ps1	399	426	28	204	4b52f4d9b404	MIGRATE	narrative-history		0	usr/share/doc/mios/manual/_harvest/Get_MiOS_ps1.md	mios-src:4b52f4d9b404	204	1
Get-MiOS.ps1	424	424	1	10	778a31f4b878	STAY	local-scoped		0				0
Get-MiOS.ps1	442	442	1	4	1b5f9a52489a	STAY	inline-scoped		0				0
Get-MiOS.ps1	451	451	1	8	b1d59cc27fde	STAY	local-scoped		0				0
Get-MiOS.ps1	455	455	1	7	788bb607cb37	STAY	local-scoped		0				0
Get-MiOS.ps1	471	471	1	5	381decae3076	STAY	inline-scoped		0				0
Get-MiOS.ps1	472	472	1	5	e33f03e4e9a0	STAY	inline-scoped		0				0
Get-MiOS.ps1	493	494	2	15	1744dd880f1b	STAY	local-scoped		0				0
Get-MiOS.ps1	497	497	1	11	4927b91d7e19	STAY	local-scoped		0				0
Get-MiOS.ps1	507	507	1	5	a3ecb738c0c8	STAY	local-scoped		0				0
Get-MiOS.ps1	525	530	6	47	065f55427a08	MIGRATE	narrative-rationale		0	usr/share/doc/mios/manual/_harvest/Get_MiOS_ps1.md	mios-src:065f55427a08	47	1
Get-MiOS.ps1	537	544	8	59	0112f387b3fb	MIGRATE	narrative-history		0	usr/share/doc/mios/manual/_harvest/Get_MiOS_ps1.md	mios-src:0112f387b3fb	59	1
Get-MiOS.ps1	548	554	7	63	597bdd1cbe76	MIGRATE	narrative-history		0	usr/share/doc/mios/manual/_harvest/Get_MiOS_ps1.md	mios-src:597bdd1cbe76	63	1
Get-MiOS.ps1	574	584	11	115	3b2ebfee02b9	MIGRATE	narrative-history		0	usr/share/doc/mios/manual/_harvest/Get_MiOS_ps1.md	mios-src:3b2ebfee02b9	115	1
Get-MiOS.ps1	601	612	12	111	2b0184139248	MIGRATE	narrative-history		0	usr/share/doc/mios/manual/_harvest/Get_MiOS_ps1.md	mios-src:2b0184139248	111	1
Get-MiOS.ps1	608	608	1	4	af309d7fb514	STAY	local-scoped		0				0
Get-MiOS.ps1	628	634	7	66	36c2e403f349	MIGRATE	narrative-history		0	usr/share/doc/mios/manual/_harvest/Get_MiOS_ps1.md	mios-src:36c2e403f349	66	1
Get-MiOS.ps1	636	643	8	66	2927a88cbcc0	MIGRATE	narrative-history		0	usr/share/doc/mios/manual/_harvest/Get_MiOS_ps1.md	mios-src:2927a88cbcc0	66	1
Get-MiOS.ps1	643	644	2	14	b23b952037f7	STAY	local-scoped		0				0
Get-MiOS.ps1	653	653	1	8	6b08a712f260	STAY	local-scoped		0				0
Get-MiOS.ps1	654	661	8	80	fa3f1731f18d	MIGRATE	narrative-rationale		0	usr/share/doc/mios/manual/_harvest/Get_MiOS_ps1.md	mios-src:fa3f1731f18d	80	1
Get-MiOS.ps1	657	657	1	4	6daf16f033ab	STAY	local-scoped		0				0
Get-MiOS.ps1	667	669	3	24	a1cbb05d7e46	STAY	midsize-why		0				0
Get-MiOS.ps1	681	681	1	5	49a779c4575f	DROP	banner		0				0
Get-MiOS.ps1	688	689	2	20	ee6d6dbb2f17	STAY	local-scoped		0				0
Get-MiOS.ps1	692	692	1	11	359c359a74c7	STAY	local-scoped		0				0
Get-MiOS.ps1	698	698	1	12	a55fe6ec7630	STAY	local-scoped		0				0
Get-MiOS.ps1	704	704	1	2	3b6e7b1abd82	STAY	inline-scoped		0				0
Get-MiOS.ps1	705	705	1	3	d685afbeacef	STAY	inline-scoped		0				0
Get-MiOS.ps1	708	710	3	32	3fd55e3ff302	STAY	midsize-why		0				0
Get-MiOS.ps1	715	716	2	26	4b1ac73577e1	STAY	midsize-why		0				0
Get-MiOS.ps1	720	721	2	17	77aadef69539	STAY	local-scoped		0				0
Get-MiOS.ps1	745	745	1	2	1c0a7e132662	STAY	local-scoped		0				0
Get-MiOS.ps1	777	784	8	73	3c5769a46ff8	MIGRATE	narrative-history		0	usr/share/doc/mios/manual/_harvest/Get_MiOS_ps1.md	mios-src:3c5769a46ff8	73	1
Get-MiOS.ps1	785	785	1	8	991567c2f645	STAY	local-scoped		0				0
Get-MiOS.ps1	786	795	10	98	56ffc4814e0c	MIGRATE	narrative-history		0	usr/share/doc/mios/manual/_harvest/Get_MiOS_ps1.md	mios-src:56ffc4814e0c	98	1
Get-MiOS.ps1	799	804	6	64	443d4fc9b954	MIGRATE	narrative-history		0	usr/share/doc/mios/manual/_harvest/Get_MiOS_ps1.md	mios-src:443d4fc9b954	64	1
Get-MiOS.ps1	815	820	6	56	c51fce9739ae	MIGRATE	narrative-history		0	usr/share/doc/mios/manual/_harvest/Get_MiOS_ps1.md	mios-src:c51fce9739ae	56	1
Get-MiOS.ps1	837	843	7	74	ef1cf89c72d2	MIGRATE	narrative-history		0	usr/share/doc/mios/manual/_harvest/Get_MiOS_ps1.md	mios-src:ef1cf89c72d2	74	1
Get-MiOS.ps1	849	856	8	67	3e7941ddecbc	MIGRATE	narrative-history		0	usr/share/doc/mios/manual/_harvest/Get_MiOS_ps1.md	mios-src:3e7941ddecbc	67	1
Get-MiOS.ps1	858	858	1	5	49a779c4575f	DROP	banner		0				0
Get-MiOS.ps1	876	878	3	25	87be27a5581b	STAY	midsize-why		0				0
Get-MiOS.ps1	892	902	11	98	70e295c69c04	MIGRATE	narrative-history		0	usr/share/doc/mios/manual/_harvest/Get_MiOS_ps1.md	mios-src:70e295c69c04	98	1
Get-MiOS.ps1	901	902	2	10	8179943297a2	STAY	local-scoped		0				0
Get-MiOS.ps1	929	930	2	22	0f4762b7ead6	STAY	local-scoped		0				0
Get-MiOS.ps1	937	938	2	15	4d6ed6b48244	STAY	local-scoped		0				0
Get-MiOS.ps1	953	955	3	27	2940a5f389a2	MIGRATE	midsize-narrative		0	usr/share/doc/mios/manual/_harvest/Get_MiOS_ps1.md	mios-src:2940a5f389a2	27	1
Get-MiOS.ps1	977	977	1	5	23d2efe4bf99	STAY	inline-scoped		0				0
Get-MiOS.ps1	981	981	1	1	b3c7ca1d6311	DROP	banner		0				0
Get-MiOS.ps1	982	982	1	1	80d3febd57ec	DROP	banner		0				0
Get-MiOS.ps1	983	983	1	1	28c21bb5d90f	DROP	banner		0				0
Get-MiOS.ps1	984	984	1	1	a4dae0113341	DROP	banner		0				0
Get-MiOS.ps1	984	1005	22	174	094710407b2e	MIGRATE	narrative-history		0	usr/share/doc/mios/manual/_harvest/Get_MiOS_ps1.md	mios-src:094710407b2e	174	1
Get-MiOS.ps1	985	985	1	1	b3c7ca1d6311	DROP	banner		0				0
Get-MiOS.ps1	986	986	1	1	742c925cc5d3	DROP	banner		0				0
Get-MiOS.ps1	987	987	1	1	30ceec6477dc	DROP	banner		0				0
Get-MiOS.ps1	988	988	1	1	a4dae0113341	DROP	banner		0				0
Get-MiOS.ps1	989	989	1	1	28c21bb5d90f	DROP	banner		0				0
Get-MiOS.ps1	990	990	1	1	1245bcd5a7b9	DROP	banner		0				0
Get-MiOS.ps1	991	991	1	1	efc73baf6415	DROP	banner		0				0
Get-MiOS.ps1	992	992	1	1	80d3febd57ec	DROP	banner		0				0
Get-MiOS.ps1	993	993	1	1	0019a44e379d	DROP	banner		0				0
Get-MiOS.ps1	994	994	1	1	8a327448607d	DROP	banner		0				0
Get-MiOS.ps1	995	995	1	1	349aa94a01f6	DROP	banner		0				0
Get-MiOS.ps1	996	996	1	1	d05357c3eca6	DROP	banner		0				0
Get-MiOS.ps1	997	997	1	1	fc83b9239bb4	DROP	banner		0				0
Get-MiOS.ps1	998	998	1	1	a4a70cb7197b	DROP	banner		0				0
Get-MiOS.ps1	999	999	1	1	175973818443	DROP	banner		0				0
Get-MiOS.ps1	1000	1000	1	1	6e769235e038	DROP	banner		0				0
Get-MiOS.ps1	1005	1009	5	52	ac7a17f516f3	STAY	midsize-why		0				0
Get-MiOS.ps1	1010	1014	5	37	a2fb7a0a0108	MIGRATE	midsize-narrative		0	usr/share/doc/mios/manual/_harvest/Get_MiOS_ps1.md	mios-src:a2fb7a0a0108	37	1
Get-MiOS.ps1	1021	1027	7	69	10b7ce9a5d41	MIGRATE	narrative-history		0	usr/share/doc/mios/manual/_harvest/Get_MiOS_ps1.md	mios-src:10b7ce9a5d41	69	1
Get-MiOS.ps1	1024	1024	1	9	150276cf7ce0	STAY	local-scoped		0				0
Get-MiOS.ps1	1032	1040	9	67	27c791a6ae2d	MIGRATE	narrative-history		0	usr/share/doc/mios/manual/_harvest/Get_MiOS_ps1.md	mios-src:27c791a6ae2d	67	1
Get-MiOS.ps1	1051	1054	4	36	81cb2b6b22ce	MIGRATE	midsize-narrative		0	usr/share/doc/mios/manual/_harvest/Get_MiOS_ps1.md	mios-src:81cb2b6b22ce	36	1
Get-MiOS.ps1	1060	1064	5	37	777d75b0b18a	MIGRATE	midsize-narrative		0	usr/share/doc/mios/manual/_harvest/Get_MiOS_ps1.md	mios-src:777d75b0b18a	37	1
Get-MiOS.ps1	1077	1086	10	97	56365e4ef5b8	MIGRATE	narrative-history		0	usr/share/doc/mios/manual/_harvest/Get_MiOS_ps1.md	mios-src:56365e4ef5b8	97	1
Get-MiOS.ps1	1088	1093	6	46	e05b22a8a82a	MIGRATE	narrative-rationale		0	usr/share/doc/mios/manual/_harvest/Get_MiOS_ps1.md	mios-src:e05b22a8a82a	46	1
Get-MiOS.ps1	1098	1104	7	68	2625a20c5994	MIGRATE	narrative-history		0	usr/share/doc/mios/manual/_harvest/Get_MiOS_ps1.md	mios-src:2625a20c5994	68	1
Get-MiOS.ps1	1112	1115	4	34	d9750db7ae91	MIGRATE	midsize-narrative		0	usr/share/doc/mios/manual/_harvest/Get_MiOS_ps1.md	mios-src:d9750db7ae91	34	1
Get-MiOS.ps1	1117	1119	3	24	da6491788695	STAY	midsize-why		0				0
Get-MiOS.ps1	1128	1133	6	46	0f4c7fdfe642	MIGRATE	narrative-history		0	usr/share/doc/mios/manual/_harvest/Get_MiOS_ps1.md	mios-src:0f4c7fdfe642	46	1
Get-MiOS.ps1	1135	1146	12	105	d9d118dd2374	MIGRATE	narrative-rationale		0	usr/share/doc/mios/manual/_harvest/Get_MiOS_ps1.md	mios-src:d9d118dd2374	105	1
Get-MiOS.ps1	1155	1170	16	164	6360c745a50f	MIGRATE	narrative-history		0	usr/share/doc/mios/manual/_harvest/Get_MiOS_ps1.md	mios-src:6360c745a50f	164	1
Get-MiOS.ps1	1177	1178	2	18	0b491b8bbdb5	STAY	local-scoped		0				0
Get-MiOS.ps1	1194	1201	8	69	54c69c26bb3d	MIGRATE	narrative-history		0	usr/share/doc/mios/manual/_harvest/Get_MiOS_ps1.md	mios-src:54c69c26bb3d	69	1
Get-MiOS.ps1	1202	1203	2	24	1d6fc6fadd65	STAY	local-scoped		0				0
Get-MiOS.ps1	1212	1222	11	86	0918c1ef809d	MIGRATE	narrative-history		0	usr/share/doc/mios/manual/_harvest/Get_MiOS_ps1.md	mios-src:0918c1ef809d	86	1
Get-MiOS.ps1	1225	1226	2	15	36673a4fa2ba	STAY	local-scoped		0				0
Get-MiOS.ps1	1243	1247	5	44	7740337a8547	STAY	midsize-why		0				0
Get-MiOS.ps1	1243	1287	45	399	cf2adc8ee86f	MIGRATE	narrative-history	adr-candidate	0	usr/share/doc/mios/manual/_harvest/Get_MiOS_ps1.md	mios-src:cf2adc8ee86f	399	1
Get-MiOS.ps1	1287	1287	1	8	afffa7ab5be9	STAY	local-scoped		0				0
Get-MiOS.ps1	1304	1306	3	22	19666d5e14fd	STAY	midsize-why		0				0
Get-MiOS.ps1	1305	1315	11	87	42354e7f078f	MIGRATE	narrative-history		0	usr/share/doc/mios/manual/_harvest/Get_MiOS_ps1.md	mios-src:42354e7f078f	87	1
Get-MiOS.ps1	1321	1327	7	54	b978023f0c73	MIGRATE	narrative-history		0	usr/share/doc/mios/manual/_harvest/Get_MiOS_ps1.md	mios-src:b978023f0c73	54	1
Get-MiOS.ps1	1330	1330	1	4	07313d0740c3	STAY	inline-scoped		0				0
Get-MiOS.ps1	1337	1339	3	25	ad43c77bee53	MIGRATE	midsize-narrative		0	usr/share/doc/mios/manual/_harvest/Get_MiOS_ps1.md	mios-src:ad43c77bee53	25	1
Get-MiOS.ps1	1349	1350	2	21	c974d53293c4	STAY	local-scoped		0				0
Get-MiOS.ps1	1354	1365	12	106	64764e21e4c7	MIGRATE	narrative-history		0	usr/share/doc/mios/manual/_harvest/Get_MiOS_ps1.md	mios-src:64764e21e4c7	106	1
Get-MiOS.ps1	1355	1359	5	38	3b2c1536b966	STAY	midsize-why		0				0
Get-MiOS.ps1	1370	1370	1	5	91060be1f3ca	STAY	local-scoped		0				0
Get-MiOS.ps1	1377	1378	2	13	eb2229d0f439	STAY	local-scoped		0				0
Get-MiOS.ps1	1384	1391	8	78	d277abbb6027	MIGRATE	narrative-history		0	usr/share/doc/mios/manual/_harvest/Get_MiOS_ps1.md	mios-src:d277abbb6027	78	1
Get-MiOS.ps1	1386	1387	2	18	5553861e38f9	STAY	local-scoped		0				0
Get-MiOS.ps1	1392	1393	2	13	c267e6bf93a0	STAY	local-scoped		0				0
Get-MiOS.ps1	1394	1396	3	25	15a625b2e5b2	MIGRATE	midsize-narrative		0	usr/share/doc/mios/manual/_harvest/Get_MiOS_ps1.md	mios-src:15a625b2e5b2	25	1
Get-MiOS.ps1	1409	1413	5	53	77a5471db875	MIGRATE	midsize-narrative		0	usr/share/doc/mios/manual/_harvest/Get_MiOS_ps1.md	mios-src:77a5471db875	53	1
Get-MiOS.ps1	1414	1415	2	21	7bbddd503682	STAY	local-scoped		0				0
Get-MiOS.ps1	1416	1433	18	135	3604382583c4	MIGRATE	narrative-rationale		0	usr/share/doc/mios/manual/_harvest/Get_MiOS_ps1.md	mios-src:3604382583c4	135	1
Get-MiOS.ps1	1420	1423	4	41	6f97804389c0	STAY	midsize-why		0				0
Get-MiOS.ps1	1425	1427	3	26	281c13ad5c6c	STAY	midsize-why		0				0
Get-MiOS.ps1	1435	1441	7	62	58ffff6bee92	MIGRATE	narrative-history		0	usr/share/doc/mios/manual/_harvest/Get_MiOS_ps1.md	mios-src:58ffff6bee92	62	1
Get-MiOS.ps1	1443	1451	9	89	502719282064	MIGRATE	narrative-history		0	usr/share/doc/mios/manual/_harvest/Get_MiOS_ps1.md	mios-src:502719282064	89	1
Get-MiOS.ps1	1444	1444	1	5	23d2efe4bf99	STAY	inline-scoped		0				0
Get-MiOS.ps1	1449	1449	1	1	b3c7ca1d6311	DROP	banner		0				0
Get-MiOS.ps1	1450	1450	1	1	80d3febd57ec	DROP	banner		0				0
Get-MiOS.ps1	1451	1451	1	1	a4dae0113341	DROP	banner		0				0
Get-MiOS.ps1	1452	1452	1	1	28c21bb5d90f	DROP	banner		0				0
Get-MiOS.ps1	1453	1453	1	1	b3c7ca1d6311	DROP	banner		0				0
Get-MiOS.ps1	1454	1454	1	1	742c925cc5d3	DROP	banner		0				0
Get-MiOS.ps1	1455	1455	1	1	30ceec6477dc	DROP	banner		0				0
Get-MiOS.ps1	1456	1456	1	1	a4dae0113341	DROP	banner		0				0
Get-MiOS.ps1	1457	1457	1	1	28c21bb5d90f	DROP	banner		0				0
Get-MiOS.ps1	1458	1458	1	1	1245bcd5a7b9	DROP	banner		0				0
Get-MiOS.ps1	1459	1459	1	1	efc73baf6415	DROP	banner		0				0
Get-MiOS.ps1	1460	1460	1	1	80d3febd57ec	DROP	banner		0				0
Get-MiOS.ps1	1461	1461	1	1	0019a44e379d	DROP	banner		0				0
Get-MiOS.ps1	1462	1462	1	1	8a327448607d	DROP	banner		0				0
Get-MiOS.ps1	1463	1463	1	1	349aa94a01f6	DROP	banner		0				0
Get-MiOS.ps1	1464	1464	1	1	d05357c3eca6	DROP	banner		0				0
Get-MiOS.ps1	1465	1465	1	1	fc83b9239bb4	DROP	banner		0				0
Get-MiOS.ps1	1466	1466	1	1	a4a70cb7197b	DROP	banner		0				0
Get-MiOS.ps1	1467	1467	1	1	175973818443	DROP	banner		0				0
Get-MiOS.ps1	1468	1468	1	1	6e769235e038	DROP	banner		0				0
Get-MiOS.ps1	1500	1501	2	19	ee9e941df584	STAY	local-scoped		0				0
Get-MiOS.ps1	1520	1530	11	84	6f3447f325a5	MIGRATE	narrative-history		0	usr/share/doc/mios/manual/_harvest/Get_MiOS_ps1.md	mios-src:6f3447f325a5	84	1
Get-MiOS.ps1	1521	1521	1	6	d3c60413e38e	STAY	local-scoped		0				0
Get-MiOS.ps1	1532	1534	3	26	f6ff6be699e3	MIGRATE	midsize-narrative		0	usr/share/doc/mios/manual/_harvest/Get_MiOS_ps1.md	mios-src:f6ff6be699e3	26	1
Get-MiOS.ps1	1536	1536	1	1	ca8e550fa0e9	DROP	banner		0				0
Get-MiOS.ps1	1537	1537	1	3	1470779791c5	DROP	commented-out-code		0				0
Get-MiOS.ps1	1538	1538	1	1	ca8e550fa0e9	DROP	banner		0				0
Get-MiOS.ps1	1544	1548	5	43	3539859a35fa	STAY	midsize-why		0				0
Get-MiOS.ps1	1559	1572	14	88	3c2f4f35da32	MIGRATE	narrative-history		0	usr/share/doc/mios/manual/_harvest/Get_MiOS_ps1.md	mios-src:3c2f4f35da32	88	1
Get-MiOS.ps1	1585	1585	1	4	e73b38f183c0	STAY	inline-scoped		0				0
Get-MiOS.ps1	1600	1604	5	38	71709ebeffd2	STAY	midsize-why		0				0
Get-MiOS.ps1	1610	1610	1	8	539220fa9c9d	STAY	local-scoped		0				0
Get-MiOS.ps1	1613	1613	1	11	7de6402380c4	STAY	local-scoped		0				0
Get-MiOS.ps1	1613	1618	6	57	2d880d8138ff	MIGRATE	narrative-history		0	usr/share/doc/mios/manual/_harvest/Get_MiOS_ps1.md	mios-src:2d880d8138ff	57	1
Get-MiOS.ps1	1616	1617	2	15	644c6e06f342	STAY	local-scoped		0				0
Get-MiOS.ps1	1648	1649	2	11	7c4c7c28acf3	STAY	local-scoped		0				0
Get-MiOS.ps1	1651	1652	2	16	654835d47e35	STAY	local-scoped		0				0
Get-MiOS.ps1	1655	1657	3	19	77768ab64c5a	STAY	midsize-why		0				0
Get-MiOS.ps1	1656	1670	15	114	2f39901f8939	MIGRATE	narrative-history		0	usr/share/doc/mios/manual/_harvest/Get_MiOS_ps1.md	mios-src:2f39901f8939	114	1
Get-MiOS.ps1	1661	1662	2	20	610a61bb4db0	STAY	local-scoped		0				0
Get-MiOS.ps1	1669	1672	4	36	55292dbf7e28	STAY	midsize-why		0				0
Get-MiOS.ps1	1675	1675	1	2	7321ae926241	STAY	local-scoped		0				0
Get-MiOS.ps1	1694	1696	3	21	3e24aec83cba	MIGRATE	midsize-narrative		0	usr/share/doc/mios/manual/_harvest/Get_MiOS_ps1.md	mios-src:3e24aec83cba	21	1
Get-MiOS.ps1	1696	1700	5	48	400636efdd4f	STAY	midsize-why		0				0
Get-MiOS.ps1	1706	1706	1	2	500ca545b3a6	STAY	local-scoped		0				0
Get-MiOS.ps1	1725	1726	2	16	870a5d77d1a1	STAY	local-scoped		0				0
Get-MiOS.ps1	1739	1742	4	43	554ed95f04ae	STAY	midsize-why		0				0
Get-MiOS.ps1	1744	1748	5	51	8f21efc6e7ad	MIGRATE	midsize-narrative		0	usr/share/doc/mios/manual/_harvest/Get_MiOS_ps1.md	mios-src:8f21efc6e7ad	51	1
Get-MiOS.ps1	1753	1754	2	20	bc01bff7f8c9	STAY	local-scoped		0				0
Get-MiOS.ps1	1760	1765	6	53	ab4656f72f13	MIGRATE	narrative-rationale		0	usr/share/doc/mios/manual/_harvest/Get_MiOS_ps1.md	mios-src:ab4656f72f13	53	1
Get-MiOS.ps1	1764	1766	3	23	8f12db47c3c0	STAY	midsize-why		0				0
Get-MiOS.ps1	1781	1783	3	22	27e147548e06	STAY	midsize-why		0				0
Get-MiOS.ps1	1795	1795	1	5	b2ea3a555993	STAY	local-scoped		0				0
Get-MiOS.ps1	1811	1812	2	19	67b17c4b623a	STAY	local-scoped		0				0
Get-MiOS.ps1	1813	1834	22	145	bd016a5062b6	MIGRATE	narrative-history		0	usr/share/doc/mios/manual/_harvest/Get_MiOS_ps1.md	mios-src:bd016a5062b6	145	1
Get-MiOS.ps1	1815	1817	3	27	ceac35dec768	STAY	midsize-why		0				0
Get-MiOS.ps1	1833	1833	1	5	75954915df6c	STAY	local-scoped		0				0
Get-MiOS.ps1	1889	1895	7	45	47ddf1beb043	MIGRATE	narrative-rationale		0	usr/share/doc/mios/manual/_harvest/Get_MiOS_ps1.md	mios-src:47ddf1beb043	45	1
Get-MiOS.ps1	1891	1894	4	27	ed3db8454f89	STAY	midsize-why		0				0
Get-MiOS.ps1	1898	1900	3	26	02f9e8c9f099	STAY	midsize-why		0				0
Get-MiOS.ps1	1915	1915	1	10	735d18e3db2d	STAY	inline-scoped		0				0
Get-MiOS.ps1	1926	1927	2	18	4a19de40a507	STAY	local-scoped		0				0
Get-MiOS.ps1	1933	1935	3	30	43ad5696f3ce	STAY	midsize-why		0				0
Get-MiOS.ps1	1946	1949	4	37	b32d5ce7ebdb	STAY	midsize-why		0				0
Get-MiOS.ps1	1953	1962	10	90	b5a575f427ee	MIGRATE	narrative-history		0	usr/share/doc/mios/manual/_harvest/Get_MiOS_ps1.md	mios-src:b5a575f427ee	90	1
Get-MiOS.ps1	1955	1956	2	13	b8a2e7ed322e	STAY	local-scoped		0				0
Get-MiOS.ps1	1970	1974	5	38	b1c5a6a92c93	STAY	midsize-why		0				0
Get-MiOS.ps1	1981	1982	2	19	2fb3264a3150	STAY	local-scoped		0				0
Get-MiOS.ps1	1992	1994	3	27	72fdafe5116b	MIGRATE	midsize-narrative		0	usr/share/doc/mios/manual/_harvest/Get_MiOS_ps1.md	mios-src:72fdafe5116b	27	1
Get-MiOS.ps1	2004	2006	3	24	7baf6fa322f4	STAY	midsize-why		0				0
Get-MiOS.ps1	2020	2021	2	13	1c7d2af0b8b9	STAY	local-scoped		0				0
Get-MiOS.ps1	2022	2024	3	28	f9911bb72589	MIGRATE	midsize-narrative		0	usr/share/doc/mios/manual/_harvest/Get_MiOS_ps1.md	mios-src:f9911bb72589	28	1
Get-MiOS.ps1	2026	2026	1	8	24c950b3cd82	STAY	inline-scoped		0				0
Get-MiOS.ps1	2027	2034	8	80	7e4c8b067a5a	MIGRATE	narrative-rationale		0	usr/share/doc/mios/manual/_harvest/Get_MiOS_ps1.md	mios-src:7e4c8b067a5a	80	1
Get-MiOS.ps1	2040	2040	1	10	1638bc657fcb	STAY	local-scoped		0				0
Get-MiOS.ps1	2045	2045	1	3	9a9188225175	DROP	banner		0				0
Get-MiOS.ps1	2057	2057	1	8	25db22818968	STAY	local-scoped		0				0
Get-MiOS.ps1	2067	2083	17	144	68883d89edd4	MIGRATE	narrative-history		0	usr/share/doc/mios/manual/_harvest/Get_MiOS_ps1.md	mios-src:68883d89edd4	144	1
Get-MiOS.ps1	2097	2099	3	24	199325890402	STAY	midsize-why		0				0
Get-MiOS.ps1	2118	2118	1	8	3babfc10ae04	STAY	local-scoped		0				0
Get-MiOS.ps1	2120	2136	17	141	ca4e79dc5a16	MIGRATE	narrative-history		0	usr/share/doc/mios/manual/_harvest/Get_MiOS_ps1.md	mios-src:ca4e79dc5a16	141	1
Get-MiOS.ps1	2131	2135	5	42	2b520a388657	STAY	midsize-why		0				0
Get-MiOS.ps1	2139	2160	22	192	c24366ea9a59	MIGRATE	narrative-history		0	usr/share/doc/mios/manual/_harvest/Get_MiOS_ps1.md	mios-src:c24366ea9a59	192	1
Get-MiOS.ps1	2148	2148	1	11	c3cbeeb68f17	STAY	local-scoped		0				0
Get-MiOS.ps1	2182	2189	8	74	48a4ba0d0642	MIGRATE	narrative-rationale		0	usr/share/doc/mios/manual/_harvest/Get_MiOS_ps1.md	mios-src:48a4ba0d0642	74	1
Get-MiOS.ps1	2191	2193	3	29	f2080d83f7d7	STAY	midsize-why		0				0
Get-MiOS.ps1	2192	2200	9	82	06d557dd77cf	MIGRATE	narrative-history		0	usr/share/doc/mios/manual/_harvest/Get_MiOS_ps1.md	mios-src:06d557dd77cf	82	1
Get-MiOS.ps1	2203	2207	5	43	8ca5c82f8612	MIGRATE	midsize-narrative		0	usr/share/doc/mios/manual/_harvest/Get_MiOS_ps1.md	mios-src:8ca5c82f8612	43	1
Get-MiOS.ps1	2214	2225	12	113	4a90f1eb749c	MIGRATE	narrative-history		0	usr/share/doc/mios/manual/_harvest/Get_MiOS_ps1.md	mios-src:4a90f1eb749c	113	1
Get-MiOS.ps1	2235	2238	4	31	551e05ff8f12	STAY	midsize-why		0				0
Get-MiOS.ps1	2255	2268	14	123	513a1884c076	MIGRATE	narrative-history		0	usr/share/doc/mios/manual/_harvest/Get_MiOS_ps1.md	mios-src:513a1884c076	123	1
Get-MiOS.ps1	2270	2273	4	27	05274fe1c9b3	MIGRATE	midsize-narrative		0	usr/share/doc/mios/manual/_harvest/Get_MiOS_ps1.md	mios-src:05274fe1c9b3	27	1
Get-MiOS.ps1	2289	2300	12	98	5cdd952d723b	MIGRATE	narrative-history		0	usr/share/doc/mios/manual/_harvest/Get_MiOS_ps1.md	mios-src:5cdd952d723b	98	1
Get-MiOS.ps1	2329	2332	4	24	265a64577413	STAY	midsize-why		0				0
Get-MiOS.ps1	2336	2339	4	35	261433972add	STAY	midsize-why		0				0
Get-MiOS.ps1	2341	2341	1	2	a481139c89b2	DROP	banner		0				0
Get-MiOS.ps1	2345	2362	18	154	fc8f88065644	MIGRATE	narrative-history		0	usr/share/doc/mios/manual/_harvest/Get_MiOS_ps1.md	mios-src:fc8f88065644	154	1
Get-MiOS.ps1	2368	2377	10	91	a8ac96e1d228	MIGRATE	narrative-history		0	usr/share/doc/mios/manual/_harvest/Get_MiOS_ps1.md	mios-src:a8ac96e1d228	91	1
Get-MiOS.ps1	2380	2390	11	88	f5f35a64a1af	MIGRATE	narrative-history		0	usr/share/doc/mios/manual/_harvest/Get_MiOS_ps1.md	mios-src:f5f35a64a1af	88	1
Get-MiOS.ps1	2384	2384	1	8	764e10763971	STAY	local-scoped		0				0
Get-MiOS.ps1	2402	2409	8	69	468522cf4252	MIGRATE	narrative-history		0	usr/share/doc/mios/manual/_harvest/Get_MiOS_ps1.md	mios-src:468522cf4252	69	1
Get-MiOS.ps1	2416	2416	1	7	d7efcff44ab3	STAY	local-scoped		0				0
Get-MiOS.ps1	2417	2420	4	31	b522cb00d7fd	MIGRATE	midsize-narrative		0	usr/share/doc/mios/manual/_harvest/Get_MiOS_ps1.md	mios-src:b522cb00d7fd	31	1
Get-MiOS.ps1	2443	2443	1	8	c066d9de6d00	STAY	local-scoped		0				0
Get-MiOS.ps1	2446	2456	11	100	e59937c77af1	MIGRATE	narrative-rationale		0	usr/share/doc/mios/manual/_harvest/Get_MiOS_ps1.md	mios-src:e59937c77af1	100	1
Get-MiOS.ps1	2473	2474	2	18	cd4c75d9f954	STAY	local-scoped		0				0
Get-MiOS.ps1	2473	2479	7	62	dd6ab125b9e2	MIGRATE	narrative-history		0	usr/share/doc/mios/manual/_harvest/Get_MiOS_ps1.md	mios-src:dd6ab125b9e2	62	1
Get-MiOS.ps1	2478	2480	3	23	2cec634d9ff3	STAY	midsize-why		0				0
Get-MiOS.ps1	2493	2496	4	24	014e2ea05cd0	STAY	midsize-why		0				0
Get-MiOS.ps1	2502	2509	8	59	92d95ef966ad	MIGRATE	narrative-rationale		0	usr/share/doc/mios/manual/_harvest/Get_MiOS_ps1.md	mios-src:92d95ef966ad	59	1
Get-MiOS.ps1	2514	2515	2	15	2ff1b2f31f1b	STAY	local-scoped		0				0
Get-MiOS.ps1	2537	2551	15	119	1842db5d85f4	MIGRATE	narrative-history		0	usr/share/doc/mios/manual/_harvest/Get_MiOS_ps1.md	mios-src:1842db5d85f4	119	1
Get-MiOS.ps1	2539	2540	2	13	cd8b05a9de9b	STAY	local-scoped		0				0
Get-MiOS.ps1	2549	2549	1	3	38140d059950	STAY	inline-scoped		0				0
Get-MiOS.ps1	2550	2550	1	3	58954bce6c5a	STAY	inline-scoped		0				0
Get-MiOS.ps1	2562	2565	4	33	d4482d251a02	STAY	midsize-why		0				0
Get-MiOS.ps1	2576	2590	15	104	ef600b96fa8c	MIGRATE	narrative-rationale		0	usr/share/doc/mios/manual/_harvest/Get_MiOS_ps1.md	mios-src:ef600b96fa8c	104	1
Get-MiOS.ps1	2596	2598	3	25	6774e94a4bc3	STAY	midsize-why		0				0
Get-MiOS.ps1	2602	2602	1	8	fcea150cc86a	STAY	local-scoped		0				0
Get-MiOS.ps1	2611	2616	6	57	6a821546868c	MIGRATE	narrative-rationale		0	usr/share/doc/mios/manual/_harvest/Get_MiOS_ps1.md	mios-src:6a821546868c	57	1
Get-MiOS.ps1	2615	2618	4	30	2b9131ee763e	STAY	midsize-why		0				0
Get-MiOS.ps1	2639	2649	11	91	211242bb3393	MIGRATE	narrative-rationale		0	usr/share/doc/mios/manual/_harvest/Get_MiOS_ps1.md	mios-src:211242bb3393	91	1
Get-MiOS.ps1	2681	2686	6	52	79c0635b523c	MIGRATE	narrative-history		0	usr/share/doc/mios/manual/_harvest/Get_MiOS_ps1.md	mios-src:79c0635b523c	52	1
Get-MiOS.ps1	2696	2705	10	96	51a818bf8e15	MIGRATE	narrative-history		0	usr/share/doc/mios/manual/_harvest/Get_MiOS_ps1.md	mios-src:51a818bf8e15	96	1
Get-MiOS.ps1	2699	2699	1	8	eb0de822c575	STAY	local-scoped		0				0
Get-MiOS.ps1	2707	2708	2	15	06cf5c8264ea	STAY	local-scoped		0				0
Get-MiOS.ps1	2710	2715	6	29	fe473714f205	MIGRATE	narrative-history		0	usr/share/doc/mios/manual/_harvest/Get_MiOS_ps1.md	mios-src:fe473714f205	29	1
Get-MiOS.ps1	2716	2719	4	34	f2b8cf462a8c	STAY	midsize-why		0				0
Get-MiOS.ps1	2722	2725	4	38	343242e79d3a	MIGRATE	midsize-narrative		0	usr/share/doc/mios/manual/_harvest/Get_MiOS_ps1.md	mios-src:343242e79d3a	38	1
Get-MiOS.ps1	2742	2748	7	53	0e925fa1e32d	MIGRATE	narrative-history		0	usr/share/doc/mios/manual/_harvest/Get_MiOS_ps1.md	mios-src:0e925fa1e32d	53	1
Get-MiOS.ps1	2752	2752	1	6	de6d0ba748a7	STAY	local-scoped		0				0
Get-MiOS.ps1	2761	2767	7	53	a88c33b9a320	MIGRATE	narrative-history		0	usr/share/doc/mios/manual/_harvest/Get_MiOS_ps1.md	mios-src:a88c33b9a320	53	1
Get-MiOS.ps1	2769	2770	2	16	f912c4555327	STAY	local-scoped		0				0
Get-MiOS.ps1	2772	2772	1	5	85104fbe90d0	STAY	inline-scoped		0				0
Get-MiOS.ps1	2773	2773	1	6	371f22449de2	STAY	local-scoped		0				0
Get-MiOS.ps1	2775	2776	2	22	f696df4d1e31	STAY	local-scoped		0				0
Get-MiOS.ps1	2780	2784	5	40	17dabf990d7f	STAY	midsize-why		0				0
Get-MiOS.ps1	2792	2792	1	2	9dbd89a34945	STAY	local-scoped		0				0
Get-MiOS.ps1	2800	2810	11	69	5cbe00b61264	MIGRATE	narrative-history		0	usr/share/doc/mios/manual/_harvest/Get_MiOS_ps1.md	mios-src:5cbe00b61264	69	1
Get-MiOS.ps1	2804	2804	1	12	1e8bbb826af2	STAY	local-scoped		0				0
Get-MiOS.ps1	2820	2820	1	1	99b8632dc66b	STAY	local-scoped		0				0
Get-MiOS.ps1	2901	2937	37	325	c82d38238c60	MIGRATE	narrative-history	adr-candidate	0	usr/share/doc/mios/manual/_harvest/Get_MiOS_ps1.md	mios-src:c82d38238c60	325	1
Get-MiOS.ps1	2919	2922	4	30	11bb8b072b0e	STAY	midsize-why		0				0
Get-MiOS.ps1	2940	2951	12	98	cda6204b9040	MIGRATE	narrative-history		0	usr/share/doc/mios/manual/_harvest/Get_MiOS_ps1.md	mios-src:cda6204b9040	98	1
Get-MiOS.ps1	2941	2941	1	10	7cf458a8caea	STAY	local-scoped		0				0
Get-MiOS.ps1	2958	2958	1	7	e34e8fb41804	STAY	local-scoped		0				0
Get-MiOS.ps1	2978	2980	3	22	dfe9984ca360	STAY	midsize-why		0				0
Get-MiOS.ps1	2979	2985	7	63	02d664fc05f1	MIGRATE	narrative-rationale		0	usr/share/doc/mios/manual/_harvest/Get_MiOS_ps1.md	mios-src:02d664fc05f1	63	1
Get-MiOS.ps1	3069	3076	8	56	66da70192690	MIGRATE	narrative-history		0	usr/share/doc/mios/manual/_harvest/Get_MiOS_ps1.md	mios-src:66da70192690	56	1
Get-MiOS.ps1	3079	3079	1	2	f382c2ff1524	STAY	local-scoped		0				0
Get-MiOS.ps1	3108	3108	1	5	e2c27515e9e6	STAY	local-scoped		0				0
Get-MiOS.ps1	3124	3141	18	142	6d77937736f2	MIGRATE	narrative-history		0	usr/share/doc/mios/manual/_harvest/Get_MiOS_ps1.md	mios-src:6d77937736f2	142	1
Get-MiOS.ps1	3136	3137	2	13	37ec52997bfb	STAY	local-scoped		0				0
Get-MiOS.ps1	3148	3149	2	18	eda8c0569d65	STAY	local-scoped		0				0
Get-MiOS.ps1	3160	3162	3	21	c199b14f6ce0	STAY	midsize-why		0				0
Get-MiOS.ps1	3180	3213	34	238	36c8751f33bd	MIGRATE	narrative-history		0	usr/share/doc/mios/manual/_harvest/Get_MiOS_ps1.md	mios-src:36c8751f33bd	238	1
Get-MiOS.ps1	3188	3188	1	5	648daf2642c0	STAY	local-scoped		0				0
Get-MiOS.ps1	3232	3241	10	87	6e1f6e541e97	MIGRATE	narrative-history		0	usr/share/doc/mios/manual/_harvest/Get_MiOS_ps1.md	mios-src:6e1f6e541e97	87	1
Get-MiOS.ps1	3240	3244	5	49	a344c3d71a96	STAY	midsize-why		0				0
Get-MiOS.ps1	3261	3291	31	196	12cb66ed71e3	MIGRATE	narrative-history		0	usr/share/doc/mios/manual/_harvest/Get_MiOS_ps1.md	mios-src:12cb66ed71e3	196	1
Get-MiOS.ps1	3287	3287	1	9	7caa4c05de16	STAY	local-scoped		0				0
Get-MiOS.ps1	3297	3298	2	15	e3bcea7823a2	STAY	local-scoped		0				0
Get-MiOS.ps1	3305	3311	7	64	3187455241fb	MIGRATE	narrative-rationale		0	usr/share/doc/mios/manual/_harvest/Get_MiOS_ps1.md	mios-src:3187455241fb	64	1
Get-MiOS.ps1	3323	3323	1	6	48651560415a	STAY	local-scoped		0				0
Get-MiOS.ps1	3355	3375	21	127	85c9055ad033	MIGRATE	narrative-history		0	usr/share/doc/mios/manual/_harvest/Get_MiOS_ps1.md	mios-src:85c9055ad033	127	1
Get-MiOS.ps1	3379	3379	1	4	f003166b8f79	STAY	local-scoped		0				0
Get-MiOS.ps1	3410	3410	1	7	f377b87b3a66	STAY	local-scoped		0				0
Get-MiOS.ps1	3431	3431	1	7	5ba428d59ef8	STAY	local-scoped		0				0
Get-MiOS.ps1	3435	3437	3	28	2c92635c1c5a	STAY	midsize-why		0				0
Get-MiOS.ps1	3456	3461	6	49	e7e1713aa48f	MIGRATE	narrative-history		0	usr/share/doc/mios/manual/_harvest/Get_MiOS_ps1.md	mios-src:e7e1713aa48f	49	1
Get-MiOS.ps1	3468	3468	1	4	aa523e830638	STAY	local-scoped		0				0
Get-MiOS.ps1	3487	3496	10	79	fa9deff73bf0	MIGRATE	narrative-rationale		0	usr/share/doc/mios/manual/_harvest/Get_MiOS_ps1.md	mios-src:fa9deff73bf0	79	1
Get-MiOS.ps1	3495	3495	1	4	a6e2f4b65bc2	STAY	inline-scoped		0				0
Get-MiOS.ps1	3496	3496	1	5	4c7a110f15b1	STAY	inline-scoped		0				0
Get-MiOS.ps1	3520	3523	4	36	bb34a542ebc2	MIGRATE	midsize-narrative		0	usr/share/doc/mios/manual/_harvest/Get_MiOS_ps1.md	mios-src:bb34a542ebc2	36	1
Get-MiOS.ps1	3547	3547	1	3	79d84c4adebf	STAY	local-scoped		0				0
Get-MiOS.ps1	3549	3549	1	3	bd8107dadf0b	STAY	local-scoped		0				0
Get-MiOS.ps1	3557	3559	3	20	bd4b101f8f80	MIGRATE	midsize-narrative		0	usr/share/doc/mios/manual/_harvest/Get_MiOS_ps1.md	mios-src:bd4b101f8f80	20	1
Get-MiOS.ps1	3558	3560	3	27	0fbd3ea5c1d6	STAY	midsize-why		0				0
Get-MiOS.ps1	3569	3574	6	58	a2823b2e7635	MIGRATE	narrative-rationale		0	usr/share/doc/mios/manual/_harvest/Get_MiOS_ps1.md	mios-src:a2823b2e7635	58	1
Get-MiOS.ps1	3581	3583	3	27	f72df4ef1f21	STAY	midsize-why		0				0
Get-MiOS.ps1	3588	3597	10	84	51f7e92b0d9a	MIGRATE	narrative-history		0	usr/share/doc/mios/manual/_harvest/Get_MiOS_ps1.md	mios-src:51f7e92b0d9a	84	1
Get-MiOS.ps1	3595	3597	3	22	7eeaba37cba2	STAY	midsize-why		0				0
Get-MiOS.ps1	3611	3612	2	20	7ab1e5c56294	STAY	local-scoped		0				0
Get-MiOS.ps1	3649	3654	6	53	3a58f5281b1f	MIGRATE	narrative-history		0	usr/share/doc/mios/manual/_harvest/Get_MiOS_ps1.md	mios-src:3a58f5281b1f	53	1
Get-MiOS.ps1	3672	3672	1	12	b73f0804b2af	STAY	local-scoped		0				0
Get-MiOS.ps1	3674	3682	9	92	e869e467289e	MIGRATE	narrative-history		0	usr/share/doc/mios/manual/_harvest/Get_MiOS_ps1.md	mios-src:e869e467289e	92	1
Get-MiOS.ps1	3681	3682	2	18	977c6bbf9611	STAY	local-scoped		0				0
Get-MiOS.ps1	3686	3691	6	42	0cbe9379632f	MIGRATE	narrative-history		0	usr/share/doc/mios/manual/_harvest/Get_MiOS_ps1.md	mios-src:0cbe9379632f	42	1
Get-MiOS.ps1	3695	3700	6	56	4f2ccf770c05	MIGRATE	narrative-history		0	usr/share/doc/mios/manual/_harvest/Get_MiOS_ps1.md	mios-src:4f2ccf770c05	56	1
Get-MiOS.ps1	3703	3703	1	5	8a6e0208186d	STAY	local-scoped		0				0
Get-MiOS.ps1	3703	3710	8	71	0bb2493b0c57	MIGRATE	narrative-history		0	usr/share/doc/mios/manual/_harvest/Get_MiOS_ps1.md	mios-src:0bb2493b0c57	71	1
Get-MiOS.ps1	3711	3712	2	17	6c3e99fee295	STAY	local-scoped		0				0
Get-MiOS.ps1	3721	3726	6	57	71b1918c52a6	MIGRATE	narrative-history		0	usr/share/doc/mios/manual/_harvest/Get_MiOS_ps1.md	mios-src:71b1918c52a6	57	1
Get-MiOS.ps1	3782	3791	10	76	bb11ccac7329	MIGRATE	narrative-history		0	usr/share/doc/mios/manual/_harvest/Get_MiOS_ps1.md	mios-src:bb11ccac7329	76	1
Get-MiOS.ps1	3793	3798	6	43	1c6ff969906d	MIGRATE	narrative-history		0	usr/share/doc/mios/manual/_harvest/Get_MiOS_ps1.md	mios-src:1c6ff969906d	43	1
Get-MiOS.ps1	3808	3808	1	7	e62f6d91b234	STAY	local-scoped		0				0
Get-MiOS.ps1	3813	3830	18	140	a58a80b19583	MIGRATE	narrative-history		0	usr/share/doc/mios/manual/_harvest/Get_MiOS_ps1.md	mios-src:a58a80b19583	140	1
Get-MiOS.ps1	3816	3818	3	30	2c8440d6dea8	STAY	midsize-why		0				0
Get-MiOS.ps1	3844	3844	1	11	7a8105d0244b	STAY	local-scoped		0				0
Get-MiOS.ps1	3876	3877	2	16	c5fbc01147f7	STAY	local-scoped		0				0
Get-MiOS.ps1	3882	3884	3	25	2afa3bc5581b	STAY	midsize-why		0				0
Get-MiOS.ps1	3898	3898	1	10	ebff034a72b8	STAY	local-scoped		0				0
Get-MiOS.ps1	3908	3908	1	7	fc36aaca4809	STAY	local-scoped		0				0
Get-MiOS.ps1	3961	3961	1	3	f886eaaad941	STAY	local-scoped		0				0
Get-MiOS.ps1	3969	3969	1	10	6db693b9db3e	STAY	local-scoped		0				0
Get-MiOS.ps1	3976	3976	1	5	5a6d33a8e97d	STAY	local-scoped		0				0
Get-MiOS.ps1	3995	4007	13	106	ba1dda753b39	MIGRATE	narrative-history		0	usr/share/doc/mios/manual/_harvest/Get_MiOS_ps1.md	mios-src:ba1dda753b39	106	1
Get-MiOS.ps1	3998	4000	3	30	c6744103efb3	STAY	midsize-why		0				0
Get-MiOS.ps1	4011	4011	1	10	1ee907f33a40	STAY	local-scoped		0				0
Get-MiOS.ps1	4033	4043	11	59	81af7065bbf6	MIGRATE	narrative-history		0	usr/share/doc/mios/manual/_harvest/Get_MiOS_ps1.md	mios-src:81af7065bbf6	59	1
Get-MiOS.ps1	4051	4051	1	7	751f0562346c	STAY	local-scoped		0				0
Get-MiOS.ps1	4080	4080	1	7	39973c63bb92	STAY	inline-scoped		0				0
Get-MiOS.ps1	4081	4081	1	7	8c4b24c00488	STAY	inline-scoped		0				0
Get-MiOS.ps1	4085	4087	3	23	c746e415640d	MIGRATE	midsize-narrative		0	usr/share/doc/mios/manual/_harvest/Get_MiOS_ps1.md	mios-src:c746e415640d	23	1
Get-MiOS.ps1	4091	4091	1	10	bbf13731979f	STAY	local-scoped		0				0
Get-MiOS.ps1	4108	4122	15	106	3a5f4b913efc	MIGRATE	narrative-history		0	usr/share/doc/mios/manual/_harvest/Get_MiOS_ps1.md	mios-src:3a5f4b913efc	106	1
Get-MiOS.ps1	4111	4111	1	12	813d46cbe2cd	STAY	local-scoped		0				0
Get-MiOS.ps1	4127	4127	1	5	e10d695a8962	STAY	local-scoped		0				0
Get-MiOS.ps1	4134	4134	1	10	cf04f142c018	STAY	local-scoped		0				0
Get-MiOS.ps1	4177	4177	1	4	62047bcc010b	STAY	local-scoped		0				0
Get-MiOS.ps1	4188	4188	1	7	9ca9db21b0a5	STAY	local-scoped		0				0
Get-MiOS.ps1	4195	4200	6	42	49255ef7ec38	MIGRATE	narrative-rationale		0	usr/share/doc/mios/manual/_harvest/Get_MiOS_ps1.md	mios-src:49255ef7ec38	42	1
Get-MiOS.ps1	4207	4207	1	8	3186cf4359e6	STAY	local-scoped		0				0
Get-MiOS.ps1	4220	4220	1	7	46676fd98906	STAY	local-scoped		0				0
Get-MiOS.ps1	4242	4242	1	7	6e7d55a5c02d	STAY	local-scoped		0				0
Get-MiOS.ps1	4265	4265	1	9	99978bb05442	STAY	local-scoped		0				0
Get-MiOS.ps1	4276	4278	3	31	f50b2fb665f3	STAY	midsize-why		0				0
Get-MiOS.ps1	4303	4312	10	75	0b7a39fc6c7a	MIGRATE	narrative-rationale		0	usr/share/doc/mios/manual/_harvest/Get_MiOS_ps1.md	mios-src:0b7a39fc6c7a	75	1
Get-MiOS.ps1	4343	4343	1	3	f7c90370a90e	STAY	inline-scoped		0				0
Get-MiOS.ps1	4418	4428	11	90	a979639481c5	MIGRATE	narrative-rationale		0	usr/share/doc/mios/manual/_harvest/Get_MiOS_ps1.md	mios-src:a979639481c5	90	1
Get-MiOS.ps1	4430	4438	9	66	b9e9a2dab119	MIGRATE	narrative-rationale		0	usr/share/doc/mios/manual/_harvest/Get_MiOS_ps1.md	mios-src:b9e9a2dab119	66	1
Get-MiOS.ps1	4431	4432	2	17	c500e39e4a58	STAY	local-scoped		0				0
Get-MiOS.ps1	4440	4444	5	42	50d02e92b4a1	MIGRATE	midsize-narrative		0	usr/share/doc/mios/manual/_harvest/Get_MiOS_ps1.md	mios-src:50d02e92b4a1	42	1
Get-MiOS.ps1	4441	4444	4	31	1386b36001e2	STAY	midsize-why		0				0
Get-MiOS.ps1	4480	4483	4	24	c12eb50bb653	STAY	midsize-why		0				0
Get-MiOS.ps1	4524	4524	1	7	66fd29b18371	STAY	local-scoped		0				0
Get-MiOS.ps1	4534	4534	1	9	232909f79384	STAY	local-scoped		0				0
Get-MiOS.ps1	4545	4547	3	23	f3e713c92da1	STAY	midsize-why		0				0
Get-MiOS.ps1	4552	4554	3	25	78899c9817d7	STAY	midsize-why		0				0
Get-MiOS.ps1	4592	4594	3	23	e123e8cff14b	STAY	midsize-why		0				0
Get-MiOS.ps1	4602	4604	3	23	e99c866633bf	STAY	midsize-why		0				0
Get-MiOS.ps1	4637	4640	4	35	df467a44db55	STAY	midsize-why		0				0
Get-MiOS.ps1	4663	4668	6	50	5f7256caea1f	MIGRATE	narrative-rationale		0	usr/share/doc/mios/manual/_harvest/Get_MiOS_ps1.md	mios-src:5f7256caea1f	50	1
Get-MiOS.ps1	4679	4684	6	47	d037c96248d1	MIGRATE	narrative-rationale		0	usr/share/doc/mios/manual/_harvest/Get_MiOS_ps1.md	mios-src:d037c96248d1	47	1
Get-MiOS.ps1	4689	4692	4	37	836300ab2678	STAY	midsize-why		0				0
Get-MiOS.ps1	4714	4715	2	23	fbe94aaaf26a	STAY	local-scoped		0				0
Get-MiOS.ps1	4732	4732	1	5	d89c9e036792	STAY	local-scoped		0				0
Get-MiOS.ps1	4744	4744	1	6	e5634cbc78a2	STAY	local-scoped		0				0
Get-MiOS.ps1	4745	4745	1	3	081f8f379252	STAY	inline-scoped		0				0
Get-MiOS.ps1	4772	4779	8	77	d17615a3692f	MIGRATE	narrative-history		0	usr/share/doc/mios/manual/_harvest/Get_MiOS_ps1.md	mios-src:d17615a3692f	77	1
Get-MiOS.ps1	4797	4799	3	26	e91028de02c8	STAY	midsize-why		0				0
Get-MiOS.ps1	4817	4838	22	124	a6a0339ccc0a	MIGRATE	narrative-history		0	usr/share/doc/mios/manual/_harvest/Get_MiOS_ps1.md	mios-src:a6a0339ccc0a	124	1
Get-MiOS.ps1	4818	4819	2	15	0e57646c6497	STAY	local-scoped		0				0
Get-MiOS.ps1	4821	4825	5	45	67fda8b842a2	STAY	midsize-why		0				0
Get-MiOS.ps1	4829	4830	2	18	d41d3f7b13a0	STAY	local-scoped		0				0
Get-MiOS.ps1	4833	4833	1	6	c28e5476da0c	STAY	local-scoped		0				0
Get-MiOS.ps1	4857	4857	1	9	174f245daeca	STAY	local-scoped		0				0
Get-MiOS.ps1	4860	4863	4	31	c0226c9181ad	MIGRATE	midsize-narrative		0	usr/share/doc/mios/manual/_harvest/Get_MiOS_ps1.md	mios-src:c0226c9181ad	31	1
Get-MiOS.ps1	4875	4883	9	84	f4cea0117e2a	MIGRATE	narrative-rationale		0	usr/share/doc/mios/manual/_harvest/Get_MiOS_ps1.md	mios-src:f4cea0117e2a	84	1
Get-MiOS.ps1	4882	4884	3	17	32b4e95e2c26	STAY	midsize-why		0				0
Get-MiOS.ps1	4911	4919	9	85	c7a4de39bb54	MIGRATE	narrative-history		0	usr/share/doc/mios/manual/_harvest/Get_MiOS_ps1.md	mios-src:c7a4de39bb54	85	1
Get-MiOS.ps1	4930	4933	4	28	e93c811c6a26	STAY	midsize-why		0				0
Get-MiOS.ps1	4937	4939	3	25	d93c8c8caab8	STAY	midsize-why		0				0
Get-MiOS.ps1	4947	4968	22	167	73c77a41c134	MIGRATE	narrative-history		0	usr/share/doc/mios/manual/_harvest/Get_MiOS_ps1.md	mios-src:73c77a41c134	167	1
Get-MiOS.ps1	4948	4950	3	28	2dec0692d63d	STAY	midsize-why		0				0
Get-MiOS.ps1	4960	4961	2	15	f11d3298d3fa	STAY	local-scoped		0				0
Get-MiOS.ps1	5000	5005	6	64	f71d462c5bcf	MIGRATE	narrative-rationale		0	usr/share/doc/mios/manual/_harvest/Get_MiOS_ps1.md	mios-src:f71d462c5bcf	64	1
Get-MiOS.ps1	5002	5006	5	50	a0a9e7025a57	STAY	midsize-why		0				0
Get-MiOS.ps1	5028	5028	1	12	bcd5e484ac30	STAY	local-scoped		0				0
Get-MiOS.ps1	5033	5036	4	36	e39448234b06	STAY	midsize-why		0				0
Get-MiOS.ps1	5036	5045	10	84	02ad7ce8863e	MIGRATE	narrative-rationale		0	usr/share/doc/mios/manual/_harvest/Get_MiOS_ps1.md	mios-src:02ad7ce8863e	84	1
Get-MiOS.ps1	5047	5052	6	56	1cabe03bd558	MIGRATE	narrative-rationale		0	usr/share/doc/mios/manual/_harvest/Get_MiOS_ps1.md	mios-src:1cabe03bd558	56	1
Get-MiOS.ps1	5058	5060	3	27	13ce12e5a7eb	STAY	midsize-why		0				0
Get-MiOS.ps1	5072	5076	5	55	d5f31b3c7265	MIGRATE	midsize-narrative		0	usr/share/doc/mios/manual/_harvest/Get_MiOS_ps1.md	mios-src:d5f31b3c7265	55	1
Get-MiOS.ps1	5087	5090	4	32	2e64808b7eb4	STAY	midsize-why		0				0
Get-MiOS.ps1	5093	5102	10	79	b5ffbad1c394	MIGRATE	narrative-history		0	usr/share/doc/mios/manual/_harvest/Get_MiOS_ps1.md	mios-src:b5ffbad1c394	79	1
Get-MiOS.ps1	5129	5130	2	16	a44584e59fa4	STAY	local-scoped		0				0
Get-MiOS.ps1	5159	5178	20	132	0ed8f61076f9	MIGRATE	narrative-history		0	usr/share/doc/mios/manual/_harvest/Get_MiOS_ps1.md	mios-src:0ed8f61076f9	132	1
Get-MiOS.ps1	5185	5196	12	94	1dcf45df54a8	MIGRATE	narrative-history		0	usr/share/doc/mios/manual/_harvest/Get_MiOS_ps1.md	mios-src:1dcf45df54a8	94	1
Get-MiOS.ps1	5208	5214	7	58	8ed7ac7e23de	MIGRATE	narrative-history		0	usr/share/doc/mios/manual/_harvest/Get_MiOS_ps1.md	mios-src:8ed7ac7e23de	58	1
Get-MiOS.ps1	5238	5248	11	96	078b1c92c75c	MIGRATE	narrative-history		0	usr/share/doc/mios/manual/_harvest/Get_MiOS_ps1.md	mios-src:078b1c92c75c	96	1
Get-MiOS.ps1	5250	5252	3	19	233b3297318f	MIGRATE	midsize-narrative		0	usr/share/doc/mios/manual/_harvest/Get_MiOS_ps1.md	mios-src:233b3297318f	19	1
Get-MiOS.ps1	5280	5287	8	68	200a56ee7396	MIGRATE	narrative-history		0	usr/share/doc/mios/manual/_harvest/Get_MiOS_ps1.md	mios-src:200a56ee7396	68	1
Get-MiOS.ps1	5313	5320	8	70	14737ddc2c17	MIGRATE	narrative-history		0	usr/share/doc/mios/manual/_harvest/Get_MiOS_ps1.md	mios-src:14737ddc2c17	70	1
Get-MiOS.ps1	5430	5435	6	50	cdb3a5b550f6	MIGRATE	narrative-rationale		0	usr/share/doc/mios/manual/_harvest/Get_MiOS_ps1.md	mios-src:cdb3a5b550f6	50	1
Get-MiOS.ps1	5539	5543	5	44	ff619ec48c7f	MIGRATE	midsize-narrative		0	usr/share/doc/mios/manual/_harvest/Get_MiOS_ps1.md	mios-src:ff619ec48c7f	44	1
Get-MiOS.ps1	5547	5595	49	347	6bf7bc3bddc5	MIGRATE	narrative-history	adr-candidate	0	usr/share/doc/mios/manual/_harvest/Get_MiOS_ps1.md	mios-src:6bf7bc3bddc5	347	1
Get-MiOS.ps1	5601	5603	3	20	0281334da27d	MIGRATE	midsize-narrative		0	usr/share/doc/mios/manual/_harvest/Get_MiOS_ps1.md	mios-src:0281334da27d	20	1
Get-MiOS.ps1	5649	5663	15	82	73734c1a87ce	MIGRATE	narrative-history		0	usr/share/doc/mios/manual/_harvest/Get_MiOS_ps1.md	mios-src:73734c1a87ce	82	1
Get-MiOS.ps1	5825	5830	6	53	aeaae63bb2eb	MIGRATE	narrative-history		0	usr/share/doc/mios/manual/_harvest/Get_MiOS_ps1.md	mios-src:aeaae63bb2eb	53	1
Get-MiOS.ps1	5847	5851	5	40	76e62210ff3d	MIGRATE	midsize-narrative		0	usr/share/doc/mios/manual/_harvest/Get_MiOS_ps1.md	mios-src:76e62210ff3d	40	1
Get-MiOS.ps1	5943	5945	3	23	f8f94ed3cf96	MIGRATE	midsize-narrative		0	usr/share/doc/mios/manual/_harvest/Get_MiOS_ps1.md	mios-src:f8f94ed3cf96	23	1
Get-MiOS.ps1	5963	5971	9	102	7927e37a8242	MIGRATE	narrative-rationale		0	usr/share/doc/mios/manual/_harvest/Get_MiOS_ps1.md	mios-src:7927e37a8242	102	1
Get-MiOS.ps1	6040	6046	7	77	befa23a3aeff	MIGRATE	narrative-history		0	usr/share/doc/mios/manual/_harvest/Get_MiOS_ps1.md	mios-src:befa23a3aeff	77	1
Get-MiOS.ps1	6186	6202	17	124	724f4770e7cc	MIGRATE	narrative-rationale		0	usr/share/doc/mios/manual/_harvest/Get_MiOS_ps1.md	mios-src:724f4770e7cc	124	1
Get-MiOS.ps1	6211	6237	27	218	946d7cb6a9f1	MIGRATE	narrative-history		0	usr/share/doc/mios/manual/_harvest/Get_MiOS_ps1.md	mios-src:946d7cb6a9f1	218	1
Get-MiOS.ps1	6240	6242	3	22	e83120b987e8	MIGRATE	midsize-narrative		0	usr/share/doc/mios/manual/_harvest/Get_MiOS_ps1.md	mios-src:e83120b987e8	22	1
Get-MiOS.ps1	6269	6291	23	217	5db16057c514	MIGRATE	narrative-history		0	usr/share/doc/mios/manual/_harvest/Get_MiOS_ps1.md	mios-src:5db16057c514	217	1
Get-MiOS.ps1	6351	6357	7	65	6ccfe0f2a5c4	MIGRATE	narrative-history		0	usr/share/doc/mios/manual/_harvest/Get_MiOS_ps1.md	mios-src:6ccfe0f2a5c4	65	1
Get-MiOS.ps1	6360	6370	11	90	d46ddd39a0a8	MIGRATE	narrative-history		0	usr/share/doc/mios/manual/_harvest/Get_MiOS_ps1.md	mios-src:d46ddd39a0a8	90	1
Get-MiOS.ps1	6415	6419	5	61	42e066e33d9e	MIGRATE	narrative-rationale		0	usr/share/doc/mios/manual/_harvest/Get_MiOS_ps1.md	mios-src:42e066e33d9e	61	1
Get-MiOS.ps1	6448	6456	9	96	aafce3e07fd0	MIGRATE	narrative-history		0	usr/share/doc/mios/manual/_harvest/Get_MiOS_ps1.md	mios-src:aafce3e07fd0	96	1
Get-MiOS.ps1	6475	6481	7	57	6bd5ae1c50f6	MIGRATE	narrative-rationale		0	usr/share/doc/mios/manual/_harvest/Get_MiOS_ps1.md	mios-src:6bd5ae1c50f6	57	1
Get-MiOS.ps1	6487	6495	9	75	25b081428e8d	MIGRATE	narrative-history		0	usr/share/doc/mios/manual/_harvest/Get_MiOS_ps1.md	mios-src:25b081428e8d	75	1
Get-MiOS.ps1	6521	6525	5	49	7e991cdd7416	MIGRATE	midsize-narrative		0	usr/share/doc/mios/manual/_harvest/Get_MiOS_ps1.md	mios-src:7e991cdd7416	49	1
Get-MiOS.ps1	6554	6578	25	214	d86c0f947151	MIGRATE	narrative-history		0	usr/share/doc/mios/manual/_harvest/Get_MiOS_ps1.md	mios-src:d86c0f947151	214	1
Get-MiOS.ps1	6593	6600	8	65	6e954bd5820d	MIGRATE	narrative-rationale		0	usr/share/doc/mios/manual/_harvest/Get_MiOS_ps1.md	mios-src:6e954bd5820d	65	1
Get-MiOS.ps1	6615	6622	8	75	a5fd32edefe2	MIGRATE	narrative-history		0	usr/share/doc/mios/manual/_harvest/Get_MiOS_ps1.md	mios-src:a5fd32edefe2	75	1
Get-MiOS.ps1	6645	6648	4	30	21bbbb34e8b9	MIGRATE	midsize-narrative		0	usr/share/doc/mios/manual/_harvest/Get_MiOS_ps1.md	mios-src:21bbbb34e8b9	30	1
Get-MiOS.ps1	6650	6657	8	69	db0993389aae	MIGRATE	narrative-history		0	usr/share/doc/mios/manual/_harvest/Get_MiOS_ps1.md	mios-src:db0993389aae	69	1
Get-MiOS.ps1	6673	6675	3	24	89aef87392b3	MIGRATE	midsize-narrative		0	usr/share/doc/mios/manual/_harvest/Get_MiOS_ps1.md	mios-src:89aef87392b3	24	1
Get-MiOS.ps1	6677	6684	8	70	98053fa1cb89	MIGRATE	narrative-rationale		0	usr/share/doc/mios/manual/_harvest/Get_MiOS_ps1.md	mios-src:98053fa1cb89	70	1
Get-MiOS.ps1	6696	6699	4	37	7d355ae35cdb	MIGRATE	midsize-narrative		0	usr/share/doc/mios/manual/_harvest/Get_MiOS_ps1.md	mios-src:7d355ae35cdb	37	1
Get-MiOS.ps1	6709	6718	10	75	8ec18d2c5169	MIGRATE	narrative-history		0	usr/share/doc/mios/manual/_harvest/Get_MiOS_ps1.md	mios-src:8ec18d2c5169	75	1
Get-MiOS.ps1	6740	6745	6	59	36fa0fb0f50d	MIGRATE	narrative-history		0	usr/share/doc/mios/manual/_harvest/Get_MiOS_ps1.md	mios-src:36fa0fb0f50d	59	1
Get-MiOS.ps1	6808	6818	11	82	ca3a10cec336	MIGRATE	narrative-history		0	usr/share/doc/mios/manual/_harvest/Get_MiOS_ps1.md	mios-src:ca3a10cec336	82	1
Get-MiOS.ps1	6821	6836	16	130	90f83e93b6f2	MIGRATE	narrative-history		0	usr/share/doc/mios/manual/_harvest/Get_MiOS_ps1.md	mios-src:90f83e93b6f2	130	1
Get-MiOS.ps1	6852	6859	8	83	1715886c6bf3	MIGRATE	narrative-rationale		0	usr/share/doc/mios/manual/_harvest/Get_MiOS_ps1.md	mios-src:1715886c6bf3	83	1
Get-MiOS.ps1	6869	6874	6	41	f4b2747b9f1d	MIGRATE	narrative-rationale		0	usr/share/doc/mios/manual/_harvest/Get_MiOS_ps1.md	mios-src:f4b2747b9f1d	41	1
Get-MiOS.ps1	6880	6886	7	50	9a85dbd5877e	MIGRATE	narrative-history		0	usr/share/doc/mios/manual/_harvest/Get_MiOS_ps1.md	mios-src:9a85dbd5877e	50	1
Get-MiOS.ps1	6897	6949	53	416	2735d8eb6029	MIGRATE	narrative-history	adr-candidate	0	usr/share/doc/mios/manual/_harvest/Get_MiOS_ps1.md	mios-src:2735d8eb6029	416	1
Get-MiOS.ps1	6951	6956	6	60	83d094ec251a	MIGRATE	narrative-history		0	usr/share/doc/mios/manual/_harvest/Get_MiOS_ps1.md	mios-src:83d094ec251a	60	1
Get-MiOS.ps1	6964	6974	11	76	a866f97854fd	MIGRATE	narrative-history		0	usr/share/doc/mios/manual/_harvest/Get_MiOS_ps1.md	mios-src:a866f97854fd	76	1
Get-MiOS.ps1	7017	7021	5	48	d8385dce8937	MIGRATE	midsize-narrative		0	usr/share/doc/mios/manual/_harvest/Get_MiOS_ps1.md	mios-src:d8385dce8937	48	1
Get-MiOS.ps1	7117	7122	6	45	c9f7c21176ca	MIGRATE	narrative-history		0	usr/share/doc/mios/manual/_harvest/Get_MiOS_ps1.md	mios-src:c9f7c21176ca	45	1
Get-MiOS.ps1	7139	7157	19	146	970a8d119634	MIGRATE	narrative-history		0	usr/share/doc/mios/manual/_harvest/Get_MiOS_ps1.md	mios-src:970a8d119634	146	1
Get-MiOS.ps1	7159	7170	12	99	b8a3c342f35d	MIGRATE	narrative-history		0	usr/share/doc/mios/manual/_harvest/Get_MiOS_ps1.md	mios-src:b8a3c342f35d	99	1
Get-MiOS.ps1	7177	7183	7	53	ce13c4686408	MIGRATE	narrative-rationale		0	usr/share/doc/mios/manual/_harvest/Get_MiOS_ps1.md	mios-src:ce13c4686408	53	1
Get-MiOS.ps1	7197	7202	6	70	aee6d4b2bbe2	MIGRATE	narrative-rationale		0	usr/share/doc/mios/manual/_harvest/Get_MiOS_ps1.md	mios-src:aee6d4b2bbe2	70	1
Uninstall-MiOS.ps1	1	1	1	0	e3b0c44298fc	STAY	inline-scoped		0				0
Uninstall-MiOS.ps1	33	33	1	8	86a2cb8a5014	MIGRATE	banner-fact	heading-fact	0	usr/share/doc/mios/manual/_harvest/Uninstall-MiOS_ps1.md	mios-src:86a2cb8a5014	8	1
Uninstall-MiOS.ps1	36	36	1	2	1936033c9c4d	DROP	banner		0				0
Uninstall-MiOS.ps1	38	38	1	0	62b67e1f685b	DROP	banner		0				0
Uninstall-MiOS.ps1	63	63	1	1	559663e3c000	DROP	banner		0				0
Uninstall-MiOS.ps1	73	73	1	9	cd65fa7acf10	STAY	local-scoped		0				0
Uninstall-MiOS.ps1	84	86	3	27	4ed88bb08563	STAY	midsize-why		0				0
Uninstall-MiOS.ps1	95	95	1	4	e08bc901ffea	STAY	local-scoped		0				0
Uninstall-MiOS.ps1	106	106	1	7	29bd989068b1	STAY	local-scoped		0				0
Uninstall-MiOS.ps1	112	112	1	11	3c7dfa98ec6b	STAY	local-scoped		0				0
Uninstall-MiOS.ps1	136	137	2	19	60eb69c11de9	STAY	local-scoped		0				0
Uninstall-MiOS.ps1	142	144	3	24	4f8c8c5dcef2	STAY	midsize-why		0				0
Uninstall-MiOS.ps1	151	152	2	17	4ccc161197f2	STAY	local-scoped		0				0
Uninstall-MiOS.ps1	159	159	1	10	c077469ad678	STAY	local-scoped		0				0
Uninstall-MiOS.ps1	173	174	2	21	5c1c244bf3b1	STAY	local-scoped		0				0
Uninstall-MiOS.ps1	178	178	1	13	0d98748a1c4c	STAY	local-scoped		0				0
Uninstall-MiOS.ps1	180	180	1	13	63503d7f5b51	STAY	local-scoped		0				0
Uninstall-MiOS.ps1	192	193	2	19	8bd5591c4dfb	STAY	local-scoped		0				0
Uninstall-MiOS.ps1	192	195	4	35	6ed6649c6d3d	MIGRATE	midsize-narrative		0	usr/share/doc/mios/manual/_harvest/Uninstall-MiOS_ps1.md	mios-src:6ed6649c6d3d	35	1
Uninstall-MiOS.ps1	214	214	1	8	25da3840fac6	STAY	local-scoped		0				0
Uninstall-MiOS.ps1	216	218	3	34	5592a1de397c	STAY	midsize-why		0				0
Uninstall-MiOS.ps1	233	233	1	9	f75f8a98650e	STAY	local-scoped		0				0
Uninstall-MiOS.ps1	241	242	2	16	750eacbbd3f0	STAY	local-scoped		0				0
Uninstall-MiOS.ps1	253	253	1	5	fb4692fc4e7a	STAY	local-scoped		0				0
Uninstall-MiOS.ps1	260	260	1	2	569fad73978c	STAY	local-scoped		0				0
automation/01-system-files-overlay.sh	1	4	4	23	ace3d3067320	STAY	ai-header		0				0
automation/01-system-files-overlay.sh	1	4	4	40	6ab528c3ee27	STAY	ai-header		0	usr/share/doc/mios/manual/_harvest/automation_01_system_files_overlay_sh.md	mios-src:6ab528c3ee27	40	1
automation/02-materialize-build-ctx.sh	1	4	4	16	07b1c072fa29	STAY	ai-header		0				0
automation/04-local-rpm-mirror.sh	1	3	3	25	768317372b07	STAY	ai-header		0				0
automation/05-repos.sh	1	3	3	29	74c2385e2493	STAY	ai-header		0				0
automation/06-enable-external-repos.sh	1	4	4	22	debf64f1f17a	STAY	ai-header		0				0
automation/06-enable-external-repos.sh	1	4	4	35	fd2da0114e6c	STAY	ai-header		0	usr/share/doc/mios/manual/_harvest/automation_06_enable_external_repos_sh.md	mios-src:fd2da0114e6c	35	1
automation/06-enable-external-repos.sh	72	72	1	11	276c66826a52	STAY	local-scoped		0				0
automation/06-enable-external-repos.sh	75	77	3	31	410e2ee184c8	STAY	midsize-why		0				0
automation/07-kernel.sh	1	4	4	29	2ca3ff962969	STAY	ai-header		0				0
automation/07-kernel.sh	12	12	1	3	9688333b2bbd	STAY	inline-scoped		0				0
automation/07-kernel.sh	17	17	1	3	3f1d53e5e9e6	STAY	inline-scoped		0				0
automation/07-kernel.sh	18	18	1	4	8473fa8b834f	STAY	inline-scoped		0				0
automation/10-locale-theme.sh	1	4	4	29	ebd1c78e200e	STAY	ai-header		0				0
automation/11-user.sh	1	4	4	25	aeebe576d7f4	STAY	ai-header		0				0
automation/11-user.sh	1	4	4	37	249acad8a0b5	STAY	ai-header		0	usr/share/doc/mios/manual/_harvest/automation_11_user_sh.md	mios-src:249acad8a0b5	37	1
automation/12-hostname.sh	1	4	4	23	6c3689ab89d1	STAY	ai-header		0				0
automation/12-hostname.sh	1	4	4	34	8a64ccc13d61	STAY	ai-header		0	usr/share/doc/mios/manual/_harvest/automation_12_hostname_sh.md	mios-src:8a64ccc13d61	34	1
automation/13-accounts-db.sh	1	4	4	22	7530a620f606	STAY	ai-header		0				0
automation/13-accounts-db.sh	1	4	4	27	1938f88a845f	STAY	ai-header		0	usr/share/doc/mios/manual/_harvest/automation_13_accounts_db_sh.md	mios-src:1938f88a845f	27	1
automation/14-podman-machine-compat.sh	1	4	4	22	daf8fdad6736	STAY	ai-header		0				0
automation/14-podman-machine-compat.sh	1	4	4	38	ccf74554c3ad	STAY	ai-header		0	usr/share/doc/mios/manual/_harvest/automation_14_podman_machine_compat_sh.md	mios-src:ccf74554c3ad	38	1
automation/15-freeipa-client.sh	1	4	4	22	204c52a13c97	STAY	ai-header		0				0
automation/15-freeipa-client.sh	1	4	4	33	798634f33f67	STAY	ai-header		0	usr/share/doc/mios/manual/_harvest/automation_15_freeipa_client_sh.md	mios-src:798634f33f67	33	1
automation/20-hardware.sh	1	4	4	25	6df609401a65	STAY	ai-header		0				0
automation/20-hardware.sh	1	4	4	36	34a502301b52	STAY	ai-header		0	usr/share/doc/mios/manual/_harvest/automation_20_hardware_sh.md	mios-src:34a502301b52	36	1
automation/21-virt.sh	1	4	4	19	68f155a0513c	STAY	ai-header		0				0
automation/21-virt.sh	1	4	4	29	014912250cf7	STAY	ai-header		0	usr/share/doc/mios/manual/_harvest/automation_21_virt_sh.md	mios-src:014912250cf7	29	1
automation/21-virt.sh	6	6	1	11	aacf1bda3bf8	STAY	local-scoped		0				0
automation/21-virt.sh	36	36	1	5	469ff6fa296c	STAY	inline-scoped		0				0
automation/22-akmod-guards.sh	1	4	4	22	474c8f9d612f	STAY	ai-header		0				0
automation/22-akmod-guards.sh	1	4	4	35	47bd81d6c74a	STAY	ai-header		0	usr/share/doc/mios/manual/_harvest/automation_22_akmod_guards_sh.md	mios-src:47bd81d6c74a	35	1
automation/23-gpu-passthrough.sh	1	4	4	21	5e1357333c62	STAY	ai-header		0				0
automation/23-gpu-passthrough.sh	1	4	4	36	44c7907f57aa	STAY	ai-header		0	usr/share/doc/mios/manual/_harvest/automation_23_gpu_passthrough_sh.md	mios-src:44c7907f57aa	36	1
automation/24-gpu-pv-shim.sh	1	4	4	24	e5ba99850ec9	STAY	ai-header		0				0
automation/24-gpu-pv-shim.sh	1	5	5	42	62c44b589edb	STAY	ai-header		0	usr/share/doc/mios/manual/_harvest/automation_24_gpu_pv_shim_sh.md	mios-src:62c44b589edb	42	1
automation/25-gpu-cdi-toolkits.sh	1	4	4	20	385ceb6fc5ba	STAY	ai-header		0				0
automation/25-gpu-cdi-toolkits.sh	1	4	4	29	61ab07be6bdf	STAY	ai-header		0	usr/share/doc/mios/manual/_harvest/automation_25_gpu_cdi_toolkits_sh.md	mios-src:61ab07be6bdf	29	1
automation/25-gpu-cdi-toolkits.sh	23	23	1	1	782e1b2b2ac5	STAY	inline-scoped		0				0
automation/26-nvidia-cdi-refresh.sh	1	4	4	21	ca139d25a69b	STAY	ai-header		0				0
automation/26-nvidia-cdi-refresh.sh	1	4	4	41	7082ca180466	STAY	ai-header		0	usr/share/doc/mios/manual/_harvest/automation_26_nvidia_cdi_refresh_sh.md	mios-src:7082ca180466	41	1
automation/27-vm-gating.sh	1	4	4	21	c182e9e28b2f	STAY	ai-header		0				0
automation/27-vm-gating.sh	1	4	4	40	6162b1732f52	STAY	ai-header		0	usr/share/doc/mios/manual/_harvest/automation_27_vm_gating_sh.md	mios-src:6162b1732f52	40	1
automation/33-generate-quadlets.sh	1	4	4	21	29c976ac5a26	STAY	ai-header		0				0
automation/33-generate-quadlets.sh	1	4	4	25	9dc9177fe79f	STAY	ai-header		0	usr/share/doc/mios/manual/_harvest/automation_33_generate_quadlets_sh.md	mios-src:9dc9177fe79f	25	1
automation/34-render-quadlets.sh	1	4	4	21	20d7f3125775	STAY	ai-header		0				0
automation/34-render-quadlets.sh	1	5	5	38	69517bcb5de2	STAY	ai-header		0	usr/share/doc/mios/manual/_harvest/automation_34_render_quadlets_sh.md	mios-src:69517bcb5de2	38	1
automation/34-render-quadlets.sh	7	7	1	11	aacf1bda3bf8	STAY	local-scoped		0				0
automation/34-render-quadlets.sh	10	10	1	3	ee573bae3b99	STAY	local-scoped		0				0
automation/34-render-quadlets.sh	14	14	1	12	e1130451b45b	STAY	local-scoped		0				0
automation/35-render-ports.sh	1	3	3	24	bde1391c37ea	STAY	ai-header		0				0
automation/35-render-ports.sh	23	28	6	70	d8ec2062e5d6	MIGRATE	narrative-history		0	usr/share/doc/mios/manual/_harvest/automation_35-render-ports_sh.md	mios-src:d8ec2062e5d6	70	1
automation/35-render-ports.sh	70	70	1	1	8aed4f443d34	STAY	inline-scoped		0				0
automation/36-ceph-k3s.sh	1	4	4	23	26ca5dfa8f4b	STAY	ai-header		0				0
automation/36-ceph-k3s.sh	1	4	4	42	7087454e58a6	STAY	ai-header		0	usr/share/doc/mios/manual/_harvest/automation_36_ceph_k3s_sh.md	mios-src:7087454e58a6	42	1
automation/36-ceph-k3s.sh	18	18	1	8	4d9fc6031dbb	STAY	local-scoped		0				0
automation/36-ceph-k3s.sh	45	45	1	2	f4d1a19b5269	DROP	banner		0				0
automation/37-k3s-selinux.sh	1	3	3	33	efaeaa1b27fd	STAY	ai-header		0				0
automation/37-k3s-selinux.sh	27	29	3	37	1feed8460ad2	STAY	midsize-why		0				0
automation/37-k3s-selinux.sh	49	54	6	73	dcb7ebbac1a4	MIGRATE	narrative-rationale		0	usr/share/doc/mios/manual/automation.md	mios-src:dcb7ebbac1a4	73	1
automation/37-k3s-selinux.sh	63	64	2	21	12404a291afe	STAY	local-scoped		0				0
automation/37-k3s-selinux.sh	72	73	2	20	5181361bc348	STAY	local-scoped		0				0
automation/38-selinux.sh	1	3	3	28	1e7875df1b38	STAY	ai-header		0				0
automation/39-moby-engine.sh	1	4	4	23	c971fc5dd1e5	STAY	ai-header		0				0
automation/39-moby-engine.sh	1	4	4	33	73831ce0344b	STAY	ai-header		0	usr/share/doc/mios/manual/_harvest/automation_39_moby_engine_sh.md	mios-src:73831ce0344b	33	1
automation/40-fapolicyd-trust.sh	1	4	4	26	6c9eb4af5282	STAY	ai-header		0				0
automation/41-services.sh	1	4	4	21	d4428134d685	STAY	ai-header		0				0
automation/41-services.sh	1	4	4	34	1886e470b5a4	STAY	ai-header		0	usr/share/doc/mios/manual/_harvest/automation_41_services_sh.md	mios-src:1886e470b5a4	34	1
automation/42-chrony-render.sh	1	3	3	16	1e828654956a	STAY	ai-header		0				0
automation/42-chrony-render.sh	53	53	1	10	0442bb99c2cc	STAY	inline-scoped		0				0
automation/42-chrony-render.sh	54	54	1	9	b24b91254109	STAY	inline-scoped		0				0
automation/42-chrony-render.sh	63	63	1	11	7fcfacdae733	STAY	inline-scoped		0				0
automation/42-chrony-render.sh	66	66	1	10	af49e1a07608	STAY	inline-scoped		0				0
automation/42-chrony-render.sh	69	69	1	12	b45c1a904c41	STAY	inline-scoped		0				0
automation/42-chrony-render.sh	70	70	1	16	82edd1b783d9	STAY	inline-scoped		0				0
automation/42-chrony-render.sh	74	74	1	10	c5e6579aef29	STAY	inline-scoped		0				0
automation/42-chrony-render.sh	77	77	1	8	4c42922e9f1b	STAY	inline-scoped		0				0
automation/42-chrony-render.sh	80	80	1	5	ee122a5c2c20	STAY	inline-scoped		0				0
automation/43-nut-render.sh	1	3	3	19	d16de84e4ebf	STAY	ai-header		0				0
automation/43-nut-render.sh	55	55	1	9	6b7399818396	STAY	inline-scoped		0				0
automation/43-nut-render.sh	56	56	1	9	c105e4a6f027	STAY	inline-scoped		0				0
automation/43-nut-render.sh	67	67	1	9	72a772298b85	STAY	inline-scoped		0				0
automation/43-nut-render.sh	68	68	1	9	c105e4a6f027	STAY	inline-scoped		0				0
automation/43-nut-render.sh	83	83	1	9	0abd98e8e63f	STAY	inline-scoped		0				0
automation/43-nut-render.sh	84	84	1	9	c105e4a6f027	STAY	inline-scoped		0				0
automation/43-nut-render.sh	96	96	1	9	082dffc168be	STAY	inline-scoped		0				0
automation/43-nut-render.sh	97	97	1	9	c105e4a6f027	STAY	inline-scoped		0				0
automation/44-firewall-ports.sh	1	4	4	23	6935b6b7fdfd	STAY	ai-header		0				0
automation/44-firewall-ports.sh	1	4	4	38	e22c1962e7c7	STAY	ai-header		0	usr/share/doc/mios/manual/_harvest/automation_44_firewall_ports_sh.md	mios-src:e22c1962e7c7	38	1
automation/44-firewall-ports.sh	19	19	1	6	c75585d615bf	STAY	local-scoped		0				0
automation/44-firewall-ports.sh	39	39	1	4	1efbe9350127	STAY	inline-scoped		0				0
automation/45-firewall.sh	1	4	4	24	2a54872bdc12	STAY	ai-header		0				0
automation/45-firewall.sh	1	4	4	40	97451191b1b9	STAY	ai-header		0	usr/share/doc/mios/manual/_harvest/automation_45_firewall_sh.md	mios-src:97451191b1b9	40	1
automation/46-sshd-port.sh	1	4	4	29	96d1671e590a	STAY	ai-header		0				0
automation/46-sshd-port.sh	1	4	4	39	7bd4f590f328	STAY	ai-header		0	usr/share/doc/mios/manual/_harvest/automation_46_sshd_port_sh.md	mios-src:7bd4f590f328	39	1
automation/47-init-service.sh	1	4	4	20	12e117177fe3	STAY	ai-header		0				0
automation/47-init-service.sh	1	4	4	37	8b902d31f9af	STAY	ai-header		0	usr/share/doc/mios/manual/_harvest/automation_47_init_service_sh.md	mios-src:8b902d31f9af	37	1
automation/48-mios-dropin-fanout.sh	1	4	4	16	127a038cf7e7	STAY	ai-header		0				0
automation/49-cosign-policy.sh	1	4	4	29	4f5363371718	STAY	ai-header		0				0
automation/50-uupd-installer.sh	1	4	4	22	9134a8b3bb95	STAY	ai-header		0				0
automation/50-uupd-installer.sh	1	4	4	34	e9a507001f55	STAY	ai-header		0	usr/share/doc/mios/manual/_harvest/automation_50_uupd_installer_sh.md	mios-src:e9a507001f55	34	1
automation/51-hardening.sh	1	4	4	21	eb62bce26c7f	STAY	ai-header		0				0
automation/51-hardening.sh	1	4	4	36	153168e72d02	STAY	ai-header		0	usr/share/doc/mios/manual/_harvest/automation_51_hardening_sh.md	mios-src:153168e72d02	36	1
automation/52-apply-boot-fixes.sh	1	4	4	21	d1f8000c33ab	STAY	ai-header		0				0
automation/52-apply-boot-fixes.sh	1	4	4	40	36e65d1db3c4	STAY	ai-header		0	usr/share/doc/mios/manual/_harvest/automation_52_apply_boot_fixes_sh.md	mios-src:36e65d1db3c4	40	1
automation/53-enable-log-copy-service.sh	1	4	4	19	d37a83dbf5a8	STAY	ai-header		0				0
automation/53-enable-log-copy-service.sh	1	4	4	31	b44595063196	STAY	ai-header		0	usr/share/doc/mios/manual/_harvest/automation_53_enable_log_copy_service_sh.md	mios-src:b44595063196	31	1
automation/54-bake-coderun-sandbox.sh	1	3	3	26	e0165578655d	STAY	ai-header		0				0
automation/55-native-build.sh	1	3	3	20	69b5f31c6381	STAY	ai-header		0				0
automation/56-fonts.sh	1	4	4	26	7dd66da5559c	STAY	ai-header		0				0
automation/56-fonts.sh	1	4	4	39	6e3f7f64c911	STAY	ai-header		0	usr/share/doc/mios/manual/_harvest/automation_56_fonts_sh.md	mios-src:6e3f7f64c911	39	1
automation/57-gnome.sh	1	4	4	24	f5e07afea40e	STAY	ai-header		0				0
automation/57-gnome.sh	1	4	4	33	7dc75be07690	STAY	ai-header		0	usr/share/doc/mios/manual/_harvest/automation_57_gnome_sh.md	mios-src:7dc75be07690	33	1
automation/58-gnome-remote-desktop.sh	1	4	4	30	99bf527f34ac	STAY	ai-header		0				0
automation/59-tools.sh	1	4	4	25	8c20c037ae87	STAY	ai-header		0				0
automation/59-tools.sh	1	4	4	43	b5779d7e1967	STAY	ai-header		0	usr/share/doc/mios/manual/_harvest/automation_59_tools_sh.md	mios-src:b5779d7e1967	43	1
automation/60-flatpak-env.sh	1	4	4	20	456e2040d279	STAY	ai-header		0				0
automation/60-flatpak-env.sh	1	4	4	30	c18f7d4f3d5f	STAY	ai-header		0	usr/share/doc/mios/manual/_harvest/automation_60_flatpak_env_sh.md	mios-src:c18f7d4f3d5f	30	1
automation/60-flatpak-env.sh	15	15	1	5	a8272cb82327	DROP	banner		0				0
automation/60-flatpak-env.sh	16	16	1	5	695a6e771de6	STAY	inline-scoped		0				0
automation/61-flatpak-bake.sh	1	4	4	24	5508d5b91171	STAY	ai-header		0				0
automation/61-flatpak-bake.sh	1	4	4	45	eef939ff9fa7	STAY	ai-header		0	usr/share/doc/mios/manual/_harvest/automation_61_flatpak_bake_sh.md	mios-src:eef939ff9fa7	45	1
automation/61-flatpak-bake.sh	48	48	1	1	bb61e8afb846	DROP	commented-out-code		0				0
automation/61-flatpak-bake.sh	54	54	1	0	725a0d75c35a	DROP	banner		0				0
automation/62-oh-my-posh.sh	1	4	4	24	8c585dc781cf	STAY	ai-header		0				0
automation/62-oh-my-posh.sh	1	4	4	31	04f27106bae5	STAY	ai-header		0	usr/share/doc/mios/manual/_harvest/automation_62_oh_my_posh_sh.md	mios-src:04f27106bae5	31	1
automation/65-bake-hyprland.sh	1	4	4	21	8ed29ad922e8	STAY	ai-header		0				0
automation/65-bake-hyprland.sh	1	4	4	23	e6c9ebae303b	STAY	ai-header		0	usr/share/doc/mios/manual/_harvest/automation_65_bake_hyprland_sh.md	mios-src:e6c9ebae303b	23	1
automation/65-bake-hyprland.sh	138	138	1	1	fd58a6d2f28c	DROP	banner		0				0
automation/65-bake-hyprland.sh	139	139	1	1	fd58a6d2f28c	DROP	banner		0				0
automation/65-bake-hyprland.sh	140	140	1	1	1aef33da073c	DROP	banner		0				0
automation/65-bake-hyprland.sh	142	142	1	1	af2b05df64f3	DROP	banner		0				0
automation/65-bake-hyprland.sh	143	143	1	1	af2b05df64f3	DROP	banner		0				0
automation/65-bake-hyprland.sh	144	144	1	1	af2b05df64f3	DROP	banner		0				0
automation/66-bake-quickshell.sh	1	4	4	23	3be8c27be5b3	STAY	ai-header		0				0
automation/66-bake-quickshell.sh	1	4	4	26	912ff3bb34b1	STAY	ai-header		0	usr/share/doc/mios/manual/_harvest/automation_66_bake_quickshell_sh.md	mios-src:912ff3bb34b1	26	1
automation/67-bake-surfer.sh	1	4	4	23	12310fe716ae	STAY	ai-header		0				0
automation/67-bake-surfer.sh	1	4	4	38	cad73f3e2437	STAY	ai-header		0	usr/share/doc/mios/manual/_harvest/automation_67_bake_surfer_sh.md	mios-src:cad73f3e2437	38	1
automation/67-bake-surfer.sh	6	6	1	3	60c32ef91de1	STAY	local-scoped		0				0
automation/67-bake-surfer.sh	98	98	1	1	09c209bca110	DROP	banner		0				0
automation/67-bake-surfer.sh	99	99	1	1	fd58a6d2f28c	DROP	banner		0				0
automation/67-bake-surfer.sh	100	100	1	1	78ee1ceca874	DROP	banner		0				0
automation/67-bake-surfer.sh	101	102	2	22	b5685dd4d496	STAY	local-scoped		0				0
automation/68-bake-kvmfr.sh	1	3	3	31	61b5ffdf8606	STAY	ai-header		0				0
automation/69-bake-lookingglass-client.sh	1	3	3	33	478c2dd1bbb6	STAY	ai-header		0				0
automation/69-bake-lookingglass-client.sh	54	54	1	12	fb1bdd0519eb	STAY	inline-scoped		0				0
automation/69-bake-lookingglass-client.sh	55	55	1	14	4e7f2f48ec53	STAY	inline-scoped		0				0
automation/72-hermes-agent.sh	1	4	4	24	809babf7fae0	STAY	ai-header		0				0
automation/72-hermes-agent.sh	1	5	5	44	744fd1199c21	STAY	ai-header		0	usr/share/doc/mios/manual/_harvest/automation_72_hermes_agent_sh.md	mios-src:744fd1199c21	44	1
automation/72-hermes-agent.sh	16	16	1	5	693ea20f63f6	STAY	inline-scoped		0				0
automation/72-hermes-agent.sh	17	17	1	3	e28e723b91a6	STAY	inline-scoped		0				0
automation/72-hermes-agent.sh	71	72	2	24	716eeb22eb34	STAY	local-scoped		0				0
automation/72-hermes-agent.sh	75	76	2	18	359574ddbd46	STAY	local-scoped		0				0
automation/72-hermes-agent.sh	90	92	3	33	b99ea90966dc	STAY	midsize-why		0				0
automation/72-hermes-agent.sh	162	162	1	2	1f8a9ad877ef	DROP	banner		0				0
automation/72-hermes-agent.sh	173	173	1	2	1f8a9ad877ef	DROP	banner		0				0
automation/72-hermes-agent.sh	180	180	1	1	dc559573009c	DROP	banner		0				0
automation/72-hermes-agent.sh	184	184	1	15	006a2bb14ffb	STAY	inline-scoped		0				0
automation/72-hermes-agent.sh	314	314	1	1	dc559573009c	DROP	banner		0				0
automation/72-hermes-agent.sh	337	337	1	8	b5c286fbc4a4	STAY	inline-scoped		0				0
automation/72-hermes-agent.sh	351	351	1	8	d9ccfe7ad0af	STAY	inline-scoped		0				0
automation/73-model-prep.sh	1	4	4	22	c2ef96483d38	STAY	ai-header		0				0
automation/73-model-prep.sh	1	4	4	44	7fc6bf04d3ec	STAY	ai-header		0	usr/share/doc/mios/manual/_harvest/automation_73_model_prep_sh.md	mios-src:7fc6bf04d3ec	44	1
automation/73-model-prep.sh	6	7	2	23	5cb7ab1cfac6	STAY	ai-header		0				0
automation/73-model-prep.sh	6	7	2	28	ee4421af5bf0	STAY	ai-header		0	usr/share/doc/mios/manual/_harvest/automation_73_model_prep_sh.md	mios-src:ee4421af5bf0	28	1
automation/73-model-prep.sh	37	37	1	0	75a3dedb3323	DROP	banner		0				0
automation/73-model-prep.sh	39	39	1	0	725a0d75c35a	DROP	banner		0				0
automation/73-model-prep.sh	75	75	1	7	b1ac47b0cd1b	STAY	inline-scoped		0				0
automation/73-model-prep.sh	83	84	2	29	854da150f65f	STAY	midsize-why		0				0
automation/73-model-prep.sh	141	141	1	1	9a93e4a8f60c	DROP	banner		0				0
automation/75-kargs-render.sh	1	3	3	18	828672f8926d	STAY	ai-header		0				0
automation/75-kargs-render.sh	74	74	1	22	3029aa474258	STAY	inline-scoped		0				0
automation/75-kargs-render.sh	75	75	1	5	1d22f26af2cb	STAY	inline-scoped		0				0
automation/75-kargs-render.sh	112	112	1	9	a06d3c81ba3c	STAY	inline-scoped		0				0
automation/75-kargs-render.sh	113	113	1	8	8fefdb092fb5	STAY	inline-scoped		0				0
automation/76-uki-render.sh	1	3	3	31	30ce6116e2d0	STAY	ai-header		0				0
automation/77-composefs-verity.sh	1	4	4	20	5056a0579dba	STAY	ai-header		0				0
automation/77-composefs-verity.sh	1	5	5	31	045a91dfb64b	STAY	ai-header		0	usr/share/doc/mios/manual/_harvest/automation_77_composefs_verity_sh.md	mios-src:045a91dfb64b	31	1
automation/77-composefs-verity.sh	28	28	1	1	37687105d22d	STAY	inline-scoped		0				0
automation/78-greenboot.sh	1	4	4	23	d59de98369ee	STAY	ai-header		0				0
automation/78-greenboot.sh	1	4	4	41	24a3e8afd23f	STAY	ai-header		0	usr/share/doc/mios/manual/_harvest/automation_78_greenboot_sh.md	mios-src:24a3e8afd23f	41	1
automation/79-boot-config.sh	1	4	4	22	fe3e14b91946	STAY	ai-header		0				0
automation/79-boot-config.sh	1	4	4	35	0a29e4d247a6	STAY	ai-header		0	usr/share/doc/mios/manual/_harvest/automation_79_boot_config_sh.md	mios-src:0a29e4d247a6	35	1
automation/80-distribution.sh	1	2	2	5	d7bf00ee2ce7	STAY	ai-header		0				0
automation/85-bake-plan.sh	1	4	4	18	70792b994b22	STAY	ai-header		0				0
automation/85-bake-plan.sh	1	4	4	18	ce75a92321b3	STAY	ai-header		0	usr/share/doc/mios/manual/_harvest/automation_85_bake_plan_sh.md	mios-src:ce75a92321b3	18	1
automation/86-oscap-compliance.sh	1	4	4	12	555c072876a9	STAY	ai-header		0				0
automation/86-oscap-compliance.sh	1	4	4	110	bd0fff0b1115	STAY	ai-header		0	usr/share/doc/mios/manual/_harvest/automation_86_oscap_compliance_sh.md	mios-src:bd0fff0b1115	110	1
automation/88-finalize.sh	1	4	4	24	2f6d535509ca	STAY	ai-header		0				0
automation/88-finalize.sh	1	4	4	39	df75ba429858	STAY	ai-header		0	usr/share/doc/mios/manual/_harvest/automation_88_finalize_sh.md	mios-src:df75ba429858	39	1
automation/90-generate-sbom.sh	1	4	4	17	36089c21bf1c	STAY	ai-header		0				0
automation/90-generate-sbom.sh	1	4	4	46	66712f57ae16	STAY	ai-header		0	usr/share/doc/mios/manual/_harvest/automation_90_generate_sbom_sh.md	mios-src:66712f57ae16	46	1
automation/90-generate-sbom.sh	5	5	1	3	059f1029a725	STAY	inline-scoped		0				0
automation/90-generate-sbom.sh	14	14	1	13	29a513d41f36	STAY	local-scoped		0				0
automation/91-strip-build-toolchain.sh	1	3	3	32	48d66b80c6d4	STAY	ai-header		0				0
automation/91-strip-build-toolchain.sh	36	36	1	4	89a4f7fe6b5f	STAY	inline-scoped		0				0
automation/94-cleanup.sh	1	3	3	33	a55cf294bfa4	STAY	ai-header		0				0
automation/97-ssot-lint.sh	1	4	4	22	c8e71d4d490a	STAY	ai-header		0				0
automation/97-ssot-lint.sh	1	40	40	299	9754d3acf372	STAY	ai-header		0	usr/share/doc/mios/manual/_harvest/automation_97_ssot_lint_sh.md	mios-src:9754d3acf372	299	1
automation/97-ssot-lint.sh	7	10	4	38	5970873edcca	STAY	midsize-why		0				0
automation/97-ssot-lint.sh	19	21	3	34	3f7fe6a1077a	MIGRATE	midsize-narrative		0	usr/share/doc/mios/manual/_harvest/automation_97-ssot-lint_sh.md	mios-src:3f7fe6a1077a	34	1
automation/97-ssot-lint.sh	40	42	3	22	9d498913aeb9	STAY	midsize-why		0				0
automation/97-ssot-lint.sh	40	47	8	80	7daebbc3a66d	MIGRATE	narrative-rationale		0	usr/share/doc/mios/manual/_harvest/automation_97-ssot-lint_sh.md	mios-src:7daebbc3a66d	80	1
automation/97-ssot-lint.sh	51	51	1	4	4ceab5ec55d1	STAY	inline-scoped		0				0
automation/97-ssot-lint.sh	57	59	3	27	427b38dacc41	STAY	midsize-why		0				0
automation/97-ssot-lint.sh	60	60	1	2	6cb1c9e8528d	STAY	inline-scoped		0				0
automation/97-ssot-lint.sh	65	71	7	70	bd0d334822c4	MIGRATE	narrative-rationale		0	usr/share/doc/mios/manual/_harvest/automation_97-ssot-lint_sh.md	mios-src:bd0d334822c4	70	1
automation/97-ssot-lint.sh	67	67	1	7	55e3e850a24d	STAY	local-scoped		0				0
automation/97-ssot-lint.sh	71	71	1	8	005dbc612045	STAY	local-scoped		0				0
automation/97-ssot-lint.sh	75	75	1	10	da64c2f58e17	STAY	local-scoped		0				0
automation/97-ssot-lint.sh	83	83	1	2	09aa26bd6ba4	STAY	inline-scoped		0				0
automation/97-ssot-lint.sh	90	91	2	19	f524db8e696e	STAY	local-scoped		0				0
automation/97-ssot-lint.sh	95	95	1	8	1ee5e169274a	STAY	local-scoped		0				0
automation/97-ssot-lint.sh	98	104	7	62	8abe5835330f	MIGRATE	narrative-rationale		0	usr/share/doc/mios/manual/_harvest/automation_97-ssot-lint_sh.md	mios-src:8abe5835330f	62	1
automation/97-ssot-lint.sh	119	119	1	3	d21581f66297	STAY	local-scoped		0				0
automation/98-drift-checks.sh	1	4	4	11	21cdafa2acf3	STAY	ai-header		0				0
automation/98-drift-checks.sh	1	6	6	80	afe8cb3c5178	STAY	ai-header		0	usr/share/doc/mios/manual/_harvest/automation_98_drift_checks_sh.md	mios-src:afe8cb3c5178	80	1
automation/98-drift-checks.sh	144	144	1	2	032136219875	DROP	banner		0				0
automation/98-drift-checks.sh	167	167	1	2	032136219875	DROP	banner		0				0
automation/98-drift-checks.sh	327	327	1	2	7f0034115c65	DROP	banner		0				0
automation/98-drift-checks.sh	527	527	1	9	add3788230d2	STAY	inline-scoped		0				0
automation/98-drift-checks.sh	535	535	1	2	7f0034115c65	DROP	banner		0				0
automation/98-drift-checks.sh	558	558	1	8	28bc07bafe6d	STAY	inline-scoped		0				0
automation/98-drift-checks.sh	745	745	1	4	155da918ebe9	STAY	local-scoped		0				0
automation/98-drift-checks.sh	2588	2588	1	2	ae9276ddba31	DROP	banner		0				0
automation/98-drift-checks.sh	2592	2592	1	2	7f0034115c65	DROP	banner		0				0
automation/98-drift-checks.sh	2594	2594	1	9	4a06f4ad505f	STAY	inline-scoped		0				0
automation/98-drift-checks.sh	2675	2676	2	21	b70866315fed	STAY	local-scoped		0				0
automation/98-drift-checks.sh	2681	2681	1	3	73008300cef6	STAY	inline-scoped		0				0
automation/98-drift-checks.sh	2683	2683	1	8	0a4e864ac6e9	STAY	inline-scoped		0				0
automation/98-drift-checks.sh	2704	2704	1	4	852cce0ef803	STAY	inline-scoped		0				0
automation/98-drift-checks.sh	2725	2725	1	2	032136219875	DROP	banner		0				0
automation/98-drift-checks.sh	2740	2741	2	15	d834a30fabb6	STAY	local-scoped		0				0
automation/98-drift-checks.sh	2826	2826	1	12	7c2bba20168c	STAY	local-scoped		0				0
automation/98-drift-checks.sh	3015	3015	1	1	810b9fff4f63	STAY	inline-scoped		0				0
automation/98-drift-checks.sh	3224	3224	1	6	6c33c11edde1	STAY	inline-scoped		0				0
automation/98-drift-checks.sh	3664	3664	1	7	481a9cc43c57	STAY	inline-scoped		0				0
automation/98-drift-checks.sh	3722	3722	1	4	3decefc27659	STAY	inline-scoped		0				0
automation/98-drift-checks.sh	3765	3765	1	1	55222f9d195b	STAY	inline-scoped		0				0
automation/98-drift-checks.sh	3791	3795	5	58	b7454f6fc48e	STAY	midsize-why		0				0
automation/98-drift-checks.sh	3856	3856	1	4	fb9e01bdf78b	STAY	inline-scoped		0				0
automation/98-drift-checks.sh	3892	3892	1	5	fee76b217ee5	STAY	inline-scoped		0				0
automation/98-drift-checks.sh	3899	3899	1	4	fb9e01bdf78b	STAY	inline-scoped		0				0
automation/98-drift-checks.sh	3916	3917	2	26	35fdc73b2af4	STAY	midsize-why		0				0
automation/98-drift-checks.sh	4279	4279	1	3	9a11e86d34e6	STAY	inline-scoped		0				0
automation/98-drift-checks.sh	4541	4541	1	11	9b10844af019	STAY	inline-scoped		0				0
automation/98-drift-checks.sh	4697	4697	1	10	5c6b89f7479e	STAY	inline-scoped		0				0
automation/98-drift-checks.sh	4785	4785	1	1	44966219dd30	STAY	inline-scoped		0				0
automation/98-drift-checks.sh	4805	4805	1	7	b79370849ef1	STAY	inline-scoped		0				0
automation/98-drift-checks.sh	4807	4807	1	6	77ed98c1e673	STAY	inline-scoped		0				0
automation/98-drift-checks.sh	4810	4810	1	5	83aceb724739	STAY	inline-scoped		0				0
automation/98-drift-checks.sh	5184	5184	1	4	bf9345aacc84	STAY	inline-scoped		0				0
automation/98-drift-checks.sh	5658	5659	2	22	95299ec3295f	STAY	local-scoped		0				0
automation/98-drift-checks.sh	5870	5872	3	24	f75e3239c905	STAY	midsize-why		0				0
automation/98-drift-checks.sh	5910	5910	1	4	98db244666df	STAY	inline-scoped		0				0
automation/98-drift-checks.sh	6000	6003	4	47	89b7dd38dc49	STAY	midsize-why		0				0
automation/98-drift-checks.sh	6021	6021	1	3	2baccfaa57df	STAY	local-scoped		0				0
automation/98-drift-checks.sh	6032	6032	1	3	2baccfaa57df	STAY	local-scoped		0				0
automation/98-drift-checks.sh	6041	6042	2	23	532cd4a5778d	STAY	local-scoped		0				0
automation/98-drift-checks.sh	6045	6047	3	27	cd87a464c8b5	STAY	midsize-why		0				0
automation/98-drift-checks.sh	6054	6054	1	5	b34c607da2f0	STAY	inline-scoped		0				0
automation/98-drift-checks.sh	6351	6354	4	43	8ea98e3465e1	STAY	midsize-why		0				0
automation/98-drift-checks.sh	6366	6367	2	21	13efaae6a477	STAY	local-scoped		0				0
automation/98-drift-checks.sh	6440	6444	5	52	8b090e6f22f4	STAY	midsize-why		0				0
automation/98-drift-checks.sh	6513	6517	5	50	6eaf54cc340d	STAY	midsize-why		0				0
automation/98-drift-checks.sh	6552	6553	2	19	63a249896aee	STAY	local-scoped		0				0
automation/98-drift-checks.sh	6573	6576	4	36	a427d2f30874	STAY	midsize-why		0				0
automation/98-drift-checks.sh	6632	6635	4	37	6bfceaac51ad	STAY	midsize-why		0				0
automation/98-drift-checks.sh	6713	6716	4	49	0a67ec9ad733	STAY	midsize-why		0				0
automation/98-drift-checks.sh	6777	6782	6	70	62f7b82da080	MIGRATE	narrative-rationale		0	usr/share/doc/mios/manual/_harvest/automation_98-drift-checks_sh.md	mios-src:62f7b82da080	70	1
automation/98-drift-checks.sh	7002	7002	1	4	27372f76b5f6	STAY	local-scoped		0				0
automation/98-drift-checks.sh	7069	7069	1	8	e4bacea04137	STAY	local-scoped		0				0
automation/98-drift-checks.sh	7153	7153	1	8	bdfe851692a3	STAY	local-scoped		0				0
automation/98-drift-checks.sh	7166	7166	1	8	accc477b4682	STAY	local-scoped		0				0
automation/98-drift-checks.sh	7179	7179	1	9	6d45b0c3821a	STAY	local-scoped		0				0
automation/98-drift-checks.sh	7689	7689	1	13	3f7bba27b294	STAY	local-scoped		0				0
automation/98-drift-checks.sh	7715	7715	1	1	d7b3a261b719	DROP	banner		0				0
automation/98-drift-checks.sh	7721	7721	1	10	f63267e0ec99	STAY	local-scoped		0				0
automation/98-drift-checks.sh	7788	7788	1	8	03252a4bab69	STAY	local-scoped		0				0
automation/98-drift-checks.sh	7803	7803	1	13	913819be87d2	STAY	local-scoped		0				0
automation/98-drift-checks.sh	7879	7879	1	11	b7a6d3967e32	STAY	local-scoped		0				0
automation/99-postcheck.sh	1	4	4	23	ee5fb17a581c	STAY	ai-header		0				0
automation/99-postcheck.sh	1	5	5	43	845010814b0e	STAY	ai-header		0	usr/share/doc/mios/manual/_harvest/automation_99_postcheck_sh.md	mios-src:845010814b0e	43	1
automation/99-postcheck.sh	195	195	1	2	bd3a3e388485	STAY	inline-scoped		0				0
automation/99-postcheck.sh	197	197	1	4	a745dfc28176	STAY	inline-scoped		0				0
automation/99-postcheck.sh	301	301	1	2	032136219875	DROP	banner		0				0
automation/99-postcheck.sh	322	322	1	2	032136219875	DROP	banner		0				0
automation/99-postcheck.sh	525	525	1	5	43d20e42c8f2	STAY	inline-scoped		0				0
automation/99-postcheck.sh	545	545	1	11	0f41b61e759a	STAY	local-scoped		0				0
automation/99-postcheck.sh	554	554	1	8	dbe71493794d	STAY	inline-scoped		0				0
automation/99-postcheck.sh	595	595	1	0	75a3dedb3323	DROP	banner		0				0
automation/99-postcheck.sh	596	596	1	0	37f952327d54	DROP	banner		0				0
automation/99-postcheck.sh	602	602	1	2	2785e2ac1246	STAY	inline-scoped		0				0
automation/99-postcheck.sh	624	624	1	7	8fab2c3cbee3	STAY	local-scoped		0				0
automation/ai-bootstrap.sh	1	3	3	32	ee577b697419	STAY	ai-header		0				0
automation/bcvk-wrapper.sh	1	4	4	35	98083188bd51	STAY	ai-header		0				0
automation/bootstrap.sh	1	3	3	24	bc3f242492b1	STAY	ai-header		0				0
automation/bootstrap.sh	1	3	3	32	cb645fc17b62	STAY	ai-header		0	usr/share/doc/mios/manual/_harvest/automation_bootstrap_sh.md	mios-src:cb645fc17b62	32	1
automation/bootstrap.sh	96	96	1	4	403736fa581b	DROP	banner		0				0
automation/bootstrap.sh	97	97	1	11	2f194891272a	STAY	inline-scoped		0				0
automation/build-mios.sh	1	3	3	31	0e95457d95ba	STAY	ai-header		0				0
automation/build-mios.sh	1	4	4	50	04791f399af5	STAY	ai-header		0	usr/share/doc/mios/manual/_harvest/automation_build_mios_sh.md	mios-src:04791f399af5	50	1
automation/build-mios.sh	18	18	1	7	9f1179e81b99	STAY	inline-scoped		0				0
automation/build-mios.sh	24	24	1	2	bd1275524ecf	DROP	banner		0				0
automation/build-mios.sh	219	219	1	1	80050b65e7ec	DROP	banner		0				0
automation/build-mios.sh	220	220	1	1	bf54cc0e3ed0	DROP	banner		0				0
automation/build-mios.sh	243	243	1	1	12378de214ef	DROP	commented-out-code		0				0
automation/build-windows-binaries.sh	1	2	2	11	d5d115bafa64	STAY	ai-header		0				0
automation/build-windows-binaries.sh	23	23	1	2	d3974e762c49	STAY	inline-scoped		0				0
automation/build-windows-binaries.sh	25	25	1	2	40c68f93d573	STAY	inline-scoped		0				0
automation/build-windows-binaries.sh	48	48	1	8	84f0e1df5edc	STAY	inline-scoped		0				0
automation/build.sh	1	3	3	26	177d401e3298	STAY	ai-header		0				0
automation/build.sh	1	4	4	52	3a7c439788e2	STAY	ai-header		0	usr/share/doc/mios/manual/_harvest/automation_build_sh.md	mios-src:3a7c439788e2	52	1
automation/build.sh	18	18	1	6	b539b899f161	STAY	inline-scoped		0				0
automation/build.sh	22	22	1	1	b775a4867d37	STAY	inline-scoped		0				0
automation/build.sh	72	72	1	3	53517b66899b	STAY	inline-scoped		0				0
automation/build.sh	91	91	1	3	53517b66899b	STAY	inline-scoped		0				0
automation/build.sh	120	120	1	4	651787cb54c0	STAY	inline-scoped		0				0
automation/build.sh	135	135	1	4	8909052edf21	STAY	inline-scoped		0				0
automation/build.sh	221	221	1	3	68e907111676	STAY	inline-scoped		0				0
automation/build.sh	231	231	1	3	5f1f824ca2e1	STAY	inline-scoped		0				0
automation/build.sh	248	248	1	1	7a983330f09c	DROP	banner		0				0
automation/build.sh	333	333	1	4	5ef326a6e99e	STAY	inline-scoped		0				0
automation/build.sh	447	447	1	10	ebfcba112a49	STAY	local-scoped		0				0
automation/build.sh	496	496	1	6	49aa3e43a7df	DROP	banner		0				0
automation/build.sh	498	498	1	4	26761e246572	STAY	inline-scoped		0				0
automation/build.sh	507	507	1	2	5b20079faedf	DROP	banner		0				0
automation/build.sh	511	511	1	1	c718589a6079	STAY	inline-scoped		0				0
automation/build.sh	525	525	1	4	7b8098afede3	STAY	inline-scoped		0				0
automation/build.sh	529	529	1	1	a5b808b90301	DROP	banner		0				0
automation/build/rechunk.sh	1	3	3	15	56346f4007cc	STAY	ai-header		0				0
automation/enroll-mok.sh	1	3	3	32	6ba038552116	STAY	ai-header		0				0
automation/enroll-mok.sh	9	9	1	3	1ce5f02a6f9f	STAY	inline-scoped		0				0
automation/firstboot/mios-cephfs-mount-setup.sh	1	3	3	18	bebcd6f882bd	STAY	ai-header		0				0
automation/firstboot/mios-cephfs-mount-setup.sh	1	3	3	21	6e7a8d7c3732	STAY	ai-header		0	usr/share/doc/mios/manual/_harvest/automation_firstboot_mios_cephfs_mount_setup_sh.md	mios-src:6e7a8d7c3732	21	1
automation/firstboot/mios-conv-inference-setup.sh	1	2	2	10	4c4d7130db50	STAY	ai-header		0				0
automation/firstboot/mios-xdg-setup.sh	1	3	3	21	4a6f3020acd1	STAY	ai-header		0				0
automation/firstboot/mios-xdg-setup.sh	1	3	3	22	79ad8e9015d2	STAY	ai-header		0	usr/share/doc/mios/manual/_harvest/automation_firstboot_mios_xdg_setup_sh.md	mios-src:79ad8e9015d2	22	1
automation/generate-mok-key.sh	1	2	2	29	cf1cdb5872aa	STAY	ai-header		0				0
automation/install-bootstrap.sh	1	3	3	28	91ea6c90f926	STAY	ai-header		0				0
automation/install-bootstrap.sh	1	4	4	51	4ebf3210e5a8	STAY	ai-header		0	usr/share/doc/mios/manual/_harvest/automation_install_bootstrap_sh.md	mios-src:4ebf3210e5a8	51	1
automation/install-fhs.sh	1	4	4	21	96d92151ec29	STAY	ai-header		0				0
automation/install-fhs.sh	1	4	4	30	9423ab4cd7be	STAY	ai-header		0	usr/share/doc/mios/manual/_harvest/automation_install_fhs_sh.md	mios-src:9423ab4cd7be	30	1
automation/install.sh	1	4	4	20	ac50d7335bcf	STAY	ai-header		0				0
automation/install.sh	1	3	3	46	3b89614343c1	STAY	ai-header		0	usr/share/doc/mios/manual/_harvest/automation_install_sh.md	mios-src:3b89614343c1	46	1
automation/lib/MiOS.Build/Bake.psm1	1	1	1	11	4a6e8652e55a	STAY	ai-header		0				0
automation/lib/MiOS.Build/Branding.psm1	1	1	1	11	6f88c8207193	STAY	ai-header		0				0
automation/lib/MiOS.Build/Dashboard.psm1	1	1	1	9	d060e6b3e72b	STAY	ai-header		0				0
automation/lib/MiOS.Build/Provision.psm1	1	1	1	12	b9025705ee9d	STAY	ai-header		0				0
automation/lib/MiOS.Console.psm1	1	1	1	12	8059226217fe	STAY	ai-header		0				0
automation/lib/MiOS.Console.psm1	13	13	1	6	d72afb206d8e	DROP	banner		0				0
automation/lib/MiOS.Console.psm1	40	40	1	13	3130f1f60620	STAY	inline-scoped		0				0
automation/lib/MiOS.Install/Agreement.psm1	1	1	1	8	379a4f1d04be	STAY	ai-header		0				0
automation/lib/MiOS.Install/Dashboard.psm1	1	1	1	8	79d7da955a67	STAY	ai-header		0				0
automation/lib/MiOS.Install/Theme.psm1	1	1	1	7	cf090075b18b	STAY	ai-header		0				0
automation/lib/MiOS.Install/Verbs.psm1	1	1	1	9	f8a6351e422c	STAY	ai-header		0				0
automation/lib/MiOS.Install/WinTools.psm1	1	1	1	9	542efcaa234b	STAY	ai-header		0				0
automation/lib/MiOS.Log.psm1	1	2	2	19	ede46fc327e8	STAY	ai-header		0				0
automation/lib/MiOS.Toml.psm1	1	1	1	12	c59b50af6e30	STAY	ai-header		0				0
automation/lib/MiOS.Toml.psm1	14	21	8	68	59b5c506e354	MIGRATE	narrative-rationale		0	usr/share/doc/mios/manual/_harvest/automation_lib_MiOS_Toml_psm1.md	mios-src:59b5c506e354	68	1
automation/lib/MiOS.Toml.psm1	86	86	1	0	a7ffbb836a84	DROP	banner		0				0
automation/lib/MiOS.Win.psm1	1	1	1	9	e31d05bb956a	STAY	ai-header		0				0
automation/lib/MiOS.Win.psm1	6	9	4	39	ce67ea9e2a64	STAY	midsize-why		0				0
automation/lib/agreements-banner.ps1	1	2	2	20	111f27106448	STAY	ai-header		0				0
automation/lib/agreements-banner.ps1	1	24	24	164	8aef9c3bb4a6	STAY	ai-header		0	usr/share/doc/mios/manual/_harvest/automation_lib_agreements_banner_ps1.md	mios-src:8aef9c3bb4a6	164	1
automation/lib/agreements-banner.ps1	137	139	3	31	54af63944b55	STAY	midsize-why		0				0
automation/lib/agreements-banner.ps1	150	151	2	21	96fb6a641467	STAY	local-scoped		0				0
automation/lib/agreements-banner.ps1	166	166	1	3	7d0ded2725c5	STAY	local-scoped		0				0
automation/lib/agreements-banner.ps1	175	175	1	5	57ac2deabb14	STAY	local-scoped		0				0
automation/lib/agreements-banner.ps1	182	182	1	5	bd0d3a9ab88f	STAY	local-scoped		0				0
automation/lib/agreements-banner.ps1	193	193	1	7	b4882e4615a3	STAY	local-scoped		0				0
automation/lib/agreements-banner.ps1	205	205	1	6	d9c5d3fa326f	STAY	local-scoped		0				0
automation/lib/agreements-banner.sh	1	3	3	25	728f8aa1a969	STAY	ai-header		0				0
automation/lib/agreements-banner.sh	1	4	4	37	44f9919d6249	STAY	ai-header		0	usr/share/doc/mios/manual/_harvest/automation_lib_agreements_banner_sh.md	mios-src:44f9919d6249	37	1
automation/lib/common.sh	1	3	3	25	22263b63055a	STAY	ai-header		0				0
automation/lib/common.sh	1	4	4	39	7605dc150172	STAY	ai-header		0	usr/share/doc/mios/manual/_harvest/automation_lib_common_sh.md	mios-src:7605dc150172	39	1
automation/lib/common.sh	64	64	1	7	d2fa2d3030aa	STAY	inline-scoped		0				0
automation/lib/common.sh	65	65	1	8	159c38fa6f76	STAY	inline-scoped		0				0
automation/lib/common.sh	66	66	1	5	d57ae561beb8	STAY	inline-scoped		0				0
automation/lib/common.sh	67	67	1	10	b34e1f7cb62c	STAY	inline-scoped		0				0
automation/lib/generate-packages.sh	1	3	3	14	a1c482206203	STAY	ai-header		0				0
automation/lib/generate-packages.sh	1	4	4	78	ae74b5e69761	STAY	ai-header		0	usr/share/doc/mios/manual/_harvest/automation_lib_generate_packages_sh.md	mios-src:ae74b5e69761	78	1
automation/lib/globals.ps1	1	12	12	62	ab0c43f38a23	DROP	generated-artifact		0				0
automation/lib/globals.ps1	1	12	12	63	03d54d6ab97e	DROP	generated-artifact		0	usr/share/doc/mios/manual/_harvest/automation_lib_globals_ps1.md	mios-src:03d54d6ab97e	63	1
automation/lib/globals.ps1	210	210	1	1	da3732731197	DROP	generated-artifact		0				0
automation/lib/globals.ps1	211	211	1	1	9e07a589a756	DROP	generated-artifact		0				0
automation/lib/globals.ps1	212	212	1	1	e872b035f6a4	DROP	generated-artifact		0				0
automation/lib/globals.ps1	213	213	1	1	893d802bb00c	DROP	generated-artifact		0				0
automation/lib/globals.ps1	214	214	1	1	b59163ead52a	DROP	generated-artifact		0				0
automation/lib/globals.ps1	215	215	1	1	a077f1fbf8df	DROP	generated-artifact		0				0
automation/lib/globals.ps1	216	216	1	1	a49e2f421bba	DROP	generated-artifact		0				0
automation/lib/globals.ps1	217	217	1	1	394d87f0894d	DROP	generated-artifact		0				0
automation/lib/globals.ps1	218	218	1	1	adebef83c001	DROP	generated-artifact		0				0
automation/lib/globals.ps1	219	219	1	1	48ca18fde5a4	DROP	generated-artifact		0				0
automation/lib/globals.ps1	220	220	1	1	c93a89851e54	DROP	generated-artifact		0				0
automation/lib/globals.ps1	221	221	1	1	41537ca71d32	DROP	generated-artifact		0				0
automation/lib/globals.ps1	222	222	1	1	627c2a8f03a6	DROP	generated-artifact		0				0
automation/lib/globals.ps1	223	223	1	1	2e41fbcc1b05	DROP	generated-artifact		0				0
automation/lib/globals.ps1	224	224	1	1	4d22464646b7	DROP	generated-artifact		0				0
automation/lib/globals.ps1	225	225	1	1	4402bab1822e	DROP	generated-artifact		0				0
automation/lib/globals.ps1	510	510	1	1	c93a89851e54	DROP	generated-artifact		0				0
automation/lib/globals.ps1	511	511	1	1	da3732731197	DROP	generated-artifact		0				0
automation/lib/globals.ps1	512	512	1	1	9e07a589a756	DROP	generated-artifact		0				0
automation/lib/globals.ps1	513	513	1	1	e872b035f6a4	DROP	generated-artifact		0				0
automation/lib/globals.ps1	514	514	1	1	893d802bb00c	DROP	generated-artifact		0				0
automation/lib/globals.ps1	515	515	1	1	b59163ead52a	DROP	generated-artifact		0				0
automation/lib/globals.ps1	516	516	1	1	a077f1fbf8df	DROP	generated-artifact		0				0
automation/lib/globals.ps1	517	517	1	1	a49e2f421bba	DROP	generated-artifact		0				0
automation/lib/globals.ps1	518	518	1	1	394d87f0894d	DROP	generated-artifact		0				0
automation/lib/globals.ps1	519	519	1	1	adebef83c001	DROP	generated-artifact		0				0
automation/lib/globals.ps1	520	520	1	1	48ca18fde5a4	DROP	generated-artifact		0				0
automation/lib/globals.ps1	521	521	1	1	c93a89851e54	DROP	generated-artifact		0				0
automation/lib/globals.ps1	522	522	1	1	41537ca71d32	DROP	generated-artifact		0				0
automation/lib/globals.ps1	523	523	1	1	627c2a8f03a6	DROP	generated-artifact		0				0
automation/lib/globals.ps1	524	524	1	1	2e41fbcc1b05	DROP	generated-artifact		0				0
automation/lib/globals.ps1	525	525	1	1	4d22464646b7	DROP	generated-artifact		0				0
automation/lib/globals.ps1	526	526	1	1	4402bab1822e	DROP	generated-artifact		0				0
automation/lib/globals.ps1	527	527	1	1	da3732731197	DROP	generated-artifact		0				0
automation/lib/globals.ps1	528	528	1	1	48ca18fde5a4	DROP	generated-artifact		0				0
automation/lib/globals.ps1	529	529	1	1	41537ca71d32	DROP	generated-artifact		0				0
automation/lib/globals.ps1	530	530	1	1	394d87f0894d	DROP	generated-artifact		0				0
automation/lib/globals.ps1	531	531	1	1	2e41fbcc1b05	DROP	generated-artifact		0				0
automation/lib/globals.ps1	532	532	1	1	c93a89851e54	DROP	generated-artifact		0				0
automation/lib/globals.ps1	533	533	1	1	4d22464646b7	DROP	generated-artifact		0				0
automation/lib/globals.ps1	534	534	1	1	a077f1fbf8df	DROP	generated-artifact		0				0
automation/lib/globals.ps1	535	535	1	1	627c2a8f03a6	DROP	generated-artifact		0				0
automation/lib/globals.ps1	536	536	1	1	adebef83c001	DROP	generated-artifact		0				0
automation/lib/globals.ps1	537	537	1	1	48ca18fde5a4	DROP	generated-artifact		0				0
automation/lib/globals.ps1	538	538	1	1	c93a89851e54	DROP	generated-artifact		0				0
automation/lib/globals.ps1	539	539	1	1	da3732731197	DROP	generated-artifact		0				0
automation/lib/globals.ps1	540	540	1	1	9e07a589a756	DROP	generated-artifact		0				0
automation/lib/globals.ps1	541	541	1	1	e872b035f6a4	DROP	generated-artifact		0				0
automation/lib/globals.ps1	542	542	1	1	893d802bb00c	DROP	generated-artifact		0				0
automation/lib/globals.ps1	543	543	1	1	b59163ead52a	DROP	generated-artifact		0				0
automation/lib/globals.ps1	544	544	1	1	a077f1fbf8df	DROP	generated-artifact		0				0
automation/lib/globals.ps1	545	545	1	1	a49e2f421bba	DROP	generated-artifact		0				0
automation/lib/globals.ps1	546	546	1	1	394d87f0894d	DROP	generated-artifact		0				0
automation/lib/globals.ps1	547	547	1	1	adebef83c001	DROP	generated-artifact		0				0
automation/lib/globals.ps1	548	548	1	1	48ca18fde5a4	DROP	generated-artifact		0				0
automation/lib/globals.ps1	549	549	1	1	c93a89851e54	DROP	generated-artifact		0				0
automation/lib/globals.ps1	550	550	1	1	41537ca71d32	DROP	generated-artifact		0				0
automation/lib/globals.ps1	551	551	1	1	627c2a8f03a6	DROP	generated-artifact		0				0
automation/lib/globals.ps1	552	552	1	1	2e41fbcc1b05	DROP	generated-artifact		0				0
automation/lib/globals.ps1	553	553	1	1	4d22464646b7	DROP	generated-artifact		0				0
automation/lib/globals.ps1	554	554	1	1	4402bab1822e	DROP	generated-artifact		0				0
automation/lib/globals.ps1	555	555	1	1	da3732731197	DROP	generated-artifact		0				0
automation/lib/globals.ps1	556	556	1	1	48ca18fde5a4	DROP	generated-artifact		0				0
automation/lib/globals.ps1	557	557	1	1	41537ca71d32	DROP	generated-artifact		0				0
automation/lib/globals.ps1	558	558	1	1	394d87f0894d	DROP	generated-artifact		0				0
automation/lib/globals.ps1	559	559	1	1	2e41fbcc1b05	DROP	generated-artifact		0				0
automation/lib/globals.ps1	560	560	1	1	c93a89851e54	DROP	generated-artifact		0				0
automation/lib/globals.ps1	561	561	1	1	4d22464646b7	DROP	generated-artifact		0				0
automation/lib/globals.ps1	563	563	1	1	a077f1fbf8df	DROP	generated-artifact		0				0
automation/lib/globals.ps1	564	564	1	1	627c2a8f03a6	DROP	generated-artifact		0				0
automation/lib/globals.ps1	565	565	1	1	adebef83c001	DROP	generated-artifact		0				0
automation/lib/globals.ps1	566	566	1	1	48ca18fde5a4	DROP	generated-artifact		0				0
automation/lib/globals.ps1	711	711	1	49	ed8d873dd62f	DROP	generated-artifact		0				0
automation/lib/globals.ps1	951	951	1	1	c93a89851e54	DROP	generated-artifact		0				0
automation/lib/globals.ps1	960	960	1	1	a937e0c82114	DROP	generated-artifact		0				0
automation/lib/globals.ps1	969	969	1	1	da3732731197	DROP	generated-artifact		0				0
automation/lib/globals.ps1	1518	1518	1	2	a09436ef5ebb	DROP	generated-artifact		0				0
automation/lib/globals.ps1	2116	2116	1	5	c9406f9f2d9c	DROP	generated-artifact		0				0
automation/lib/globals.ps1	2276	2276	1	7	e7d5e11a02ff	DROP	generated-artifact		0				0
automation/lib/globals.ps1	2284	2284	1	2	d19633b1b581	DROP	generated-artifact		0				0
automation/lib/globals.ps1	2412	2412	1	11	8c18a42b44eb	DROP	generated-artifact		0				0
automation/lib/globals.ps1	2413	2414	2	13	dc7f99e14b6d	DROP	generated-artifact		0				0
automation/lib/globals.ps1	2415	2415	1	9	39b6655b39ad	DROP	generated-artifact		0				0
automation/lib/globals.ps1	2450	2450	1	11	6788ec8ca083	DROP	generated-artifact		0				0
automation/lib/globals.ps1	2484	2484	1	11	ff2f4fffcb54	DROP	generated-artifact		0				0
automation/lib/globals.ps1	2485	2487	3	37	818b7ebef256	DROP	generated-artifact		0				0
automation/lib/globals.ps1	2488	2488	1	15	3de3c32c3122	DROP	generated-artifact		0				0
automation/lib/globals.ps1	2489	2489	1	13	7f10641f2538	DROP	generated-artifact		0				0
automation/lib/globals.ps1	2490	2490	1	12	191d8bb8de1d	DROP	generated-artifact		0				0
automation/lib/globals.ps1	2491	2491	1	13	72223a18fef2	DROP	generated-artifact		0				0
automation/lib/globals.ps1	2492	2492	1	16	4abe5e2e3a1f	DROP	generated-artifact		0				0
automation/lib/globals.ps1	2493	2493	1	13	faee39cd0a3d	DROP	generated-artifact		0				0
automation/lib/globals.ps1	2513	2513	1	14	c55c59524699	DROP	generated-artifact		0				0
automation/lib/globals.ps1	2514	2514	1	12	5a37c6e7166a	DROP	generated-artifact		0				0
automation/lib/globals.ps1	2515	2515	1	8	1096e43621d0	DROP	generated-artifact		0				0
automation/lib/globals.ps1	2516	2518	3	36	3d00fa4b4c85	DROP	generated-artifact		0				0
automation/lib/globals.ps1	2583	2583	1	8	9284a6be114d	DROP	generated-artifact		0				0
automation/lib/globals.ps1	2584	2584	1	4	5751819c487f	DROP	generated-artifact		0				0
automation/lib/globals.ps1	2633	2633	1	9	6ccc8f3cbb02	DROP	generated-artifact		0				0
automation/lib/globals.ps1	2634	2634	1	9	41af261639d4	DROP	generated-artifact		0				0
automation/lib/globals.ps1	2739	2739	1	11	1a2b606c0073	DROP	generated-artifact		0				0
automation/lib/globals.ps1	2740	2742	3	34	53194d5fdf29	DROP	generated-artifact		0				0
automation/lib/globals.ps1	2752	2754	3	25	b6f7bd40ec4b	DROP	generated-artifact		0				0
automation/lib/globals.ps1	2758	2759	2	19	6e6892a3e0f9	DROP	generated-artifact		0				0
automation/lib/globals.ps1	2785	2786	2	19	67503fc180c7	DROP	generated-artifact		0				0
automation/lib/globals.ps1	2844	2844	1	8	157f4000115a	DROP	generated-artifact		0				0
automation/lib/globals.ps1	2853	2855	3	27	58db549bb57a	DROP	generated-artifact		0				0
automation/lib/globals.ps1	2899	2899	1	10	60b3c5ef98a6	DROP	generated-artifact		0				0
automation/lib/globals.ps1	2900	2900	1	8	f31ceeec0c65	DROP	generated-artifact		0				0
automation/lib/globals.ps1	2959	2959	1	12	aca3f4590ecc	DROP	generated-artifact		0				0
automation/lib/globals.ps1	2960	2960	1	8	2a13c9e99aa0	DROP	generated-artifact		0				0
automation/lib/globals.ps1	2961	2961	1	5	25d967b3bf78	DROP	generated-artifact		0				0
automation/lib/globals.ps1	2962	2962	1	10	e282b74fe0b9	DROP	generated-artifact		0				0
automation/lib/globals.ps1	2963	2963	1	8	749b81c1e5a1	DROP	generated-artifact		0				0
automation/lib/globals.ps1	2978	2978	1	7	2f91d09caa6d	DROP	generated-artifact		0				0
automation/lib/globals.ps1	2979	2982	4	34	4aae2786e311	DROP	generated-artifact		0				0
automation/lib/globals.ps1	3016	3016	1	11	de86c5d472a5	DROP	generated-artifact		0				0
automation/lib/globals.ps1	3022	3022	1	14	1b91c76391cf	DROP	generated-artifact		0				0
automation/lib/globals.ps1	3023	3023	1	11	64b19380a1e7	DROP	generated-artifact		0				0
automation/lib/globals.ps1	3024	3024	1	10	2a77d58dec7f	DROP	generated-artifact		0				0
automation/lib/globals.ps1	3032	3032	1	12	ae5b48d70d54	DROP	generated-artifact		0				0
automation/lib/globals.ps1	3033	3033	1	13	455888f8edcf	DROP	generated-artifact		0				0
automation/lib/globals.ps1	3111	3111	1	14	b1e76d258c99	DROP	generated-artifact		0				0
automation/lib/globals.ps1	3237	3237	1	11	8c18a42b44eb	DROP	generated-artifact		0				0
automation/lib/globals.ps1	3238	3239	2	13	dc7f99e14b6d	DROP	generated-artifact		0				0
automation/lib/globals.ps1	3240	3240	1	9	39b6655b39ad	DROP	generated-artifact		0				0
automation/lib/globals.ps1	3275	3275	1	11	6788ec8ca083	DROP	generated-artifact		0				0
automation/lib/globals.ps1	3309	3309	1	11	ff2f4fffcb54	DROP	generated-artifact		0				0
automation/lib/globals.ps1	3310	3312	3	37	818b7ebef256	DROP	generated-artifact		0				0
automation/lib/globals.ps1	3313	3313	1	15	3de3c32c3122	DROP	generated-artifact		0				0
automation/lib/globals.ps1	3314	3314	1	13	7f10641f2538	DROP	generated-artifact		0				0
automation/lib/globals.ps1	3315	3315	1	12	191d8bb8de1d	DROP	generated-artifact		0				0
automation/lib/globals.ps1	3316	3316	1	13	72223a18fef2	DROP	generated-artifact		0				0
automation/lib/globals.ps1	3317	3317	1	16	4abe5e2e3a1f	DROP	generated-artifact		0				0
automation/lib/globals.ps1	3318	3318	1	13	faee39cd0a3d	DROP	generated-artifact		0				0
automation/lib/globals.ps1	3338	3338	1	14	c55c59524699	DROP	generated-artifact		0				0
automation/lib/globals.ps1	3339	3339	1	12	5a37c6e7166a	DROP	generated-artifact		0				0
automation/lib/globals.ps1	3340	3340	1	8	1096e43621d0	DROP	generated-artifact		0				0
automation/lib/globals.ps1	3341	3343	3	36	3d00fa4b4c85	DROP	generated-artifact		0				0
automation/lib/globals.ps1	3408	3408	1	8	9284a6be114d	DROP	generated-artifact		0				0
automation/lib/globals.ps1	3409	3409	1	4	5751819c487f	DROP	generated-artifact		0				0
automation/lib/globals.ps1	3458	3458	1	9	6ccc8f3cbb02	DROP	generated-artifact		0				0
automation/lib/globals.ps1	3459	3459	1	9	41af261639d4	DROP	generated-artifact		0				0
automation/lib/globals.ps1	3564	3564	1	11	1a2b606c0073	DROP	generated-artifact		0				0
automation/lib/globals.ps1	3565	3567	3	34	53194d5fdf29	DROP	generated-artifact		0				0
automation/lib/globals.ps1	3577	3579	3	25	b6f7bd40ec4b	DROP	generated-artifact		0				0
automation/lib/globals.ps1	3583	3584	2	19	6e6892a3e0f9	DROP	generated-artifact		0				0
automation/lib/globals.ps1	3610	3611	2	19	67503fc180c7	DROP	generated-artifact		0				0
automation/lib/globals.ps1	3669	3669	1	8	157f4000115a	DROP	generated-artifact		0				0
automation/lib/globals.ps1	3678	3680	3	27	58db549bb57a	DROP	generated-artifact		0				0
automation/lib/globals.ps1	3724	3724	1	10	60b3c5ef98a6	DROP	generated-artifact		0				0
automation/lib/globals.ps1	3725	3725	1	8	f31ceeec0c65	DROP	generated-artifact		0				0
automation/lib/globals.ps1	3784	3784	1	12	aca3f4590ecc	DROP	generated-artifact		0				0
automation/lib/globals.ps1	3785	3785	1	8	2a13c9e99aa0	DROP	generated-artifact		0				0
automation/lib/globals.ps1	3786	3786	1	5	25d967b3bf78	DROP	generated-artifact		0				0
automation/lib/globals.ps1	3787	3787	1	10	e282b74fe0b9	DROP	generated-artifact		0				0
automation/lib/globals.ps1	3788	3788	1	8	749b81c1e5a1	DROP	generated-artifact		0				0
automation/lib/globals.ps1	3803	3803	1	7	2f91d09caa6d	DROP	generated-artifact		0				0
automation/lib/globals.ps1	3804	3807	4	34	4aae2786e311	DROP	generated-artifact		0				0
automation/lib/globals.ps1	3841	3841	1	11	de86c5d472a5	DROP	generated-artifact		0				0
automation/lib/globals.ps1	3847	3847	1	14	1b91c76391cf	DROP	generated-artifact		0				0
automation/lib/globals.ps1	3848	3848	1	11	64b19380a1e7	DROP	generated-artifact		0				0
automation/lib/globals.ps1	3849	3849	1	10	2a77d58dec7f	DROP	generated-artifact		0				0
automation/lib/globals.ps1	3857	3857	1	12	ae5b48d70d54	DROP	generated-artifact		0				0
automation/lib/globals.ps1	3858	3858	1	13	455888f8edcf	DROP	generated-artifact		0				0
automation/lib/globals.ps1	3936	3936	1	14	b1e76d258c99	DROP	generated-artifact		0				0
automation/lib/globals.ps1	4113	4113	1	8	4b15c5579ed0	DROP	generated-artifact		0				0
automation/lib/globals.ps1	4116	4116	1	8	d7a05b3c83a4	DROP	generated-artifact		0				0
automation/lib/globals.sh	1	9	9	60	158168333d31	DROP	generated-artifact		0				0
automation/lib/globals.sh	1	9	9	61	8a0fd193deb1	DROP	generated-artifact		0	usr/share/doc/mios/manual/_harvest/automation_lib_globals_sh.md	mios-src:8a0fd193deb1	61	1
automation/lib/globals.sh	185	185	1	1	09c209bca110	DROP	generated-artifact		0				0
automation/lib/globals.sh	186	186	1	1	1d2f769de404	DROP	generated-artifact		0				0
automation/lib/globals.sh	187	187	1	1	7f1025b44c77	DROP	generated-artifact		0				0
automation/lib/globals.sh	188	188	1	1	7d04dd0d4e9b	DROP	generated-artifact		0				0
automation/lib/globals.sh	189	189	1	1	087b52f7cd6f	DROP	generated-artifact		0				0
automation/lib/globals.sh	190	190	1	1	79e868fe7c41	DROP	generated-artifact		0				0
automation/lib/globals.sh	191	191	1	1	3fc321af4f2f	DROP	generated-artifact		0				0
automation/lib/globals.sh	192	192	1	1	e08de8b873d8	DROP	generated-artifact		0				0
automation/lib/globals.sh	193	193	1	1	0c1b34e86ee0	DROP	generated-artifact		0				0
automation/lib/globals.sh	194	194	1	1	977992c09002	DROP	generated-artifact		0				0
automation/lib/globals.sh	195	195	1	1	fd58a6d2f28c	DROP	generated-artifact		0				0
automation/lib/globals.sh	196	196	1	1	3e3d1e952452	DROP	generated-artifact		0				0
automation/lib/globals.sh	197	197	1	1	78ee1ceca874	DROP	generated-artifact		0				0
automation/lib/globals.sh	198	198	1	1	859ead2f854d	DROP	generated-artifact		0				0
automation/lib/globals.sh	199	199	1	1	1aef33da073c	DROP	generated-artifact		0				0
automation/lib/globals.sh	200	200	1	1	a170dc2e0097	DROP	generated-artifact		0				0
automation/lib/globals.sh	485	485	1	1	fd58a6d2f28c	DROP	generated-artifact		0				0
automation/lib/globals.sh	486	486	1	1	09c209bca110	DROP	generated-artifact		0				0
automation/lib/globals.sh	487	487	1	1	1d2f769de404	DROP	generated-artifact		0				0
automation/lib/globals.sh	488	488	1	1	7f1025b44c77	DROP	generated-artifact		0				0
automation/lib/globals.sh	489	489	1	1	7d04dd0d4e9b	DROP	generated-artifact		0				0
automation/lib/globals.sh	490	490	1	1	087b52f7cd6f	DROP	generated-artifact		0				0
automation/lib/globals.sh	491	491	1	1	79e868fe7c41	DROP	generated-artifact		0				0
automation/lib/globals.sh	492	492	1	1	3fc321af4f2f	DROP	generated-artifact		0				0
automation/lib/globals.sh	493	493	1	1	e08de8b873d8	DROP	generated-artifact		0				0
automation/lib/globals.sh	494	494	1	1	0c1b34e86ee0	DROP	generated-artifact		0				0
automation/lib/globals.sh	495	495	1	1	977992c09002	DROP	generated-artifact		0				0
automation/lib/globals.sh	496	496	1	1	fd58a6d2f28c	DROP	generated-artifact		0				0
automation/lib/globals.sh	497	497	1	1	3e3d1e952452	DROP	generated-artifact		0				0
automation/lib/globals.sh	498	498	1	1	78ee1ceca874	DROP	generated-artifact		0				0
automation/lib/globals.sh	499	499	1	1	859ead2f854d	DROP	generated-artifact		0				0
automation/lib/globals.sh	500	500	1	1	1aef33da073c	DROP	generated-artifact		0				0
automation/lib/globals.sh	501	501	1	1	a170dc2e0097	DROP	generated-artifact		0				0
automation/lib/globals.sh	502	502	1	1	09c209bca110	DROP	generated-artifact		0				0
automation/lib/globals.sh	503	503	1	1	977992c09002	DROP	generated-artifact		0				0
automation/lib/globals.sh	504	504	1	1	3e3d1e952452	DROP	generated-artifact		0				0
automation/lib/globals.sh	505	505	1	1	e08de8b873d8	DROP	generated-artifact		0				0
automation/lib/globals.sh	506	506	1	1	859ead2f854d	DROP	generated-artifact		0				0
automation/lib/globals.sh	507	507	1	1	fd58a6d2f28c	DROP	generated-artifact		0				0
automation/lib/globals.sh	508	508	1	1	1aef33da073c	DROP	generated-artifact		0				0
automation/lib/globals.sh	509	509	1	1	79e868fe7c41	DROP	generated-artifact		0				0
automation/lib/globals.sh	510	510	1	1	78ee1ceca874	DROP	generated-artifact		0				0
automation/lib/globals.sh	511	511	1	1	0c1b34e86ee0	DROP	generated-artifact		0				0
automation/lib/globals.sh	512	512	1	1	977992c09002	DROP	generated-artifact		0				0
automation/lib/globals.sh	513	513	1	1	fd58a6d2f28c	DROP	generated-artifact		0				0
automation/lib/globals.sh	514	514	1	1	09c209bca110	DROP	generated-artifact		0				0
automation/lib/globals.sh	515	515	1	1	1d2f769de404	DROP	generated-artifact		0				0
automation/lib/globals.sh	516	516	1	1	7f1025b44c77	DROP	generated-artifact		0				0
automation/lib/globals.sh	517	517	1	1	7d04dd0d4e9b	DROP	generated-artifact		0				0
automation/lib/globals.sh	518	518	1	1	087b52f7cd6f	DROP	generated-artifact		0				0
automation/lib/globals.sh	519	519	1	1	79e868fe7c41	DROP	generated-artifact		0				0
automation/lib/globals.sh	520	520	1	1	3fc321af4f2f	DROP	generated-artifact		0				0
automation/lib/globals.sh	521	521	1	1	e08de8b873d8	DROP	generated-artifact		0				0
automation/lib/globals.sh	522	522	1	1	0c1b34e86ee0	DROP	generated-artifact		0				0
automation/lib/globals.sh	523	523	1	1	977992c09002	DROP	generated-artifact		0				0
automation/lib/globals.sh	524	524	1	1	fd58a6d2f28c	DROP	generated-artifact		0				0
automation/lib/globals.sh	525	525	1	1	3e3d1e952452	DROP	generated-artifact		0				0
automation/lib/globals.sh	526	526	1	1	78ee1ceca874	DROP	generated-artifact		0				0
automation/lib/globals.sh	527	527	1	1	859ead2f854d	DROP	generated-artifact		0				0
automation/lib/globals.sh	528	528	1	1	1aef33da073c	DROP	generated-artifact		0				0
automation/lib/globals.sh	529	529	1	1	a170dc2e0097	DROP	generated-artifact		0				0
automation/lib/globals.sh	530	530	1	1	09c209bca110	DROP	generated-artifact		0				0
automation/lib/globals.sh	531	531	1	1	977992c09002	DROP	generated-artifact		0				0
automation/lib/globals.sh	532	532	1	1	3e3d1e952452	DROP	generated-artifact		0				0
automation/lib/globals.sh	533	533	1	1	e08de8b873d8	DROP	generated-artifact		0				0
automation/lib/globals.sh	534	534	1	1	859ead2f854d	DROP	generated-artifact		0				0
automation/lib/globals.sh	535	535	1	1	fd58a6d2f28c	DROP	generated-artifact		0				0
automation/lib/globals.sh	536	536	1	1	1aef33da073c	DROP	generated-artifact		0				0
automation/lib/globals.sh	538	538	1	1	79e868fe7c41	DROP	generated-artifact		0				0
automation/lib/globals.sh	539	539	1	1	78ee1ceca874	DROP	generated-artifact		0				0
automation/lib/globals.sh	540	540	1	1	0c1b34e86ee0	DROP	generated-artifact		0				0
automation/lib/globals.sh	541	541	1	1	977992c09002	DROP	generated-artifact		0				0
automation/lib/globals.sh	686	686	1	49	da46bc7b55b9	DROP	generated-artifact		0				0
automation/lib/globals.sh	926	926	1	1	fd58a6d2f28c	DROP	generated-artifact		0				0
automation/lib/globals.sh	935	935	1	1	c87359b94e82	DROP	generated-artifact		0				0
automation/lib/globals.sh	944	944	1	1	09c209bca110	DROP	generated-artifact		0				0
automation/lib/globals.sh	1493	1493	1	2	a09436ef5ebb	DROP	generated-artifact		0				0
automation/lib/globals.sh	2091	2091	1	5	9e3b2d51b333	DROP	generated-artifact		0				0
automation/lib/globals.sh	2251	2251	1	7	81ddeb5fdaf0	DROP	generated-artifact		0				0
automation/lib/globals.sh	2259	2259	1	2	f670acf39e88	DROP	generated-artifact		0				0
automation/lib/globals.sh	2387	2387	1	11	8c18a42b44eb	DROP	generated-artifact		0				0
automation/lib/globals.sh	2388	2389	2	13	8d3802bafcc1	DROP	generated-artifact		0				0
automation/lib/globals.sh	2390	2390	1	9	fe5143748b7d	DROP	generated-artifact		0				0
automation/lib/globals.sh	2425	2425	1	11	7ab0c1d94335	DROP	generated-artifact		0				0
automation/lib/globals.sh	2459	2459	1	11	ff2f4fffcb54	DROP	generated-artifact		0				0
automation/lib/globals.sh	2460	2462	3	37	1b03d4bff5b8	DROP	generated-artifact		0				0
automation/lib/globals.sh	2463	2463	1	15	3de3c32c3122	DROP	generated-artifact		0				0
automation/lib/globals.sh	2464	2464	1	13	7e7b0bf6cf36	DROP	generated-artifact		0				0
automation/lib/globals.sh	2465	2465	1	12	191d8bb8de1d	DROP	generated-artifact		0				0
automation/lib/globals.sh	2466	2466	1	13	897eb6f0e62a	DROP	generated-artifact		0				0
automation/lib/globals.sh	2467	2467	1	16	4abe5e2e3a1f	DROP	generated-artifact		0				0
automation/lib/globals.sh	2468	2468	1	13	1a41aa96d4fe	DROP	generated-artifact		0				0
automation/lib/globals.sh	2488	2488	1	14	c55c59524699	DROP	generated-artifact		0				0
automation/lib/globals.sh	2489	2489	1	12	2384d876ee97	DROP	generated-artifact		0				0
automation/lib/globals.sh	2490	2490	1	8	1096e43621d0	DROP	generated-artifact		0				0
automation/lib/globals.sh	2491	2493	3	36	5fda9727f9e8	DROP	generated-artifact		0				0
automation/lib/globals.sh	2558	2558	1	8	9284a6be114d	DROP	generated-artifact		0				0
automation/lib/globals.sh	2559	2559	1	4	4cc607762e7a	DROP	generated-artifact		0				0
automation/lib/globals.sh	2608	2608	1	9	6ccc8f3cbb02	DROP	generated-artifact		0				0
automation/lib/globals.sh	2609	2609	1	9	7faa11c57483	DROP	generated-artifact		0				0
automation/lib/globals.sh	2714	2714	1	11	1a2b606c0073	DROP	generated-artifact		0				0
automation/lib/globals.sh	2715	2717	3	34	68b15ab91e58	DROP	generated-artifact		0				0
automation/lib/globals.sh	2727	2729	3	25	b6f7bd40ec4b	DROP	generated-artifact		0				0
automation/lib/globals.sh	2733	2734	2	19	6e6892a3e0f9	DROP	generated-artifact		0				0
automation/lib/globals.sh	2760	2761	2	19	67503fc180c7	DROP	generated-artifact		0				0
automation/lib/globals.sh	2819	2819	1	8	157f4000115a	DROP	generated-artifact		0				0
automation/lib/globals.sh	2828	2830	3	27	58db549bb57a	DROP	generated-artifact		0				0
automation/lib/globals.sh	2874	2874	1	10	60b3c5ef98a6	DROP	generated-artifact		0				0
automation/lib/globals.sh	2875	2875	1	8	5459702862e8	DROP	generated-artifact		0				0
automation/lib/globals.sh	2934	2934	1	12	c9eb5e42aa1e	DROP	generated-artifact		0				0
automation/lib/globals.sh	2935	2935	1	8	2a13c9e99aa0	DROP	generated-artifact		0				0
automation/lib/globals.sh	2936	2936	1	5	216ae7fef06a	DROP	generated-artifact		0				0
automation/lib/globals.sh	2937	2937	1	10	e282b74fe0b9	DROP	generated-artifact		0				0
automation/lib/globals.sh	2938	2938	1	8	f785b08146c5	DROP	generated-artifact		0				0
automation/lib/globals.sh	2953	2953	1	7	2f91d09caa6d	DROP	generated-artifact		0				0
automation/lib/globals.sh	2954	2957	4	34	b3a42a90b356	DROP	generated-artifact		0				0
automation/lib/globals.sh	2991	2991	1	11	949707f6c872	DROP	generated-artifact		0				0
automation/lib/globals.sh	2997	2997	1	14	72ef385af420	DROP	generated-artifact		0				0
automation/lib/globals.sh	2998	2998	1	11	64b19380a1e7	DROP	generated-artifact		0				0
automation/lib/globals.sh	2999	2999	1	10	7a4e399bfe1c	DROP	generated-artifact		0				0
automation/lib/globals.sh	3007	3007	1	12	ae5b48d70d54	DROP	generated-artifact		0				0
automation/lib/globals.sh	3008	3008	1	13	e987f4aca74c	DROP	generated-artifact		0				0
automation/lib/globals.sh	3086	3086	1	14	fc53ebc29a93	DROP	generated-artifact		0				0
automation/lib/globals.sh	3212	3212	1	11	8c18a42b44eb	DROP	generated-artifact		0				0
automation/lib/globals.sh	3213	3214	2	13	8d3802bafcc1	DROP	generated-artifact		0				0
automation/lib/globals.sh	3215	3215	1	9	fe5143748b7d	DROP	generated-artifact		0				0
automation/lib/globals.sh	3250	3250	1	11	7ab0c1d94335	DROP	generated-artifact		0				0
automation/lib/globals.sh	3284	3284	1	11	ff2f4fffcb54	DROP	generated-artifact		0				0
automation/lib/globals.sh	3285	3287	3	37	1b03d4bff5b8	DROP	generated-artifact		0				0
automation/lib/globals.sh	3288	3288	1	15	3de3c32c3122	DROP	generated-artifact		0				0
automation/lib/globals.sh	3289	3289	1	13	7e7b0bf6cf36	DROP	generated-artifact		0				0
automation/lib/globals.sh	3290	3290	1	12	191d8bb8de1d	DROP	generated-artifact		0				0
automation/lib/globals.sh	3291	3291	1	13	897eb6f0e62a	DROP	generated-artifact		0				0
automation/lib/globals.sh	3292	3292	1	16	4abe5e2e3a1f	DROP	generated-artifact		0				0
automation/lib/globals.sh	3293	3293	1	13	1a41aa96d4fe	DROP	generated-artifact		0				0
automation/lib/globals.sh	3313	3313	1	14	c55c59524699	DROP	generated-artifact		0				0
automation/lib/globals.sh	3314	3314	1	12	2384d876ee97	DROP	generated-artifact		0				0
automation/lib/globals.sh	3315	3315	1	8	1096e43621d0	DROP	generated-artifact		0				0
automation/lib/globals.sh	3316	3318	3	36	5fda9727f9e8	DROP	generated-artifact		0				0
automation/lib/globals.sh	3383	3383	1	8	9284a6be114d	DROP	generated-artifact		0				0
automation/lib/globals.sh	3384	3384	1	4	4cc607762e7a	DROP	generated-artifact		0				0
automation/lib/globals.sh	3433	3433	1	9	6ccc8f3cbb02	DROP	generated-artifact		0				0
automation/lib/globals.sh	3434	3434	1	9	7faa11c57483	DROP	generated-artifact		0				0
automation/lib/globals.sh	3539	3539	1	11	1a2b606c0073	DROP	generated-artifact		0				0
automation/lib/globals.sh	3540	3542	3	34	68b15ab91e58	DROP	generated-artifact		0				0
automation/lib/globals.sh	3552	3554	3	25	b6f7bd40ec4b	DROP	generated-artifact		0				0
automation/lib/globals.sh	3558	3559	2	19	6e6892a3e0f9	DROP	generated-artifact		0				0
automation/lib/globals.sh	3585	3586	2	19	67503fc180c7	DROP	generated-artifact		0				0
automation/lib/globals.sh	3644	3644	1	8	157f4000115a	DROP	generated-artifact		0				0
automation/lib/globals.sh	3653	3655	3	27	58db549bb57a	DROP	generated-artifact		0				0
automation/lib/globals.sh	3699	3699	1	10	60b3c5ef98a6	DROP	generated-artifact		0				0
automation/lib/globals.sh	3700	3700	1	8	5459702862e8	DROP	generated-artifact		0				0
automation/lib/globals.sh	3759	3759	1	12	c9eb5e42aa1e	DROP	generated-artifact		0				0
automation/lib/globals.sh	3760	3760	1	8	2a13c9e99aa0	DROP	generated-artifact		0				0
automation/lib/globals.sh	3761	3761	1	5	216ae7fef06a	DROP	generated-artifact		0				0
automation/lib/globals.sh	3762	3762	1	10	e282b74fe0b9	DROP	generated-artifact		0				0
automation/lib/globals.sh	3763	3763	1	8	f785b08146c5	DROP	generated-artifact		0				0
automation/lib/globals.sh	3778	3778	1	7	2f91d09caa6d	DROP	generated-artifact		0				0
automation/lib/globals.sh	3779	3782	4	34	b3a42a90b356	DROP	generated-artifact		0				0
automation/lib/globals.sh	3816	3816	1	11	949707f6c872	DROP	generated-artifact		0				0
automation/lib/globals.sh	3822	3822	1	14	72ef385af420	DROP	generated-artifact		0				0
automation/lib/globals.sh	3823	3823	1	11	64b19380a1e7	DROP	generated-artifact		0				0
automation/lib/globals.sh	3824	3824	1	10	7a4e399bfe1c	DROP	generated-artifact		0				0
automation/lib/globals.sh	3832	3832	1	12	ae5b48d70d54	DROP	generated-artifact		0				0
automation/lib/globals.sh	3833	3833	1	13	e987f4aca74c	DROP	generated-artifact		0				0
automation/lib/globals.sh	3911	3911	1	14	fc53ebc29a93	DROP	generated-artifact		0				0
automation/lib/masking.sh	1	3	3	25	94d6702b2a0b	STAY	ai-header		0				0
automation/lib/masking.sh	1	3	3	36	fdb6be2b4488	STAY	ai-header		0	usr/share/doc/mios/manual/_harvest/automation_lib_masking_sh.md	mios-src:fdb6be2b4488	36	1
automation/lib/masking.sh	35	35	1	4	2de9c1c80742	STAY	inline-scoped		0				0
automation/lib/masking.sh	54	54	1	4	0ac522361c2d	STAY	inline-scoped		0				0
automation/lib/mios_var_closure.py	1	3	3	22	54885f78e260	STAY	ai-header		0				0
automation/lib/mios_var_closure.py	1	4	4	29	fc97d85166bc	STAY	ai-header		0	usr/share/doc/mios/manual/_harvest/automation_lib_mios_var_closure_py.md	mios-src:fc97d85166bc	29	1
automation/lib/mios_var_closure.py	4	4	1	6	1cc7b896c3be	STAY	local-scoped		0				0
automation/lib/mios_var_closure.py	48	48	1	12	597c66e69c92	STAY	local-scoped		0				0
automation/lib/mios_var_closure.py	96	96	1	12	4685d656d046	STAY	local-scoped		0				0
automation/lib/packages.sh	1	3	3	24	0253f5d2e3fd	STAY	ai-header		0				0
automation/lib/packages.sh	1	4	4	42	e0f2122b5016	STAY	ai-header		0	usr/share/doc/mios/manual/_harvest/automation_lib_packages_sh.md	mios-src:e0f2122b5016	42	1
automation/lib/packages.sh	62	62	1	1	111c0070b618	STAY	inline-scoped		0				0
automation/lib/packages.sh	71	71	1	0	3428aab76c18	DROP	banner		0				0
automation/lib/packages.sh	146	146	1	2	10f3d9c3f94d	STAY	inline-scoped		0				0
automation/lib/paths.sh	1	3	3	27	9bb5dfcd78de	STAY	ai-header		0				0
automation/lib/paths.sh	1	3	3	32	5b12b5216113	STAY	ai-header		0	usr/share/doc/mios/manual/_harvest/automation_lib_paths_sh.md	mios-src:5b12b5216113	32	1
automation/lib/root-merge.sh	1	4	4	22	8d76f157648d	STAY	ai-header		0				0
automation/lib/root-merge.sh	57	57	1	3	06b3d51cf7db	STAY	inline-scoped		0				0
automation/lib/test_masking.sh	1	2	2	10	bc118908334b	STAY	ai-header		0				0
automation/lib/ws7-uki-fapolicyd-build.sh	1	3	3	26	f5ed82cd4f3e	STAY	ai-header		0				0
automation/lib/ws7-uki-fapolicyd-build.sh	1	4	4	46	4f4814ea7fe4	STAY	ai-header		0	usr/share/doc/mios/manual/_harvest/automation_lib_ws7_uki_fapolicyd_build_sh.md	mios-src:4f4814ea7fe4	46	1
automation/lib/ws7-uki-fapolicyd-build.sh	27	27	1	1	37687105d22d	STAY	inline-scoped		0				0
automation/lib/ws7-uki-fapolicyd-build.sh	77	77	1	12	70fc7f576df7	STAY	inline-scoped		0				0
automation/lib/ws7-uki-fapolicyd-build.sh	78	78	1	12	78d12fd25dd4	STAY	inline-scoped		0				0
automation/lib/ws7-uki-fapolicyd-build.sh	79	79	1	12	0e08f95cf717	STAY	inline-scoped		0				0
automation/lint-json.sh	1	2	2	11	58e99e7c21e6	STAY	ai-header		0				0
automation/lint-json.sh	22	22	1	4	fbbc15cea9cc	STAY	inline-scoped		0				0
automation/lint-json.sh	30	30	1	4	fbbc15cea9cc	STAY	inline-scoped		0				0
automation/lint-json.sh	35	35	1	3	3e489b7f5ce4	STAY	inline-scoped		0				0
automation/lint-json.sh	50	50	1	5	9d73acc77b3a	STAY	inline-scoped		0				0
automation/lint-powershell.sh	1	2	2	19	229f30bb1eeb	STAY	ai-header		0				0
automation/lint-powershell.sh	26	28	3	26	d283a2f87a94	STAY	midsize-why		0				0
automation/lint-powershell.sh	38	38	1	4	fbbc15cea9cc	STAY	inline-scoped		0				0
automation/lint-powershell.sh	44	44	1	4	fbbc15cea9cc	STAY	inline-scoped		0				0
automation/lint-powershell.sh	49	49	1	6	daab06bd8b9d	STAY	inline-scoped		0				0
automation/lint-powershell.sh	56	56	1	1	82cf68bf6b4f	DROP	banner		0				0
automation/lint-powershell.sh	58	58	1	1	d32e6f952b0e	DROP	banner		0				0
automation/lint-powershell.sh	84	84	1	9	432aa377f247	STAY	inline-scoped		0				0
automation/lint-ps-analyzer.sh	1	2	2	24	9b8f1e698b9a	STAY	ai-header		0				0
automation/lint-ps-analyzer.sh	27	27	1	1	82cf68bf6b4f	DROP	banner		0				0
automation/lint-ps-analyzer.sh	29	29	1	1	d32e6f952b0e	DROP	banner		0				0
automation/lint-ps-analyzer.sh	32	32	1	6	9742fa10645a	STAY	local-scoped		0				0
automation/lint-ps-analyzer.sh	55	55	1	1	82cf68bf6b4f	DROP	banner		0				0
automation/lint-ps-analyzer.sh	57	57	1	1	d32e6f952b0e	DROP	banner		0				0
automation/lint-python.sh	1	3	3	25	f550a6cccdc2	STAY	ai-header		0				0
automation/lint-python.sh	1	2	2	45	e1f1e6bbbcc4	STAY	ai-header		0	usr/share/doc/mios/manual/_harvest/automation_lint_python_sh.md	mios-src:e1f1e6bbbcc4	45	1
automation/lint-python.sh	16	17	2	22	6e9dfb8f6f3a	STAY	local-scoped		0				0
automation/lint-python.sh	23	24	2	14	8bfb69f36033	STAY	local-scoped		0				0
automation/lint-python.sh	31	31	1	13	b0bcb6460d78	STAY	local-scoped		0				0
automation/lint-python.sh	34	34	1	1	0bb23e611c4d	DROP	commented-out-code		0				0
automation/lint-python.sh	39	39	1	1	98c4efa37268	STAY	inline-scoped		0				0
automation/lint-python.sh	44	44	1	13	f09e49f57a0b	STAY	local-scoped		0				0
automation/lint-python.sh	53	54	2	22	3f20a3f493e8	STAY	local-scoped		0				0
automation/lint-python.sh	60	60	1	4	db541c34ee41	STAY	inline-scoped		0				0
automation/lint-python.sh	65	65	1	5	951d3f2df708	STAY	inline-scoped		0				0
automation/lint-python.sh	80	83	4	48	a4fe52ec0702	STAY	midsize-why		0				0
automation/lint-python.sh	92	92	1	4	6adf4a4087ff	STAY	inline-scoped		0				0
automation/lint-python.sh	99	99	1	3	9e64da71b7d2	STAY	inline-scoped		0				0
automation/lint-python.sh	115	115	1	5	2cf48d6f4099	STAY	inline-scoped		0				0
automation/lint-shell.sh	1	3	3	21	2411c7784c4d	STAY	ai-header		0				0
automation/lint-shell.sh	28	28	1	12	568e7f4258b5	STAY	local-scoped		0				0
automation/lint-shell.sh	55	55	1	3	1e54c7f1c993	STAY	inline-scoped		0				0
automation/lint-shell.sh	61	61	1	4	fbbc15cea9cc	STAY	inline-scoped		0				0
automation/lint-shell.sh	66	66	1	6	366d2ae7c06f	STAY	inline-scoped		0				0
automation/lint-shell.sh	88	88	1	3	1e54c7f1c993	STAY	inline-scoped		0				0
automation/lint-shell.sh	97	97	1	4	55262ccd13c6	STAY	inline-scoped		0				0
automation/lint-shell.sh	98	98	1	7	4ac9f2f507f6	STAY	inline-scoped		0				0
automation/mios-build-builder.ps1	1	2	2	22	5eb203510a22	STAY	ai-header		0				0
automation/mios-build-builder.ps1	1	4	4	37	1c20ee661e49	STAY	ai-header		0	usr/share/doc/mios/manual/_harvest/automation_mios_build_builder_ps1.md	mios-src:1c20ee661e49	37	1
automation/mios-build-builder.ps1	3	3	1	0	e3b0c44298fc	STAY	inline-scoped		0				0
automation/mios-build-builder.ps1	44	44	1	0	62b67e1f685b	DROP	banner		0				0
automation/mios-build-builder.ps1	58	60	3	1	482f7a1a6483	DROP	banner		0				0
automation/mios-build-builder.ps1	69	71	3	5	c5a2e04fd070	STAY	midsize-why		0				0
automation/mios-build-builder.ps1	81	83	3	5	c67d529b45ca	STAY	midsize-why		0				0
automation/mios-build-builder.ps1	97	99	3	4	f41ad5533337	STAY	midsize-why		0				0
automation/mios-build-builder.ps1	112	112	1	11	0fb287a67502	STAY	local-scoped		0				0
automation/mios-build-builder.ps1	131	133	3	3	6f36e55a1ad4	STAY	midsize-why		0				0
automation/mios-build-builder.ps1	146	147	2	11	fb6d663ccd85	STAY	local-scoped		0				0
automation/mios-build-builder.ps1	159	161	3	9	72e4b18d3a75	STAY	midsize-why		0				0
automation/mios-build-builder.ps1	165	169	5	20	b6be3f6ce2cf	STAY	midsize-why		0				0
automation/mios-build-builder.ps1	172	175	4	39	1c0ce78fb5a3	STAY	midsize-why		0				0
automation/mios-build-builder.ps1	192	193	2	23	06ff8c32b397	STAY	local-scoped		0				0
automation/mios-build-builder.ps1	197	197	1	11	d5836bd849ba	STAY	local-scoped		0				0
automation/mios-build-builder.ps1	217	222	6	39	d0d74784cb5b	MIGRATE	narrative-rationale		0	usr/share/doc/mios/manual/automation.md	mios-src:d0d74784cb5b	39	1
automation/mios-build-builder.ps1	218	218	1	13	7b97d97f444f	STAY	local-scoped		0				0
automation/mios-build-builder.ps1	230	232	3	3	837a80937dee	STAY	midsize-why		0				0
automation/mios-build-builder.ps1	245	245	1	3	2eddca004602	STAY	local-scoped		0				0
automation/mios-build-builder.ps1	257	258	2	18	c35f98d51c4f	STAY	local-scoped		0				0
automation/overlay-builder.sh	1	3	3	25	69f47d4e5aca	STAY	ai-header		0				0
automation/overlay-builder.sh	1	4	4	42	55c281841172	STAY	ai-header		0	usr/share/doc/mios/manual/_harvest/automation_overlay_builder_sh.md	mios-src:55c281841172	42	1
automation/support/audit-hermes-skills.py	1	3	3	20	5fa918a0bbef	STAY	ai-header		0				0
automation/support/audit-hermes-skills.py	1	4	4	38	161b30da3816	STAY	ai-header		0	usr/share/doc/mios/manual/_harvest/automation_support_audit_hermes_skills_py.md	mios-src:161b30da3816	38	1
automation/support/audit-hermes-skills.py	3	27	24	125	65a0b7c0f706	MIGRATE	narrative-history		0	usr/share/doc/mios/manual/support.md	mios-src:65a0b7c0f706	125	1
automation/support/bringup-pgvector.sh	1	3	3	23	ea16866303c2	STAY	ai-header		0				0
automation/support/bringup-pgvector.sh	1	3	3	35	716ea37dcfdf	STAY	ai-header		0	usr/share/doc/mios/manual/_harvest/automation_support_bringup_pgvector_sh.md	mios-src:716ea37dcfdf	35	1
automation/support/day0-extras.sh	1	3	3	23	baf471d2513b	STAY	ai-header		0				0
automation/support/day0-extras.sh	1	4	4	44	dcbf79267239	STAY	ai-header		0	usr/share/doc/mios/manual/_harvest/automation_support_day0_extras_sh.md	mios-src:dcbf79267239	44	1
automation/support/day0-restart.sh	1	3	3	26	9c7e8ee7eb6a	STAY	ai-header		0				0
automation/support/day0-restart.sh	1	3	3	30	69ef8dad8df0	STAY	ai-header		0	usr/share/doc/mios/manual/_harvest/automation_support_day0_restart_sh.md	mios-src:69ef8dad8df0	30	1
automation/support/deploy-agent-pipe.sh	1	3	3	25	d7bd8c5cac0f	STAY	ai-header		0				0
automation/support/deploy-agent-pipe.sh	1	3	3	41	4261f116cf36	STAY	ai-header		0	usr/share/doc/mios/manual/_harvest/automation_support_deploy_agent_pipe_sh.md	mios-src:4261f116cf36	41	1
automation/support/deploy-firstboot-fixes.sh	1	3	3	20	b36c0578c71b	STAY	ai-header		0				0
automation/support/deploy-firstboot-fixes.sh	1	3	3	34	5d5f073823c7	STAY	ai-header		0	usr/share/doc/mios/manual/_harvest/automation_support_deploy_firstboot_fixes_sh.md	mios-src:5d5f073823c7	34	1
automation/support/deploy-tooling-live.sh	1	3	3	25	a689789b8f05	STAY	ai-header		0				0
automation/support/deploy-tooling-live.sh	1	3	3	45	43c741136d3d	STAY	ai-header		0	usr/share/doc/mios/manual/_harvest/automation_support_deploy_tooling_live_sh.md	mios-src:43c741136d3d	45	1
automation/support/detach-knowledge-from-model.sh	1	3	3	21	16ffe17fdc4e	STAY	ai-header		0				0
automation/support/detach-knowledge-from-model.sh	1	3	3	32	e6c6ffba7626	STAY	ai-header		0	usr/share/doc/mios/manual/_harvest/automation_support_detach_knowledge_from_model_sh.md	mios-src:e6c6ffba7626	32	1
automation/support/force-revectorize.sh	1	3	3	22	5cb58eb38c28	STAY	ai-header		0				0
automation/support/force-revectorize.sh	1	3	3	32	12971b9b3441	STAY	ai-header		0	usr/share/doc/mios/manual/_harvest/automation_support_force_revectorize_sh.md	mios-src:12971b9b3441	32	1
automation/support/gtk-cleanup.sh	1	2	2	28	2f100bc9fe15	STAY	ai-header		0				0
automation/support/heal-all-services.sh	1	3	3	22	12c4b798f97c	STAY	ai-header		0				0
automation/support/heal-all-services.sh	1	3	3	38	e129a2b2a65f	STAY	ai-header		0	usr/share/doc/mios/manual/_harvest/automation_support_heal_all_services_sh.md	mios-src:e129a2b2a65f	38	1
automation/support/hermes-background-review-tools-patch.py	1	3	3	28	a3a36eb427b0	STAY	ai-header		0				0
automation/support/hermes-background-review-tools-patch.py	4	25	21	180	195f18162af7	MIGRATE	narrative-history		0	usr/share/doc/mios/manual/support.md	mios-src:195f18162af7	180	1
automation/support/hermes-dashboard-shell-patch.py	1	3	3	35	86dc7202d0fb	STAY	ai-header		0				0
automation/support/hermes-dashboard-shell-patch.py	4	19	15	89	89f7c843cfc6	MIGRATE	narrative-history		0	usr/share/doc/mios/manual/support.md	mios-src:89f7c843cfc6	89	1
automation/support/hermes-dashboard-strip-externals.py	1	3	3	21	2620d381eaf0	STAY	ai-header		0				0
automation/support/hermes-dashboard-strip-externals.py	1	3	3	37	b93c52820ca1	STAY	ai-header		0	usr/share/doc/mios/manual/_harvest/automation_support_hermes_dashboard_strip_externals_py.md	mios-src:b93c52820ca1	37	1
automation/support/hermes-dashboard-strip-externals.py	3	21	18	119	f28ea281a9e5	MIGRATE	narrative-history		0	usr/share/doc/mios/manual/support.md	mios-src:f28ea281a9e5	119	1
automation/support/hermes-discord-reactions-patch.py	1	3	3	19	86125e8a16db	STAY	ai-header		0				0
automation/support/hermes-discord-reactions-patch.py	1	3	3	34	3e4bfc4da47c	STAY	ai-header		0	usr/share/doc/mios/manual/_harvest/automation_support_hermes_discord_reactions_patch_py.md	mios-src:3e4bfc4da47c	34	1
automation/support/hermes-discord-reactions-patch.py	3	40	37	200	72d662d789d6	MIGRATE	narrative-history		0	usr/share/doc/mios/manual/_harvest/automation_support_hermes-discord-reactions-patch_py.md	mios-src:72d662d789d6	200	1
automation/support/hermes-discord-reactions-patch.py	86	86	1	3	703259698189	STAY	inline-scoped		0				0
automation/support/hermes-discord-reactions-patch.py	104	112	9	56	e413ead8f7a4	MIGRATE	narrative-rationale		0	usr/share/doc/mios/manual/_harvest/automation_support_hermes-discord-reactions-patch_py.md	mios-src:e413ead8f7a4	56	1
automation/support/mios-vendor-openui.sh	1	3	3	22	05fe6acecc0d	STAY	ai-header		0				0
automation/support/mios-vendor-openui.sh	1	3	3	29	50c4c4b13d0c	STAY	ai-header		0	usr/share/doc/mios/manual/_harvest/automation_support_mios_vendor_openui_sh.md	mios-src:50c4c4b13d0c	29	1
automation/support/probe-owui-knowledge-api2.sh	1	3	3	27	0585bd4ab54f	STAY	ai-header		0				0
automation/support/probe-owui-knowledge-api2.sh	1	3	3	40	323b78c0ef24	STAY	ai-header		0	usr/share/doc/mios/manual/_harvest/automation_support_probe_owui_knowledge_api2_sh.md	mios-src:323b78c0ef24	40	1
automation/support/reattach-knowledge.sh	1	3	3	24	d89e1438c07f	STAY	ai-header		0				0
automation/support/reattach-knowledge.sh	1	3	3	35	0a7e2280316b	STAY	ai-header		0	usr/share/doc/mios/manual/_harvest/automation_support_reattach_knowledge_sh.md	mios-src:0a7e2280316b	35	1
automation/support/reindex-knowledge.sh	1	3	3	21	963eac5faa4b	STAY	ai-header		0				0
automation/support/reindex-knowledge.sh	1	3	3	34	1004d965c7de	STAY	ai-header		0	usr/share/doc/mios/manual/_harvest/automation_support_reindex_knowledge_sh.md	mios-src:1004d965c7de	34	1
automation/support/service-health.sh	1	3	3	21	b25e596529e6	STAY	ai-header		0				0
automation/support/service-health.sh	1	3	3	47	7a5e4dc6270a	STAY	ai-header		0	usr/share/doc/mios/manual/_harvest/automation_support_service_health_sh.md	mios-src:7a5e4dc6270a	47	1
automation/support/service-state-compact.sh	1	3	3	24	5f539a70ee99	STAY	ai-header		0				0
automation/support/service-state-compact.sh	1	3	3	40	724378ef261b	STAY	ai-header		0	usr/share/doc/mios/manual/_harvest/automation_support_service_state_compact_sh.md	mios-src:724378ef261b	40	1
automation/support/smoke-mcp-server.sh	1	3	3	24	c14281836ab9	STAY	ai-header		0				0
automation/support/smoke-mcp-server.sh	1	3	3	35	5820bb8a4fd3	STAY	ai-header		0	usr/share/doc/mios/manual/_harvest/automation_support_smoke_mcp_server_sh.md	mios-src:5820bb8a4fd3	35	1
automation/support/verify-starter-chips.sh	1	3	3	21	26dbadc93ad6	STAY	ai-header		0				0
automation/support/verify-starter-chips.sh	1	3	3	34	81d42134d423	STAY	ai-header		0	usr/share/doc/mios/manual/_harvest/automation_support_verify_starter_chips_sh.md	mios-src:81d42134d423	34	1
automation/support/verify-ttyd-userdropin.sh	1	3	3	20	e0f483689999	STAY	ai-header		0				0
automation/support/verify-ttyd-userdropin.sh	1	3	3	29	09379c93eca8	STAY	ai-header		0	usr/share/doc/mios/manual/_harvest/automation_support_verify_ttyd_userdropin_sh.md	mios-src:09379c93eca8	29	1
automation/support/wait-hermes-settle.sh	1	3	3	24	47017697e471	STAY	ai-header		0				0
automation/support/wait-hermes-settle.sh	1	3	3	29	af277b078720	STAY	ai-header		0	usr/share/doc/mios/manual/_harvest/automation_support_wait_hermes_settle_sh.md	mios-src:af277b078720	29	1
automation/test_generate-sbom.sh	1	2	2	9	582e4bf3b7ec	STAY	ai-header		0				0
automation/tests/test-97-ssot-lint.sh	1	3	3	21	d3097116ab15	STAY	ai-header		0				0
automation/tests/test-97-ssot-lint.sh	1	4	4	59	a64282216d09	STAY	ai-header		0	usr/share/doc/mios/manual/_harvest/automation_tests_test_97_ssot_lint_sh.md	mios-src:a64282216d09	59	1
automation/tests/test-97-ssot-lint.sh	50	50	1	3	f166250f1a71	STAY	inline-scoped		0				0
automation/tests/test-97-ssot-lint.sh	51	51	1	3	262527d84270	STAY	inline-scoped		0				0
automation/tests/test-97-ssot-lint.sh	65	65	1	7	059faaa9579c	STAY	inline-scoped		0				0
automation/tests/test-drift-gates.sh	1	2	2	25	b89e9e5fca02	STAY	ai-header		0				0
automation/tests/test-drift-gates.sh	16	16	1	2	25afbc2d424b	STAY	inline-scoped		0				0
automation/validate-kargs.py	1	3	3	22	8326eb7b5458	STAY	ai-header		0				0
automation/validate-kargs.py	1	3	3	32	eb7085e80097	STAY	ai-header		0	usr/share/doc/mios/manual/_harvest/automation_validate_kargs_py.md	mios-src:eb7085e80097	32	1
automation/validate-kargs.py	3	19	16	84	ad7c112407e8	MIGRATE	narrative-rationale		0	usr/share/doc/mios/manual/_harvest/automation_validate-kargs_py.md	mios-src:ad7c112407e8	84	1
automation/validate-kargs.py	14	14	1	3	7e9ee748a533	STAY	inline-scoped		0				0
automation/verify-ps-signatures.ps1	1	1	1	11	f498c0accf14	STAY	ai-header		0				0
automation/verify-ps-signatures.ps1	14	14	1	7	e991b61c21d6	STAY	local-scoped		0				0
build-mios.ps1	1	2	2	27	a9927deda241	STAY	ai-header		0				0
build-mios.ps1	1	38	38	278	0acbcca01ab2	STAY	ai-header		0	usr/share/doc/mios/manual/_harvest/build_mios_ps1.md	mios-src:0acbcca01ab2	278	1
build-mios.ps1	5	17	13	96	26faab5f1dc1	MIGRATE	narrative-rationale		0	usr/share/doc/mios/manual/_harvest/build_mios_ps1.md	mios-src:26faab5f1dc1	96	1
build-mios.ps1	9	9	1	7	4bb542510b61	STAY	local-scoped		0				0
build-mios.ps1	21	21	1	1	80d3a668f718	DROP	banner		0				0
build-mios.ps1	29	36	8	86	18854c8749fd	MIGRATE	narrative-rationale		0	usr/share/doc/mios/manual/_harvest/build_mios_ps1.md	mios-src:18854c8749fd	86	1
build-mios.ps1	31	31	1	3	ea3bb1fb5258	STAY	local-scoped		0				0
build-mios.ps1	46	46	1	12	e8c9483f8375	STAY	local-scoped		0				0
build-mios.ps1	60	65	6	58	0a6f4880c60c	MIGRATE	narrative-rationale		0	usr/share/doc/mios/manual/_harvest/build_mios_ps1.md	mios-src:0a6f4880c60c	58	1
build-mios.ps1	77	84	8	66	256749306a9a	MIGRATE	narrative-history		0	usr/share/doc/mios/manual/_harvest/build_mios_ps1.md	mios-src:256749306a9a	66	1
build-mios.ps1	82	82	1	0	a7ffbb836a84	DROP	banner		0				0
build-mios.ps1	116	116	1	10	559ea909a555	STAY	local-scoped		0				0
build-mios.ps1	142	147	6	41	d90a9eb585e6	MIGRATE	narrative-rationale		0	usr/share/doc/mios/manual/_harvest/build_mios_ps1.md	mios-src:d90a9eb585e6	41	1
build-mios.ps1	148	148	1	10	fa428c8fa97e	STAY	local-scoped		0				0
build-mios.ps1	152	152	1	10	438acc11efd8	STAY	local-scoped		0				0
build-mios.ps1	154	157	4	35	a24bff2256b8	MIGRATE	midsize-narrative		0	usr/share/doc/mios/manual/_harvest/build_mios_ps1.md	mios-src:a24bff2256b8	35	1
build-mios.ps1	160	161	2	25	432d9bc6de07	STAY	local-scoped		0				0
build-mios.ps1	173	175	3	33	b6b2958240ed	STAY	midsize-why		0				0
build-mios.ps1	179	180	2	12	a30e12566aca	STAY	local-scoped		0				0
build-mios.ps1	179	194	16	131	ed47787e30fd	MIGRATE	narrative-history		0	usr/share/doc/mios/manual/_harvest/build_mios_ps1.md	mios-src:ed47787e30fd	131	1
build-mios.ps1	197	205	9	63	e5e4b3750aaf	MIGRATE	narrative-rationale		0	usr/share/doc/mios/manual/_harvest/build_mios_ps1.md	mios-src:e5e4b3750aaf	63	1
build-mios.ps1	205	207	3	30	c041c3d1eae6	STAY	midsize-why		0				0
build-mios.ps1	210	210	1	4	c347fc51a87e	STAY	inline-scoped		0				0
build-mios.ps1	211	214	4	35	188d7634c6d5	STAY	midsize-why		0				0
build-mios.ps1	212	223	12	104	cb218c343935	MIGRATE	narrative-rationale		0	usr/share/doc/mios/manual/_harvest/build_mios_ps1.md	mios-src:cb218c343935	104	1
build-mios.ps1	222	222	1	10	2aefb6da45a5	STAY	local-scoped		0				0
build-mios.ps1	227	229	3	25	e1b1df982b1f	STAY	midsize-why		0				0
build-mios.ps1	230	230	1	2	ea9225ebc8d9	DROP	banner		0				0
build-mios.ps1	231	231	1	3	b6a537c84499	DROP	banner		0				0
build-mios.ps1	232	232	1	9	614f2fd4ddbd	STAY	inline-scoped		0				0
build-mios.ps1	233	233	1	9	4139d8ef0e11	STAY	inline-scoped		0				0
build-mios.ps1	234	234	1	3	0285fc779e5c	STAY	inline-scoped		0				0
build-mios.ps1	235	235	1	3	fd25222f86d7	STAY	inline-scoped		0				0
build-mios.ps1	236	236	1	3	635814ac4501	STAY	inline-scoped		0				0
build-mios.ps1	237	237	1	3	531412a0dd13	STAY	inline-scoped		0				0
build-mios.ps1	238	238	1	5	869ef3871a30	STAY	inline-scoped		0				0
build-mios.ps1	239	239	1	3	e6180fe27ff3	STAY	inline-scoped		0				0
build-mios.ps1	240	240	1	4	0d9e7c426b02	STAY	inline-scoped		0				0
build-mios.ps1	241	241	1	3	5777b3749244	STAY	inline-scoped		0				0
build-mios.ps1	245	247	3	25	8037290f6132	STAY	midsize-why		0				0
build-mios.ps1	246	250	5	44	27fa2991253d	MIGRATE	midsize-narrative		0	usr/share/doc/mios/manual/_harvest/build_mios_ps1.md	mios-src:27fa2991253d	44	1
build-mios.ps1	253	260	8	80	5764b475fcd7	MIGRATE	narrative-rationale		0	usr/share/doc/mios/manual/_harvest/build_mios_ps1.md	mios-src:5764b475fcd7	80	1
build-mios.ps1	283	284	2	17	1a4961877b4c	STAY	local-scoped		0				0
build-mios.ps1	285	303	19	121	1c9488443726	MIGRATE	narrative-history		0	usr/share/doc/mios/manual/_harvest/build_mios_ps1.md	mios-src:1c9488443726	121	1
build-mios.ps1	295	297	3	25	279f75ac0c91	STAY	midsize-why		0				0
build-mios.ps1	300	301	2	18	0f61b2ca2af1	STAY	local-scoped		0				0
build-mios.ps1	313	318	6	52	333e1b58afe2	MIGRATE	narrative-history		0	usr/share/doc/mios/manual/_harvest/build_mios_ps1.md	mios-src:333e1b58afe2	52	1
build-mios.ps1	320	320	1	3	87c8f63a4b04	STAY	inline-scoped		0				0
build-mios.ps1	321	323	3	33	8b4c0ad71a64	STAY	midsize-why		0				0
build-mios.ps1	340	392	53	378	f3eefd951ccf	MIGRATE	narrative-history	adr-candidate	0	usr/share/doc/mios/manual/_harvest/build_mios_ps1.md	mios-src:f3eefd951ccf	378	1
build-mios.ps1	344	344	1	8	d1051c8b30ca	STAY	local-scoped		0				0
build-mios.ps1	346	349	4	33	b3bc5833bb25	STAY	midsize-why		0				0
build-mios.ps1	350	350	1	1	d69a9215315e	DROP	banner		0				0
build-mios.ps1	351	351	1	1	073c3dd8a8ef	DROP	banner		0				0
build-mios.ps1	362	362	1	1	073c3dd8a8ef	DROP	banner		0				0
build-mios.ps1	363	363	1	3	bd9dae32fbc4	DROP	banner		0				0
build-mios.ps1	365	365	1	2	d1400198eaee	STAY	inline-scoped		0				0
build-mios.ps1	372	375	4	34	107ecc455b96	STAY	midsize-why		0				0
build-mios.ps1	384	385	2	14	d91ba2eb41bd	STAY	local-scoped		0				0
build-mios.ps1	391	392	2	20	5515586b0de0	STAY	local-scoped		0				0
build-mios.ps1	407	407	1	5	56bac029d6cf	STAY	inline-scoped		0				0
build-mios.ps1	408	408	1	5	fdc2b5bb6342	STAY	inline-scoped		0				0
build-mios.ps1	409	409	1	7	1738bf937d1e	STAY	inline-scoped		0				0
build-mios.ps1	410	410	1	2	928e689bf69e	STAY	inline-scoped		0				0
build-mios.ps1	411	411	1	4	e39939a71663	STAY	inline-scoped		0				0
build-mios.ps1	437	444	8	64	958c3ace40ac	MIGRATE	narrative-rationale		0	usr/share/doc/mios/manual/_harvest/build_mios_ps1.md	mios-src:958c3ace40ac	64	1
build-mios.ps1	446	449	4	34	996266761f99	STAY	midsize-why		0				0
build-mios.ps1	456	456	1	9	ec17a5f0f15c	STAY	local-scoped		0				0
build-mios.ps1	469	471	3	26	a871c8c1f079	STAY	midsize-why		0				0
build-mios.ps1	477	478	2	17	86337a043853	STAY	local-scoped		0				0
build-mios.ps1	488	489	2	21	89aa719851f0	STAY	local-scoped		0				0
build-mios.ps1	492	492	1	1	a14d16ffd144	STAY	local-scoped		0				0
build-mios.ps1	499	502	4	38	7f98c85e7be7	STAY	midsize-why		0				0
build-mios.ps1	507	507	1	10	203e975b3252	STAY	local-scoped		0				0
build-mios.ps1	511	512	2	19	bd6544631439	STAY	local-scoped		0				0
build-mios.ps1	526	527	2	22	104722dd4b3c	STAY	local-scoped		0				0
build-mios.ps1	547	550	4	37	82aa15ed013e	STAY	midsize-why		0				0
build-mios.ps1	559	562	4	35	f5a0af3247e1	STAY	midsize-why		0				0
build-mios.ps1	569	571	3	28	4196f3d78b17	STAY	midsize-why		0				0
build-mios.ps1	588	588	1	4	2c1032b979cd	STAY	local-scoped		0				0
build-mios.ps1	596	596	1	4	5f2beddb977b	STAY	local-scoped		0				0
build-mios.ps1	603	603	1	4	99a76fb2aee5	STAY	local-scoped		0				0
build-mios.ps1	607	607	1	5	dfe5241f1160	STAY	local-scoped		0				0
build-mios.ps1	616	620	5	35	5fbe61e80ed9	STAY	midsize-why		0				0
build-mios.ps1	659	661	3	25	9ed9285adbd1	STAY	midsize-why		0				0
build-mios.ps1	667	669	3	30	cc3718c3e89e	STAY	midsize-why		0				0
build-mios.ps1	687	687	1	11	06f73d6c52b3	STAY	local-scoped		0				0
build-mios.ps1	690	690	1	8	83489b089fab	STAY	inline-scoped		0				0
build-mios.ps1	691	691	1	7	e21f495b2744	STAY	inline-scoped		0				0
build-mios.ps1	692	693	2	19	b250080becd3	STAY	local-scoped		0				0
build-mios.ps1	696	696	1	8	ac99f9437917	STAY	inline-scoped		0				0
build-mios.ps1	697	700	4	27	e1bc51f47012	STAY	midsize-why		0				0
build-mios.ps1	702	702	1	10	76f8f34904fe	STAY	inline-scoped		0				0
build-mios.ps1	707	707	1	2	b61c4ea76413	STAY	local-scoped		0				0
build-mios.ps1	721	721	1	5	ddb7010fd436	STAY	local-scoped		0				0
build-mios.ps1	722	722	1	5	bfb544b5f602	DROP	banner		0				0
build-mios.ps1	726	726	1	6	0a583b948b85	STAY	local-scoped		0				0
build-mios.ps1	733	733	1	3	811c26ad7479	STAY	local-scoped		0				0
build-mios.ps1	746	750	5	47	0dd99286e264	STAY	midsize-why		0				0
build-mios.ps1	768	768	1	4	c8f994ee5961	STAY	inline-scoped		0				0
build-mios.ps1	769	772	4	30	1361d5403326	STAY	midsize-why		0				0
build-mios.ps1	776	776	1	9	39b645ab508f	STAY	inline-scoped		0				0
build-mios.ps1	778	778	1	11	157c8adfdc49	STAY	local-scoped		0				0
build-mios.ps1	784	784	1	1	8cf2b29f9f35	DROP	banner		0				0
build-mios.ps1	794	795	2	14	42f37b711039	STAY	local-scoped		0				0
build-mios.ps1	802	802	1	10	fe5ef3b00933	STAY	local-scoped		0				0
build-mios.ps1	818	818	1	2	4854e9200268	STAY	local-scoped		0				0
build-mios.ps1	821	821	1	12	8f763285893d	STAY	local-scoped		0				0
build-mios.ps1	833	833	1	10	21121838579e	STAY	local-scoped		0				0
build-mios.ps1	840	840	1	8	a32b19297edf	STAY	local-scoped		0				0
build-mios.ps1	853	854	2	17	18245d6e94ba	STAY	local-scoped		0				0
build-mios.ps1	861	863	3	22	c57a30836c56	STAY	midsize-why		0				0
build-mios.ps1	867	870	4	37	1741ce00d452	STAY	midsize-why		0				0
build-mios.ps1	874	877	4	41	730694643462	STAY	midsize-why		0				0
build-mios.ps1	878	878	1	4	a62ac48219d4	DROP	banner		0				0
build-mios.ps1	898	898	1	11	92b6953301cc	STAY	local-scoped		0				0
build-mios.ps1	903	903	1	8	6d9cf6465c2e	STAY	local-scoped		0				0
build-mios.ps1	905	908	4	41	b06a8bcb45f1	STAY	midsize-why		0				0
build-mios.ps1	950	951	2	18	158d41a5c818	STAY	local-scoped		0				0
build-mios.ps1	973	974	2	20	da66de2988e8	STAY	local-scoped		0				0
build-mios.ps1	995	997	3	34	9fc3340de847	STAY	midsize-why		0				0
build-mios.ps1	1001	1005	5	41	010c81e48328	STAY	midsize-why		0				0
build-mios.ps1	1008	1008	1	7	58ae04cdbed5	STAY	local-scoped		0				0
build-mios.ps1	1022	1023	2	9	b3d6b4c922a9	STAY	local-scoped		0				0
build-mios.ps1	1031	1033	3	27	eb0184f6208d	STAY	midsize-why		0				0
build-mios.ps1	1049	1049	1	2	96bbfe54a848	STAY	local-scoped		0				0
build-mios.ps1	1066	1069	4	44	3730bb5d1d08	STAY	midsize-why		0				0
build-mios.ps1	1083	1083	1	6	4962e4cc877a	STAY	local-scoped		0				0
build-mios.ps1	1129	1129	1	6	2ef383ed5be9	STAY	inline-scoped		0				0
build-mios.ps1	1170	1173	4	44	cbddfb488c95	STAY	midsize-why		0				0
build-mios.ps1	1193	1196	4	32	f2801f9a54c4	STAY	midsize-why		0				0
build-mios.ps1	1227	1231	5	37	c798cb74d41c	STAY	midsize-why		0				0
build-mios.ps1	1338	1338	1	4	403d6ecdb1fd	STAY	local-scoped		0				0
build-mios.ps1	1353	1353	1	4	de0231af4c8d	STAY	local-scoped		0				0
build-mios.ps1	1362	1362	1	4	759754816a85	STAY	local-scoped		0				0
build-mios.ps1	1399	1399	1	7	f04073967931	STAY	local-scoped		0				0
build-mios.ps1	1407	1408	2	21	85c0d7e019db	STAY	local-scoped		0				0
build-mios.ps1	1412	1412	1	5	da56467ec2ba	DROP	banner		0				0
build-mios.ps1	1416	1418	3	29	ed9be07a7152	STAY	midsize-why		0				0
build-mios.ps1	1440	1441	2	6	1b816e682f50	STAY	local-scoped		0				0
build-mios.ps1	1457	1458	2	19	6a00958ef1c2	STAY	local-scoped		0				0
build-mios.ps1	1461	1461	1	9	6197a642e751	STAY	local-scoped		0				0
build-mios.ps1	1470	1472	3	27	d310a7889351	STAY	midsize-why		0				0
build-mios.ps1	1477	1479	3	29	7dd3d82d034f	STAY	midsize-why		0				0
build-mios.ps1	1492	1496	5	40	14d48d06ce15	STAY	midsize-why		0				0
build-mios.ps1	1593	1595	3	21	2df5f4af3202	STAY	midsize-why		0				0
build-mios.ps1	1609	1609	1	16	9c7d0afefe02	STAY	local-scoped		0				0
build-mios.ps1	1613	1616	4	32	cf78638947ed	STAY	midsize-why		0				0
build-mios.ps1	1627	1629	3	22	36ef342286a9	STAY	midsize-why		0				0
build-mios.ps1	1633	1635	3	28	7305954d0706	STAY	midsize-why		0				0
build-mios.ps1	1643	1644	2	23	4645c08f4c7e	STAY	local-scoped		0				0
build-mios.ps1	1650	1651	2	15	aa5bc0f75928	STAY	local-scoped		0				0
build-mios.ps1	1658	1658	1	6	1ce13b4753a0	STAY	local-scoped		0				0
build-mios.ps1	1665	1666	2	18	7965a1870baa	STAY	local-scoped		0				0
build-mios.ps1	1674	1674	1	2	9a46875fcd02	DROP	banner		0				0
build-mios.ps1	1684	1684	1	5	ab098417b8e6	STAY	local-scoped		0				0
build-mios.ps1	1688	1688	1	3	ab70ceb1df96	STAY	local-scoped		0				0
build-mios.ps1	1695	1695	1	12	94e8aac775fa	STAY	local-scoped		0				0
build-mios.ps1	1702	1702	1	15	7a9887013f0c	STAY	local-scoped		0				0
build-mios.ps1	1713	1713	1	13	0cc0bbc9a746	STAY	local-scoped		0				0
build-mios.ps1	1719	1722	4	26	f0422fd51aa7	STAY	midsize-why		0				0
build-mios.ps1	1730	1730	1	0	e3b0c44298fc	STAY	inline-scoped		0				0
build-mios.ps1	1748	1748	1	0	62b67e1f685b	DROP	banner		0				0
build-mios.ps1	1755	1756	2	12	92ec3d3c9af5	STAY	local-scoped		0				0
build-mios.ps1	1759	1759	1	3	9ee5c8e1e6ba	STAY	local-scoped		0				0
build-mios.ps1	1770	1770	1	6	6bcbd92cccce	STAY	local-scoped		0				0
build-mios.ps1	1781	1781	1	11	03c3f0b5c7b6	STAY	local-scoped		0				0
build-mios.ps1	1787	1787	1	3	d72ff6ce5973	STAY	local-scoped		0				0
build-mios.ps1	1792	1792	1	10	66e18f51ae7c	STAY	local-scoped		0				0
build-mios.ps1	1796	1796	1	9	d05a936c4b4a	STAY	local-scoped		0				0
build-mios.ps1	1805	1805	1	0	e3b0c44298fc	STAY	inline-scoped		0				0
build-mios.ps1	1841	1841	1	0	62b67e1f685b	DROP	banner		0				0
build-mios.ps1	1866	1867	2	15	b1493a71633a	STAY	local-scoped		0				0
build-mios.ps1	1873	1873	1	8	e201a825f6c4	STAY	local-scoped		0				0
build-mios.ps1	1886	1886	1	10	740ffa19eaa4	STAY	local-scoped		0				0
build-mios.ps1	1899	1901	3	25	bb932296d1e7	STAY	midsize-why		0				0
build-mios.ps1	1930	1930	1	6	c4c2462fa88e	STAY	local-scoped		0				0
build-mios.ps1	1941	1942	2	15	116bcba116aa	STAY	local-scoped		0				0
build-mios.ps1	1960	1960	1	4	ff557d86c782	STAY	local-scoped		0				0
build-mios.ps1	1971	1971	1	9	b54e59a3cc29	STAY	local-scoped		0				0
build-mios.ps1	1992	1992	1	3	844ea0dc54da	STAY	inline-scoped		0				0
build-mios.ps1	2013	2013	1	4	8ab951e777c3	STAY	local-scoped		0				0
build-mios.ps1	2029	2032	4	26	e79c1f80ee1d	STAY	midsize-why		0				0
build-mios.ps1	2035	2038	4	32	db95a8da0d1a	STAY	midsize-why		0				0
build-mios.ps1	2069	2069	1	1	9eccdc587722	STAY	local-scoped		0				0
build-mios.ps1	2076	2077	2	18	9edb03c257b8	STAY	local-scoped		0				0
build-mios.ps1	2116	2120	5	41	bcac6e78a43c	STAY	midsize-why		0				0
build-mios.ps1	2139	2139	1	3	efa936c49d42	STAY	inline-scoped		0				0
build-mios.ps1	2156	2156	1	1	aee408847d35	STAY	inline-scoped		0				0
build-mios.ps1	2160	2161	2	11	2649a2211491	STAY	local-scoped		0				0
build-mios.ps1	2219	2219	1	8	78fce23e1706	STAY	local-scoped		0				0
build-mios.ps1	2281	2282	2	16	d6ebcdc11319	STAY	local-scoped		0				0
build-mios.ps1	2305	2308	4	31	9360257511ac	STAY	midsize-why		0				0
build-mios.ps1	2331	2333	3	27	2b4faf694a03	STAY	midsize-why		0				0
build-mios.ps1	2370	2372	3	39	294af672acd9	STAY	midsize-why		0				0
build-mios.ps1	2390	2392	3	31	b367ab2da3eb	STAY	midsize-why		0				0
build-mios.ps1	2401	2401	1	7	f4bf4dcfdb52	STAY	local-scoped		0				0
build-mios.ps1	2412	2414	3	25	5ce945a2bbb5	STAY	midsize-why		0				0
build-mios.ps1	2425	2428	4	34	3e6e51b02079	STAY	midsize-why		0				0
build-mios.ps1	2433	2435	3	13	f15d65571eac	STAY	midsize-why		0				0
build-mios.ps1	2443	2443	1	11	b4b13839b446	STAY	local-scoped		0				0
build-mios.ps1	2449	2449	1	4	db3fe88ec8c5	STAY	local-scoped		0				0
build-mios.ps1	2462	2464	3	23	bcfaa6f9570a	STAY	midsize-why		0				0
build-mios.ps1	2480	2480	1	2	d68bfb81fbdd	DROP	banner		0				0
build-mios.ps1	2486	2486	1	3	3fc51a628824	STAY	inline-scoped		0				0
build-mios.ps1	2490	2490	1	4	5d9f9445a30e	STAY	inline-scoped		0				0
build-mios.ps1	2517	2517	1	0	0d1e9f2cdf77	DROP	banner		0				0
build-mios.ps1	2520	2520	1	5	79c50bab731a	STAY	local-scoped		0				0
build-mios.ps1	2536	2536	1	3	7049f3245d69	STAY	local-scoped		0				0
build-mios.ps1	2539	2540	2	21	5676b2d1700c	STAY	local-scoped		0				0
build-mios.ps1	2543	2543	1	8	bd3be09fcd99	STAY	local-scoped		0				0
build-mios.ps1	2550	2550	1	6	2c3a4b05cab7	STAY	local-scoped		0				0
build-mios.ps1	2562	2563	2	19	6ca67345f56c	STAY	local-scoped		0				0
build-mios.ps1	2600	2601	2	17	89451f76f6dc	STAY	local-scoped		0				0
build-mios.ps1	2640	2643	4	35	25c9fb7b6039	STAY	midsize-why		0				0
build-mios.ps1	2647	2647	1	6	baa601b08b47	STAY	inline-scoped		0				0
build-mios.ps1	2656	2658	3	13	d7ff7b24bd77	STAY	midsize-why		0				0
build-mios.ps1	2664	2665	2	22	8870b3e6c29d	STAY	local-scoped		0				0
build-mios.ps1	2681	2683	3	28	4f02e02da62a	STAY	midsize-why		0				0
build-mios.ps1	2689	2689	1	9	4c7873b2cd69	STAY	local-scoped		0				0
build-mios.ps1	2701	2704	4	42	35971e459b65	STAY	midsize-why		0				0
build-mios.ps1	2717	2718	2	18	b9aaaea808d9	STAY	local-scoped		0				0
build-mios.ps1	2733	2733	1	13	043ce2654125	STAY	local-scoped		0				0
build-mios.ps1	2742	2742	1	10	f737f1c2687c	STAY	local-scoped		0				0
build-mios.ps1	2756	2758	3	28	37bba3318fc5	STAY	midsize-why		0				0
build-mios.ps1	2772	2776	5	49	c068ec3153b0	STAY	midsize-why		0				0
build-mios.ps1	2792	2794	3	28	e8c5a59c7a45	STAY	midsize-why		0				0
build-mios.ps1	2913	2916	4	27	b270518e2c25	STAY	midsize-why		0				0
build-mios.ps1	2919	2923	5	48	5878c67c24f2	STAY	midsize-why		0				0
build-mios.ps1	2926	2930	5	52	0543e63e8a65	STAY	midsize-why		0				0
build-mios.ps1	2938	2941	4	34	158970a36a5b	STAY	midsize-why		0				0
build-mios.ps1	2957	2958	2	22	a0fe98adb2b1	STAY	local-scoped		0				0
build-mios.ps1	2974	2977	4	35	f1bd5e36d085	STAY	midsize-why		0				0
build-mios.ps1	2980	2983	4	30	dc90465fbbd3	STAY	midsize-why		0				0
build-mios.ps1	2985	2987	3	31	13562e7480c7	STAY	midsize-why		0				0
build-mios.ps1	3000	3003	4	25	1c536a4d846c	STAY	midsize-why		0				0
build-mios.ps1	3008	3010	3	27	af1f561bff14	STAY	midsize-why		0				0
build-mios.ps1	3021	3021	1	9	5b69986311f2	STAY	local-scoped		0				0
build-mios.ps1	3024	3024	1	0	725a0d75c35a	DROP	banner		0				0
build-mios.ps1	3030	3033	4	39	d58dfd1b7e7a	STAY	midsize-why		0				0
build-mios.ps1	3074	3074	1	1	4b7a3af894cd	DROP	banner		0				0
build-mios.ps1	3077	3077	1	1	4b7a3af894cd	DROP	banner		0				0
build-mios.ps1	3113	3114	2	23	cbb03db0b0b1	STAY	local-scoped		0				0
build-mios.ps1	3126	3126	1	5	32ce9c8a21a1	STAY	local-scoped		0				0
build-mios.ps1	3145	3145	1	10	1e5081c3803a	STAY	local-scoped		0				0
build-mios.ps1	3164	3164	1	1	b79b3a7e791e	STAY	inline-scoped		0				0
build-mios.ps1	3180	3184	5	39	e70871f3616b	STAY	midsize-why		0				0
build-mios.ps1	3188	3188	1	3	7049f3245d69	STAY	local-scoped		0				0
build-mios.ps1	3201	3204	4	40	ed52f5aa0fe8	STAY	midsize-why		0				0
build-mios.ps1	3213	3214	2	14	5ca0ed072d64	STAY	local-scoped		0				0
build-mios.ps1	3295	3295	1	0	725a0d75c35a	DROP	banner		0				0
build-mios.ps1	3302	3303	2	16	7279a057856c	STAY	local-scoped		0				0
build-mios.ps1	3360	3362	3	17	cf2e9a73369d	STAY	midsize-why		0				0
build-mios.ps1	3414	3415	2	19	26f026903f45	STAY	local-scoped		0				0
build-mios.ps1	3419	3421	3	29	5ff9b758dc9c	STAY	midsize-why		0				0
build-mios.ps1	3431	3432	2	20	b995972ea4e1	STAY	local-scoped		0				0
build-mios.ps1	3462	3463	2	18	de47f123158d	STAY	local-scoped		0				0
build-mios.ps1	3505	3507	3	27	140cf882d64b	STAY	midsize-why		0				0
build-mios.ps1	3524	3525	2	22	5a442aafcea8	STAY	local-scoped		0				0
build-mios.ps1	3531	3531	1	10	029a9f465b60	STAY	local-scoped		0				0
build-mios.ps1	3561	3562	2	22	df1f8c5d67c7	STAY	local-scoped		0				0
build-mios.ps1	3624	3624	1	11	5dd23d5e739a	STAY	local-scoped		0				0
build-mios.ps1	3668	3668	1	11	0e3f66509a4a	STAY	local-scoped		0				0
build-mios.ps1	3676	3678	3	31	2b4190c2686c	STAY	midsize-why		0				0
build-mios.ps1	3687	3688	2	16	fc4a93dbcd33	STAY	local-scoped		0				0
build-mios.ps1	3738	3738	1	7	aa698341197c	STAY	local-scoped		0				0
build-mios.ps1	3750	3750	1	7	a14d351e02de	STAY	local-scoped		0				0
build-mios.ps1	3762	3762	1	13	3ef87c688c82	STAY	local-scoped		0				0
build-mios.ps1	3768	3768	1	5	9fb23715786c	STAY	local-scoped		0				0
build-mios.ps1	3789	3789	1	5	d7130be5e225	STAY	local-scoped		0				0
build-mios.ps1	3803	3803	1	5	b2e3ba2a06c8	STAY	local-scoped		0				0
build-mios.ps1	3819	3819	1	7	4d637be89cdd	STAY	local-scoped		0				0
build-mios.ps1	3826	3826	1	6	f4ea55fde3ae	STAY	local-scoped		0				0
build-mios.ps1	3850	3850	1	7	3e45ce5daef7	STAY	local-scoped		0				0
build-mios.ps1	3870	3872	3	22	f51c7e27c7d5	STAY	midsize-why		0				0
build-mios.ps1	3896	3900	5	43	451c2e1664c2	STAY	midsize-why		0				0
build-mios.ps1	3911	3911	1	7	3df3b31234c7	STAY	local-scoped		0				0
build-mios.ps1	3916	3916	1	4	036be9d36365	STAY	local-scoped		0				0
build-mios.ps1	3921	3923	3	23	6c96ca79c6da	STAY	midsize-why		0				0
build-mios.ps1	3942	3943	2	16	99caaaa2289f	STAY	local-scoped		0				0
build-mios.ps1	3958	3961	4	36	9313385e2491	STAY	midsize-why		0				0
build-mios.ps1	3968	3968	1	8	38cfcbeb9036	STAY	local-scoped		0				0
build-mios.ps1	3974	3974	1	9	3620e24fa0e6	STAY	local-scoped		0				0
build-mios.ps1	3980	3980	1	10	ab09f038b8cc	STAY	local-scoped		0				0
build-mios.ps1	4002	4002	1	6	ff048bea5120	STAY	inline-scoped		0				0
build-mios.ps1	4037	4037	1	13	7df7bb37ee5e	STAY	local-scoped		0				0
build-mios.ps1	4063	4063	1	10	da4be64ef330	STAY	local-scoped		0				0
build-mios.ps1	4069	4069	1	7	c32b5086f648	STAY	local-scoped		0				0
build-mios.ps1	4083	4084	2	17	be28c7e4eff9	STAY	local-scoped		0				0
build-mios.ps1	4089	4089	1	6	63ae98929a38	STAY	local-scoped		0				0
build-mios.ps1	4114	4118	5	54	ca7591a2f5ff	STAY	midsize-why		0				0
build-mios.ps1	4165	4165	1	6	65395201af69	STAY	local-scoped		0				0
build-mios.ps1	4177	4179	3	21	c3aa37e2676c	STAY	midsize-why		0				0
build-mios.ps1	4197	4197	1	2	e97db4c9accc	STAY	inline-scoped		0				0
build-mios.ps1	4198	4198	1	4	87fc005b0d2f	STAY	inline-scoped		0				0
build-mios.ps1	4241	4241	1	3	7a46911cbbc2	STAY	local-scoped		0				0
build-mios.ps1	4258	4260	3	30	c6f93b27f32c	STAY	midsize-why		0				0
build-mios.ps1	4264	4267	4	30	84af4e5c04eb	STAY	midsize-why		0				0
build-mios.ps1	4271	4273	3	32	771de904202a	STAY	midsize-why		0				0
build-mios.ps1	4289	4290	2	18	7cffa0cfcd47	STAY	local-scoped		0				0
build-mios.ps1	4296	4299	4	34	3042b11b934b	STAY	midsize-why		0				0
build-mios.ps1	4334	4335	2	14	d1fcaa2fce8e	STAY	local-scoped		0				0
build-mios.ps1	4396	4396	1	10	66e652b6bacf	STAY	local-scoped		0				0
build-mios.ps1	4411	4411	1	8	0c58b1cf06f8	STAY	local-scoped		0				0
build-mios.ps1	4426	4426	1	10	0127a8f5ffc8	STAY	local-scoped		0				0
build-mios.ps1	4441	4443	3	26	d1b086066f4f	STAY	midsize-why		0				0
build-mios.ps1	4452	4455	4	36	1a199576fa26	STAY	midsize-why		0				0
build-mios.ps1	4469	4471	3	21	13068280e67f	STAY	midsize-why		0				0
build-mios.ps1	4479	4482	4	28	89b920056796	STAY	midsize-why		0				0
build-mios.ps1	4497	4501	5	42	430e6f9ad5dc	STAY	midsize-why		0				0
build-mios.ps1	4508	4511	4	33	fea1b0dfa760	STAY	midsize-why		0				0
build-mios.ps1	4514	4517	4	25	e5b029c16b56	STAY	midsize-why		0				0
build-mios.ps1	4525	4525	1	1	c93a89851e54	DROP	banner		0				0
build-mios.ps1	4526	4526	1	1	2e41fbcc1b05	DROP	banner		0				0
build-mios.ps1	4527	4527	1	1	da3732731197	DROP	banner		0				0
build-mios.ps1	4528	4528	1	1	48ca18fde5a4	DROP	banner		0				0
build-mios.ps1	4529	4529	1	1	adebef83c001	DROP	banner		0				0
build-mios.ps1	4530	4530	1	1	394d87f0894d	DROP	banner		0				0
build-mios.ps1	4531	4531	1	1	4d22464646b7	DROP	banner		0				0
build-mios.ps1	4532	4532	1	1	627c2a8f03a6	DROP	banner		0				0
build-mios.ps1	4533	4533	1	1	41537ca71d32	DROP	banner		0				0
build-mios.ps1	4537	4537	1	3	26fae630b48f	DROP	commented-out-code		0				0
build-mios.ps1	4553	4553	1	3	38140d059950	STAY	inline-scoped		0				0
build-mios.ps1	4554	4554	1	3	58954bce6c5a	STAY	inline-scoped		0				0
build-mios.ps1	4559	4561	3	29	d5c84afced63	STAY	midsize-why		0				0
build-mios.ps1	4566	4570	5	38	97312aad892e	STAY	midsize-why		0				0
build-mios.ps1	4610	4614	5	37	a0b8976392bf	STAY	midsize-why		0				0
build-mios.ps1	4619	4619	1	2	eab286e76dab	STAY	inline-scoped		0				0
build-mios.ps1	4620	4620	1	2	af38b904eba2	STAY	inline-scoped		0				0
build-mios.ps1	4629	4631	3	24	2e56fbf1891c	STAY	midsize-why		0				0
build-mios.ps1	4636	4636	1	4	095f34722c44	STAY	local-scoped		0				0
build-mios.ps1	4645	4648	4	34	8b4bce60b4e2	STAY	midsize-why		0				0
build-mios.ps1	4651	4651	1	9	d7efe87157f5	STAY	local-scoped		0				0
build-mios.ps1	4662	4662	1	9	6a9ea370942e	STAY	local-scoped		0				0
build-mios.ps1	4673	4674	2	19	3f1e37d76b49	STAY	local-scoped		0				0
build-mios.ps1	4685	4685	1	4	df3e54fae3fa	STAY	local-scoped		0				0
build-mios.ps1	4690	4690	1	9	5849ce13915a	STAY	local-scoped		0				0
build-mios.ps1	4694	4694	1	5	251b116ca182	STAY	local-scoped		0				0
build-mios.ps1	4699	4700	2	15	17455b1bc1c6	STAY	local-scoped		0				0
build-mios.ps1	4707	4707	1	2	58111b05dc9f	STAY	inline-scoped		0				0
build-mios.ps1	4708	4708	1	2	9565065570e7	STAY	inline-scoped		0				0
build-mios.ps1	4709	4709	1	1	583a81fbd9e1	STAY	inline-scoped		0				0
build-mios.ps1	4710	4710	1	1	e241dcc2dd8d	STAY	inline-scoped		0				0
build-mios.ps1	4711	4711	1	1	862923bca4fa	STAY	inline-scoped		0				0
build-mios.ps1	4712	4712	1	1	e241dcc2dd8d	STAY	inline-scoped		0				0
build-mios.ps1	4713	4713	1	2	750a166eb858	STAY	inline-scoped		0				0
build-mios.ps1	4725	4725	1	9	0e0c586c39fe	STAY	local-scoped		0				0
build-mios.ps1	4728	4728	1	1	c0d03c1239e0	STAY	inline-scoped		0				0
build-mios.ps1	4729	4729	1	2	508a0d402046	DROP	commented-out-code		0				0
build-mios.ps1	4742	4742	1	1	19e4bd2d806b	STAY	inline-scoped		0				0
build-mios.ps1	4743	4743	1	1	c0d03c1239e0	STAY	inline-scoped		0				0
build-mios.ps1	4744	4744	1	2	5d508d4cb51f	STAY	inline-scoped		0				0
build-mios.ps1	4745	4745	1	1	b3926346e92c	STAY	inline-scoped		0				0
build-mios.ps1	4766	4766	1	9	fc8104793fa4	STAY	local-scoped		0				0
build-mios.ps1	4839	4839	1	5	8c3d68a6c940	STAY	local-scoped		0				0
build-mios.ps1	4867	4867	1	9	7f226c50a809	STAY	local-scoped		0				0
build-mios.ps1	4871	4871	1	7	3470497061f8	STAY	local-scoped		0				0
build-mios.ps1	4892	4894	3	23	e11c92df5721	STAY	midsize-why		0				0
build-mios.ps1	4918	4919	2	21	ef962b08f706	STAY	local-scoped		0				0
build-mios.ps1	4926	4926	1	9	b0487ea82026	STAY	local-scoped		0				0
build-mios.ps1	4957	4960	4	38	db4d9f17955a	STAY	midsize-why		0				0
build-mios.ps1	4963	4965	3	26	6025b9dd8db3	STAY	midsize-why		0				0
build-mios.ps1	4968	4969	2	19	6963cbb5b083	STAY	local-scoped		0				0
build-mios.ps1	4970	4970	1	3	ad6f6a9caf25	STAY	inline-scoped		0				0
build-mios.ps1	4971	4971	1	1	78cde64c3e47	STAY	inline-scoped		0				0
build-mios.ps1	4972	4972	1	2	f4baae373fd1	STAY	inline-scoped		0				0
build-mios.ps1	4973	4973	1	2	ba1a839a0ffe	STAY	inline-scoped		0				0
build-mios.ps1	4997	4998	2	16	591432880822	STAY	local-scoped		0				0
build-mios.ps1	5001	5001	1	10	cab8e0ec6dbc	STAY	local-scoped		0				0
build-mios.ps1	5153	5153	1	8	1aa368692ff3	STAY	local-scoped		0				0
build-mios.ps1	5174	5178	5	47	960fb0b343ef	STAY	midsize-why		0				0
build-mios.ps1	5194	5195	2	17	c71fd4e13855	STAY	local-scoped		0				0
build-mios.ps1	5213	5217	5	59	44984a1d4618	STAY	midsize-why		0				0
build-mios.ps1	5236	5236	1	7	46fcb9dd86db	STAY	local-scoped		0				0
build-mios.ps1	5250	5251	2	13	46eef5b83829	STAY	local-scoped		0				0
build-mios.ps1	5264	5265	2	12	9c65d765b745	STAY	local-scoped		0				0
build-mios.ps1	5268	5270	3	27	fb43fc16c228	STAY	midsize-why		0				0
build-mios.ps1	5289	5290	2	13	135ed2351d27	STAY	local-scoped		0				0
build-mios.ps1	5293	5295	3	26	a8f60ebd4c90	STAY	midsize-why		0				0
build-mios.ps1	5314	5314	1	9	bd197577c7fe	STAY	local-scoped		0				0
build-mios.ps1	5319	5320	2	16	34635682540e	STAY	local-scoped		0				0
build-mios.ps1	5334	5338	5	36	f3862d03c3b6	STAY	midsize-why		0				0
build-mios.ps1	5341	5341	1	8	86ea98ebbd3d	STAY	local-scoped		0				0
build-mios.ps1	5352	5355	4	46	741a8fab270b	STAY	midsize-why		0				0
build-mios.ps1	5370	5372	3	39	5a64ffe13aff	STAY	midsize-why		0				0
build-mios.ps1	5386	5386	1	11	7ed8c3863265	STAY	local-scoped		0				0
build-mios.ps1	5430	5430	1	12	6cd967d904ab	STAY	local-scoped		0				0
build-mios.ps1	5433	5433	1	7	a3da21aa9162	STAY	local-scoped		0				0
build-mios.ps1	5439	5439	1	3	7b94c4074e7a	STAY	inline-scoped		0				0
build-mios.ps1	5440	5440	1	3	1172118866fb	STAY	inline-scoped		0				0
build-mios.ps1	5456	5456	1	9	83935ef95164	STAY	local-scoped		0				0
build-mios.ps1	5474	5476	3	23	87f4b89922ad	STAY	midsize-why		0				0
build-mios.ps1	5486	5490	5	40	0a87e32c067f	STAY	midsize-why		0				0
build-mios.ps1	5501	5502	2	14	4bb0d75b9af5	STAY	local-scoped		0				0
build-mios.ps1	5517	5520	4	33	3daeaed94762	STAY	midsize-why		0				0
build-mios.ps1	5535	5536	2	14	bf49065d73c3	STAY	local-scoped		0				0
build-mios.ps1	5543	5543	1	9	8b0794d06228	STAY	local-scoped		0				0
build-mios.ps1	5551	5551	1	4	ad2e0747d590	STAY	local-scoped		0				0
build-mios.ps1	5555	5559	5	52	b9363e8eb048	STAY	midsize-why		0				0
build-mios.ps1	5573	5573	1	6	14a9ba80b5e3	STAY	inline-scoped		0				0
build-mios.ps1	5610	5611	2	10	876e060de721	STAY	local-scoped		0				0
build-mios.ps1	5631	5631	1	8	f703c92da466	STAY	local-scoped		0				0
build-mios.ps1	5635	5635	1	4	1d07d127a10d	STAY	local-scoped		0				0
build-mios.ps1	5645	5647	3	32	a4e344120cf2	STAY	midsize-why		0				0
build-mios.ps1	5685	5687	3	20	dbb56a701725	STAY	midsize-why		0				0
build-mios.ps1	5697	5697	1	7	7e39649ee939	STAY	local-scoped		0				0
build-mios.ps1	5709	5709	1	5	b95d3d64155b	STAY	local-scoped		0				0
build-mios.ps1	5731	5734	4	36	206f17f66b90	STAY	midsize-why		0				0
build-mios.ps1	5746	5746	1	6	217dd31a4ecd	STAY	local-scoped		0				0
build-mios.ps1	5808	5812	5	42	2aa4ac8ab77b	STAY	midsize-why		0				0
build-mios.ps1	5830	5834	5	44	fc99a766f90f	STAY	midsize-why		0				0
build-mios.ps1	5848	5848	1	4	b45bf4d225bb	STAY	inline-scoped		0				0
build-mios.ps1	5874	5875	2	15	7a5def445fc4	STAY	local-scoped		0				0
build-mios.ps1	5879	5879	1	8	bf81f9d79b2a	STAY	local-scoped		0				0
build-mios.ps1	5893	5893	1	3	9a9188225175	DROP	banner		0				0
build-mios.ps1	5897	5897	1	5	38365bb40115	DROP	banner		0				0
build-mios.ps1	5918	5918	1	9	eae0191f84f0	STAY	local-scoped		0				0
build-mios.ps1	5961	5961	1	2	a481139c89b2	DROP	banner		0				0
build-mios.ps1	5975	5975	1	1	ac5e7f64ab99	STAY	inline-scoped		0				0
build-mios.ps1	5976	5976	1	5	b1b27b47f7d2	STAY	local-scoped		0				0
build-mios.ps1	5978	5978	1	7	c286f4b3f6b4	STAY	local-scoped		0				0
build-mios.ps1	5982	5982	1	5	35d201c47a68	STAY	local-scoped		0				0
build-mios.ps1	6005	6006	2	19	af5e6ae24902	STAY	local-scoped		0				0
build-mios.ps1	6015	6015	1	9	7ba111c598ac	STAY	local-scoped		0				0
build-mios.ps1	6051	6055	5	36	643292ec529d	STAY	midsize-why		0				0
build-mios.ps1	6093	6097	5	34	1c47c7cc1e4b	STAY	midsize-why		0				0
build-mios.ps1	6142	6144	3	9	3c0041415ab0	STAY	midsize-why		0				0
build-mios.ps1	6155	6155	1	1	16fe35583615	DROP	banner		0				0
build-mios.ps1	6184	6186	3	21	ab90ac4ae286	STAY	midsize-why		0				0
build-mios.ps1	6194	6194	1	12	aa712155e5af	STAY	local-scoped		0				0
build-mios.ps1	6197	6201	5	46	c2779dd4d600	STAY	midsize-why		0				0
build-mios.ps1	6231	6235	5	57	de3c29d2c8ed	STAY	midsize-why		0				0
build-mios.ps1	6241	6242	2	17	7d571578652e	STAY	local-scoped		0				0
build-mios.ps1	6245	6245	1	5	de73da1016cf	STAY	inline-scoped		0				0
build-mios.ps1	6247	6247	1	4	e3f4dbcf6d6b	DROP	banner		0				0
build-mios.ps1	6265	6265	1	6	1632fc6a554f	STAY	local-scoped		0				0
build-mios.ps1	6274	6274	1	7	02f578522087	STAY	inline-scoped		0				0
build-mios.ps1	6288	6289	2	19	0a193260e145	STAY	local-scoped		0				0
build-mios.ps1	6294	6294	1	7	daa21489c556	STAY	local-scoped		0				0
build-mios.ps1	6300	6300	1	3	2a7bc1391ad8	STAY	inline-scoped		0				0
build-mios.ps1	6330	6330	1	7	23c0213d7bac	STAY	local-scoped		0				0
build-mios.ps1	6345	6345	1	7	b2513a4c28f8	STAY	inline-scoped		0				0
build-mios.ps1	6348	6348	1	8	9007bfd7a0f5	STAY	local-scoped		0				0
build-mios.ps1	6354	6354	1	7	20c2ed4299e8	STAY	inline-scoped		0				0
build-mios.ps1	6367	6370	4	46	b178b87ae812	STAY	midsize-why		0				0
build-mios.ps1	6378	6382	5	54	b4e65ac84468	STAY	midsize-why		0				0
build-mios.ps1	6396	6400	5	49	c5b4c780aa2a	STAY	midsize-why		0				0
build-mios.ps1	6416	6416	1	14	d06cc1d2d39a	STAY	local-scoped		0				0
build-mios.ps1	6431	6431	1	6	5d8f77810727	STAY	local-scoped		0				0
build-mios.ps1	6439	6439	1	8	75a82d0a01a7	STAY	local-scoped		0				0
build-mios.ps1	6496	6496	1	8	638d269f5cb8	STAY	local-scoped		0				0
build-mios.ps1	6555	6557	3	24	43e5cc8d7d5d	STAY	midsize-why		0				0
build-mios.ps1	6560	6562	3	29	c5bd1147686a	STAY	midsize-why		0				0
build-mios.ps1	6572	6572	1	6	bf5dc513e1fc	STAY	local-scoped		0				0
build-mios.ps1	6594	6597	4	37	9fcde89919e8	STAY	midsize-why		0				0
build-mios.ps1	6610	6611	2	16	242a904f995e	STAY	local-scoped		0				0
build-mios.ps1	6615	6616	2	22	fe965e2584f6	STAY	local-scoped		0				0
build-mios.ps1	6626	6626	1	8	a361752c980a	STAY	local-scoped		0				0
build-mios.ps1	6676	6679	4	29	5bd7e59d4f99	STAY	midsize-why		0				0
build-mios.ps1	6681	6681	1	2	a481139c89b2	DROP	banner		0				0
build-mios.ps1	6723	6725	3	31	e74447985664	STAY	midsize-why		0				0
build-mios.ps1	6729	6730	2	13	23deac5a1fba	STAY	local-scoped		0				0
build-mios.ps1	6763	6763	1	6	b57ab2d804d0	STAY	local-scoped		0				0
build-mios.ps1	6769	6769	1	2	a481139c89b2	DROP	banner		0				0
build-mios.ps1	6772	6773	2	19	2ef120121c50	STAY	local-scoped		0				0
build-mios.ps1	6780	6780	1	2	a481139c89b2	DROP	banner		0				0
build-mios.ps1	6790	6790	1	9	8545ecdf6159	STAY	local-scoped		0				0
build-mios.ps1	6810	6810	1	4	df5f7d8380a6	STAY	local-scoped		0				0
build-mios.ps1	6814	6814	1	2	a481139c89b2	DROP	banner		0				0
build-mios.ps1	6818	6818	1	5	ee0bbd26e0fe	STAY	local-scoped		0				0
build-mios.ps1	6855	6859	5	31	08b3d1b5f169	STAY	midsize-why		0				0
build-mios.ps1	6865	6867	3	30	a910f70696e4	STAY	midsize-why		0				0
build-mios.ps1	6918	6919	2	11	19149533c389	STAY	local-scoped		0				0
build-mios.ps1	6969	6970	2	19	e1196eac2653	STAY	local-scoped		0				0
build-mios.ps1	6984	6987	4	30	6744c6562f29	STAY	midsize-why		0				0
build-mios.ps1	7002	7003	2	16	36ef38703a58	STAY	local-scoped		0				0
build-mios.ps1	7044	7047	4	35	aa6b817f2117	STAY	midsize-why		0				0
build-mios.ps1	7076	7076	1	8	cb2a684649a1	STAY	local-scoped		0				0
build-mios.ps1	7096	7096	1	7	3e50357d0df0	STAY	local-scoped		0				0
build-mios.ps1	7117	7119	3	25	f16bf35598fe	STAY	midsize-why		0				0
build-mios.ps1	7155	7158	4	36	e1e0887208bc	STAY	midsize-why		0				0
build-mios.ps1	7234	7235	2	22	9daf3755c428	STAY	local-scoped		0				0
build-mios.ps1	7257	7258	2	19	7e2067dab28f	STAY	local-scoped		0				0
build-mios.ps1	7260	7260	1	7	31f578473d70	STAY	local-scoped		0				0
build-mios.ps1	7269	7269	1	5	7cafd7c24ff2	STAY	inline-scoped		0				0
build-mios.ps1	7270	7270	1	6	7441345c1ff3	STAY	inline-scoped		0				0
build-mios.ps1	7294	7295	2	13	3d1eb656a0fe	STAY	local-scoped		0				0
build-mios.ps1	7301	7304	4	31	ca00d29b0fc5	STAY	midsize-why		0				0
build-mios.ps1	7313	7315	3	19	047317593b85	STAY	midsize-why		0				0
build-mios.ps1	7365	7365	1	3	ad0a1ff50a1d	DROP	banner		0				0
build-mios.ps1	7369	7370	2	20	9b113d9819ae	STAY	local-scoped		0				0
build-mios.ps1	7377	7378	2	28	139554744df5	STAY	midsize-why		0				0
build-mios.ps1	7384	7387	4	36	8a7cad266912	STAY	midsize-why		0				0
build-mios.ps1	7394	7394	1	12	d6c7be342f97	STAY	local-scoped		0				0
build-mios.ps1	7413	7413	1	4	06a6671e5938	STAY	local-scoped		0				0
build-mios.ps1	7429	7433	5	41	f634e714fac5	STAY	midsize-why		0				0
build-mios.ps1	7437	7441	5	40	8e8ae55cc4fd	STAY	midsize-why		0				0
build-mios.ps1	7453	7454	2	21	99c374d5f90b	STAY	local-scoped		0				0
build-mios.ps1	7469	7472	4	27	33f4e974afcf	STAY	midsize-why		0				0
build-mios.ps1	7475	7477	3	28	bd075ff30f84	STAY	midsize-why		0				0
build-mios.ps1	7481	7481	1	6	b9c89042e2d2	STAY	local-scoped		0				0
build-mios.ps1	7509	7513	5	38	50e4a7327f19	STAY	midsize-why		0				0
build-mios.ps1	7516	7517	2	16	31b7fa2aeaf9	STAY	local-scoped		0				0
build-mios.ps1	7534	7537	4	29	18807565da98	STAY	midsize-why		0				0
build-mios.ps1	7597	7597	1	8	bb9c4c88379b	STAY	local-scoped		0				0
build-mios.ps1	7606	7606	1	11	c5362fbae208	STAY	local-scoped		0				0
build-mios.ps1	7614	7614	1	8	021f9cadec70	STAY	local-scoped		0				0
build-mios.ps1	7625	7625	1	7	a025910b536e	STAY	local-scoped		0				0
build-mios.ps1	7633	7633	1	14	b0554476ae1d	STAY	local-scoped		0				0
build-mios.ps1	7640	7640	1	10	f37dfce8bcc2	STAY	local-scoped		0				0
build-mios.ps1	7651	7651	1	10	4a78ffb60423	STAY	local-scoped		0				0
build-mios.ps1	7655	7655	1	6	2b950c8cfe2a	STAY	local-scoped		0				0
build-mios.ps1	7663	7663	1	2	aa1205e6b05c	STAY	local-scoped		0				0
build-mios.ps1	7668	7668	1	5	a91317519346	STAY	local-scoped		0				0
build-mios.ps1	7681	7681	1	10	fbf5105c79b0	STAY	local-scoped		0				0
build-mios.ps1	7691	7691	1	11	44d93f5346e2	STAY	local-scoped		0				0
build-mios.ps1	7713	7713	1	7	39973c63bb92	STAY	inline-scoped		0				0
build-mios.ps1	7714	7714	1	7	8c4b24c00488	STAY	inline-scoped		0				0
build-mios.ps1	7724	7724	1	6	2446b65b5660	STAY	local-scoped		0				0
build-mios.ps1	7732	7732	1	6	f3dc02487a1c	STAY	local-scoped		0				0
build-mios.ps1	7743	7743	1	7	ce5f75a9aa0f	STAY	local-scoped		0				0
build-mios.ps1	7757	7757	1	5	1ac0471e7a00	STAY	local-scoped		0				0
build-mios.ps1	7761	7761	1	7	ec0a00bcabef	STAY	local-scoped		0				0
build-mios.ps1	7765	7765	1	6	0d8339b004b5	STAY	local-scoped		0				0
build-mios.ps1	7788	7788	1	13	687fab4ef42e	STAY	local-scoped		0				0
build-mios.ps1	7796	7796	1	4	12ff0c15b47b	STAY	local-scoped		0				0
build-mios.ps1	7805	7805	1	4	8d624980470c	STAY	local-scoped		0				0
build-mios.ps1	7822	7822	1	5	38c75142733e	STAY	local-scoped		0				0
build-mios.ps1	7835	7835	1	10	e62e8b2a91f5	STAY	local-scoped		0				0
build-mios.ps1	7840	7841	2	19	b51bf3eb8a5f	STAY	local-scoped		0				0
build-mios.ps1	7859	7859	1	7	a4e7bdd9aa44	STAY	local-scoped		0				0
build-mios.ps1	7872	7873	2	25	379225fee774	STAY	local-scoped		0				0
build-mios.ps1	7882	7882	1	8	acdfaa58328d	STAY	local-scoped		0				0
build-mios.ps1	7897	7897	1	8	0318f76735c0	STAY	local-scoped		0				0
build-mios.ps1	7929	7929	1	3	b5b91c2086c9	DROP	commented-out-code		0				0
build-mios.ps1	7932	7932	1	11	b87aa5044933	STAY	inline-scoped		0				0
build-mios.ps1	7941	7943	3	18	b24bbde8cf87	STAY	midsize-why		0				0
build-mios.ps1	7951	7954	4	32	4c8f27baed78	STAY	midsize-why		0				0
build-mios.ps1	8004	8004	1	8	2c84fbf4ef1b	STAY	local-scoped		0				0
build-mios.ps1	8017	8018	2	15	8fd6dc00663f	STAY	local-scoped		0				0
build-mios.ps1	8034	8036	3	30	5f6a976bc43e	STAY	midsize-why		0				0
build-mios.ps1	8039	8039	1	7	6dc417d295c6	STAY	inline-scoped		0				0
build-mios.ps1	8043	8044	2	21	733e0bc657eb	STAY	local-scoped		0				0
build-mios.ps1	8053	8053	1	8	062111253253	STAY	local-scoped		0				0
config/artifacts/bib.toml	1	2	2	26	aa7c79c14a5e	STAY	ai-header		0				0
config/artifacts/iso.toml	1	2	2	24	7f32890775a4	STAY	ai-header		0				0
config/artifacts/iso.toml	28	28	1	11	123012e1e482	STAY	local-scoped		0				0
config/artifacts/qcow2.toml	1	2	2	22	84ee5bc5deb1	STAY	ai-header		0				0
config/artifacts/qcow2.toml	6	6	1	6	f8e9c1528cfe	STAY	local-scoped		0				0
config/artifacts/qcow2.toml	8	8	1	7	7522fd5f15ae	STAY	local-scoped		0				0
config/artifacts/vhdx.toml	1	2	2	24	4031d4cde622	STAY	ai-header		0				0
config/artifacts/vhdx.toml	6	6	1	6	f8e9c1528cfe	STAY	local-scoped		0				0
config/artifacts/vhdx.toml	8	8	1	7	7522fd5f15ae	STAY	local-scoped		0				0
config/artifacts/wsl2.toml	1	2	2	25	0de291112a15	STAY	ai-header		0				0
config/artifacts/wsl2.toml	6	7	2	22	4b6f63bcdde3	STAY	local-scoped		0				0
config/artifacts/wsl2.toml	11	11	1	12	21bf9ffcdc87	STAY	local-scoped		0				0
config/bootstrap/bootstrap.ps1	1	2	2	14	9dd6db00361f	STAY	ai-header		0				0
config/bootstrap/bootstrap.sh	1	3	3	23	b69a6c6cdeca	STAY	ai-header		0				0
config/bootstrap/bootstrap.sh	103	103	1	4	403736fa581b	DROP	banner		0				0
config/bootstrap/bootstrap.sh	104	104	1	11	2f194891272a	STAY	inline-scoped		0				0
config/bootstrap/provision-env.ps1	1	2	2	26	a9635f4c4864	STAY	ai-header		0				0
config/bootstrap/provision-env.ps1	42	42	1	4	5aa2757fe9bf	DROP	banner		0				0
config/bootstrap/provision-env.ps1	59	59	1	3	0ed911f50d7e	DROP	banner		0				0
config/bootstrap/provision-env.ps1	60	60	1	4	d67a506fd9ab	DROP	banner		0				0
config/bootstrap/provision-env.ps1	89	89	1	2	af612c625d50	DROP	banner		0				0
config/bootstrap/provision-env.ps1	95	95	1	6	decf9e924618	STAY	local-scoped		0				0
config/bootstrap/provision-env.ps1	103	103	1	4	c4d048cb81ee	STAY	inline-scoped		0				0
config/bootstrap/provision-env.ps1	130	130	1	4	ca72afa8b4eb	STAY	local-scoped		0				0
config/bootstrap/provision-env.ps1	142	142	1	7	2838ab709093	STAY	local-scoped		0				0
config/bootstrap/provision-env.ps1	152	152	1	2	f8e8e73f5129	STAY	local-scoped		0				0
config/bootstrap/provision-env.ps1	159	159	1	2	89ed2d2db369	STAY	local-scoped		0				0
config/bootstrap/provision-env.ps1	172	172	1	1	81fd95d60573	DROP	banner		0				0
config/bootstrap/provision-env.ps1	185	185	1	4	f3e9a7ac1b90	STAY	local-scoped		0				0
config/bootstrap/provision-env.ps1	195	195	1	1	ba79261dfc98	DROP	banner		0				0
config/bootstrap/provision-env.ps1	207	207	1	3	1f3b639933ed	STAY	local-scoped		0				0
config/bootstrap/provision-env.ps1	211	211	1	5	a1c2ea34295c	STAY	local-scoped		0				0
etc/btop/btop.conf	4	4	1	9	13e95c9c6239	STAY	local-scoped		0				0
etc/btop/btop.conf	7	7	1	8	175d3e820775	STAY	local-scoped		0				0
etc/btop/btop.conf	10	10	1	7	e9bcdfa693ae	STAY	local-scoped		0				0
etc/btop/btop.conf	13	13	1	9	d922b8555bdb	STAY	local-scoped		0				0
etc/btop/btop.conf	16	27	12	63	2add1ac7df9c	MIGRATE	narrative-rationale		0				0
etc/btop/btop.conf	30	30	1	11	c7917fcabefa	STAY	local-scoped		0				0
etc/btop/btop.conf	33	33	1	8	76b6b2194ce6	STAY	local-scoped		0				0
etc/btop/btop.conf	36	36	1	7	d429a7dc5a37	STAY	local-scoped		0				0
etc/btop/btop.conf	39	39	1	6	27f5b765e1a1	STAY	local-scoped		0				0
etc/btop/btop.conf	46	48	3	22	abbc7ef8a3a1	MIGRATE	midsize-narrative		0				0
etc/btop/btop.conf	51	53	3	30	77fe03ac20f8	MIGRATE	midsize-narrative		0				0
etc/btop/btop.conf	56	56	1	7	8c2e7e020475	STAY	local-scoped		0				0
etc/btop/btop.conf	59	59	1	2	9a518c8c2307	STAY	local-scoped		0				0
etc/btop/btop.conf	62	62	1	5	0105fdf099de	STAY	local-scoped		0				0
etc/btop/btop.conf	65	65	1	7	359506a70372	STAY	local-scoped		0				0
etc/btop/btop.conf	68	68	1	8	8cc66a1a0a5c	STAY	local-scoped		0				0
etc/btop/btop.conf	71	71	1	3	939272b70ebd	STAY	local-scoped		0				0
etc/btop/btop.conf	74	74	1	4	1c054b1e2743	STAY	local-scoped		0				0
etc/btop/btop.conf	77	77	1	5	8f70fc089f89	STAY	local-scoped		0				0
etc/btop/btop.conf	80	80	1	6	b15ada29f380	STAY	local-scoped		0				0
etc/btop/btop.conf	83	83	1	6	6835c8d6f177	STAY	local-scoped		0				0
etc/btop/btop.conf	86	86	1	5	6f030d87fd77	STAY	local-scoped		0				0
etc/btop/btop.conf	89	89	1	10	1d94f4afcbb7	STAY	local-scoped		0				0
etc/btop/btop.conf	92	92	1	7	da8c6e56c1bb	STAY	local-scoped		0				0
etc/btop/btop.conf	99	99	1	5	9c151eeef8c4	STAY	local-scoped		0				0
etc/btop/btop.conf	102	102	1	6	35ae2e27d97e	STAY	local-scoped		0				0
etc/btop/btop.conf	105	105	1	7	50d5168be1b7	STAY	local-scoped		0				0
etc/btop/btop.conf	108	108	1	6	d0ccb0e60506	STAY	local-scoped		0				0
etc/btop/btop.conf	111	111	1	5	869e128061b6	STAY	local-scoped		0				0
etc/btop/btop.conf	114	114	1	8	5cc986b925d8	STAY	local-scoped		0				0
etc/btop/btop.conf	117	117	1	4	36ad625e8c26	STAY	local-scoped		0				0
etc/btop/btop.conf	120	120	1	9	611a0ea73227	STAY	local-scoped		0				0
etc/btop/btop.conf	123	123	1	4	f3c5ebdcd5ff	STAY	local-scoped		0				0
etc/btop/btop.conf	126	126	1	3	e05d67522e28	STAY	local-scoped		0				0
etc/btop/btop.conf	129	129	1	3	612ac256743a	STAY	local-scoped		0				0
etc/btop/btop.conf	137	137	1	8	055963219d78	STAY	local-scoped		0				0
etc/btop/btop.conf	144	144	1	10	775150302175	STAY	local-scoped		0				0
etc/btop/btop.conf	151	151	1	5	1b500827f210	STAY	local-scoped		0				0
etc/btop/btop.conf	156	156	1	2	f98507f1af5c	STAY	local-scoped		0				0
etc/chrony.conf	1	2	2	19	95e62a7a8127	STAY	ai-header		0				0
etc/chrony.conf	9	9	1	10	d0bf551a7aee	STAY	local-scoped		0				0
etc/chrony.conf	12	13	2	28	a45bb835736e	STAY	midsize-why		0				0
etc/chrony.conf	17	17	1	10	8b8e411a09ec	STAY	local-scoped		0				0
etc/chrony.conf	20	20	1	8	a53733c7369f	STAY	local-scoped		0				0
etc/chrony.conf	23	23	1	5	34d8a6ec126f	STAY	local-scoped		0				0
etc/cockpit/cockpit.conf	1	1	1	3	2240cb255671	STAY	local-scoped		0				0
etc/containers/storage.conf	6	31	26	154	d812e6153920	MIGRATE	narrative-history		0				0
etc/containers/storage.conf	34	42	9	80	34c4596b5b8f	MIGRATE	narrative-history		0				0
etc/containers/storage.conf	46	46	1	6	2667b526c632	STAY	local-scoped		0				0
etc/greenboot/check/required.d/50-mios-core.sh	1	1	1	2	4189f864510a	STAY	local-scoped		0				0
etc/greenboot/check/wanted.d/55-mios-cephfs.sh	1	3	3	25	0c56fa56509f	STAY	ai-header		0				0
etc/greenboot/check/wanted.d/56-mios-desktop.sh	1	3	3	28	df6ab8a61357	STAY	ai-header		0				0
etc/greenboot/greenboot.conf	1	1	1	3	ac099d0f6e3e	STAY	local-scoped		0				0
etc/greenboot/greenboot.conf	3	3	1	1	3a2e8954befd	DROP	banner		0				0
etc/greenboot/greenboot.conf	7	11	5	28	3783655ce81f	STAY	midsize-why		0				0
etc/mios/kb.conf.toml	1	2	2	25	e0617948781f	STAY	ai-header		0				0
etc/mios/kb.conf.toml	5	5	1	12	79bf6b6af740	STAY	local-scoped		0				0
etc/mios/kb.conf.toml	7	7	1	6	373bfd3b32cc	STAY	inline-scoped		0				0
etc/mios/kb.conf.toml	8	13	6	23	7036a2325287	MIGRATE	narrative-rationale		0				0
etc/mios/kb.conf.toml	16	17	2	14	03eeaaac617b	STAY	local-scoped		0				0
etc/mios/kb.conf.toml	20	20	1	7	9a5e517d3c22	STAY	inline-scoped		0				0
etc/mios/kb.conf.toml	24	25	2	18	222697107f04	STAY	local-scoped		0				0
etc/mios/kb.conf.toml	29	29	1	11	868f5946d870	STAY	inline-scoped		0				0
etc/mios/kb.conf.toml	30	30	1	1	f52e43d2dbc6	STAY	inline-scoped		0				0
etc/mios/kb.conf.toml	31	31	1	1	f52e43d2dbc6	STAY	inline-scoped		0				0
etc/mios/kb.conf.toml	32	32	1	1	f52e43d2dbc6	STAY	inline-scoped		0				0
etc/mios/kb.conf.toml	33	33	1	5	baedf8e51349	STAY	inline-scoped		0				0
etc/mios/kb.conf.toml	34	34	1	4	882255703578	STAY	inline-scoped		0				0
etc/mios/kb.conf.toml	35	35	1	1	f41c4ed4e97d	DROP	banner		0				0
etc/mios/kb.conf.toml	39	39	1	5	cf88a49e0773	STAY	inline-scoped		0				0
etc/mios/kb.conf.toml	40	40	1	3	bd2db12eb6f0	STAY	inline-scoped		0				0
etc/mios/kb.conf.toml	41	43	3	18	cc0675bab2d8	STAY	midsize-why		0				0
etc/mios/kb.conf.toml	47	47	1	4	1546a7d34321	STAY	inline-scoped		0				0
etc/mios/kb.conf.toml	48	48	1	7	24a8fc2fbf56	STAY	inline-scoped		0				0
etc/mios/kb.conf.toml	49	49	1	1	44f3c8ab3bb6	STAY	inline-scoped		0				0
etc/mios/kb.conf.toml	56	56	1	10	ff3f6c9cafef	STAY	local-scoped		0				0
etc/profile.d/00-mios-pre-bootc.sh	1	2	2	12	a2b34ce5499d	STAY	ai-header		0				0
etc/profile.d/bash_completion.sh	1	1	1	22	53aca34c6ef2	STAY	ai-header		0				0
etc/profile.d/colorgrep.sh	1	1	1	21	d66b9414108e	STAY	ai-header		0				0
etc/profile.d/colorls.sh	1	1	1	24	7347f1df8327	STAY	ai-header		0				0
etc/profile.d/colorxzgrep.sh	1	1	1	22	a75c3a7b1f7f	STAY	ai-header		0				0
etc/profile.d/colorzgrep.sh	1	1	1	25	8d95b15a37bf	STAY	ai-header		0				0
etc/profile.d/debuginfod.sh	1	1	1	22	f43fafd81df1	STAY	ai-header		0				0
etc/profile.d/docker-host.sh	1	1	1	26	228b369d03f4	STAY	ai-header		0				0
etc/profile.d/enterns.sh	1	1	1	33	04f6e1125a0e	STAY	ai-header		0				0
etc/profile.d/flatpak.sh	1	1	1	26	f606cf593ff3	STAY	ai-header		0				0
etc/profile.d/gawk.sh	1	2	2	27	78559757bd72	STAY	ai-header		0				0
etc/profile.d/gnupg2.sh	1	1	1	23	642e3ba30234	STAY	ai-header		0				0
etc/profile.d/guestfish.sh	1	1	1	21	f2fda328c5e3	STAY	ai-header		0				0
etc/profile.d/lang.sh	1	1	1	24	ee9f740dadd0	STAY	ai-header		0				0
etc/profile.d/less.sh	1	1	1	23	5ab03a9cdbe7	STAY	ai-header		0				0
etc/profile.d/mingw32.sh	1	1	1	25	1e0cbd659c44	STAY	ai-header		0				0
etc/profile.d/mingw64.sh	1	1	1	19	2685bd20af8c	STAY	ai-header		0				0
etc/profile.d/mios-agent.sh	1	3	3	22	b3b8a5768355	STAY	ai-header		0				0
etc/profile.d/mios-agent.sh	16	16	1	0	fe38360d638a	DROP	banner		0				0
etc/profile.d/mios-agent.sh	17	17	1	0	92c49024626b	DROP	banner		0				0
etc/profile.d/mios-agent.sh	19	19	1	1	c67f11bb96b0	DROP	banner		0				0
etc/profile.d/mios-agent.sh	31	31	1	0	fe38360d638a	DROP	banner		0				0
etc/profile.d/mios-agent.sh	32	32	1	0	92c49024626b	DROP	banner		0				0
etc/profile.d/mios-agent.sh	34	34	1	1	7d4a74b9513e	DROP	banner		0				0
etc/profile.d/mios-btop.sh	1	2	2	25	d7ed6408bc98	STAY	ai-header		0				0
etc/profile.d/mios-colors.sh	1	2	2	27	ca4d049d3c5d	STAY	ai-header		0				0
etc/profile.d/mios-colors.sh	8	14	7	58	4d378d3d73d9	MIGRATE	narrative-rationale		0				0
etc/profile.d/mios-colors.sh	17	17	1	3	0bbc9621dbe4	STAY	local-scoped		0				0
etc/profile.d/mios-colors.sh	22	22	1	10	f19172a17c87	STAY	local-scoped		0				0
etc/profile.d/mios-colors.sh	25	29	5	44	8f31c8b22409	STAY	midsize-why		0				0
etc/profile.d/mios-colors.sh	30	30	1	1	09c209bca110	DROP	banner		0				0
etc/profile.d/mios-colors.sh	31	31	1	1	e08de8b873d8	DROP	banner		0				0
etc/profile.d/mios-colors.sh	32	32	1	1	0c1b34e86ee0	DROP	banner		0				0
etc/profile.d/mios-colors.sh	33	33	1	1	977992c09002	DROP	banner		0				0
etc/profile.d/mios-colors.sh	34	34	1	1	fd58a6d2f28c	DROP	banner		0				0
etc/profile.d/mios-colors.sh	35	35	1	1	3e3d1e952452	DROP	banner		0				0
etc/profile.d/mios-colors.sh	36	36	1	1	78ee1ceca874	DROP	banner		0				0
etc/profile.d/mios-colors.sh	37	37	1	1	859ead2f854d	DROP	banner		0				0
etc/profile.d/mios-colors.sh	38	38	1	1	1aef33da073c	DROP	banner		0				0
etc/profile.d/mios-colors.sh	39	39	1	1	a170dc2e0097	DROP	banner		0				0
etc/profile.d/mios-colors.sh	40	40	1	1	1d2f769de404	DROP	banner		0				0
etc/profile.d/mios-colors.sh	41	41	1	1	7f1025b44c77	DROP	banner		0				0
etc/profile.d/mios-colors.sh	42	42	1	1	7d04dd0d4e9b	DROP	banner		0				0
etc/profile.d/mios-colors.sh	43	43	1	1	087b52f7cd6f	DROP	banner		0				0
etc/profile.d/mios-colors.sh	44	44	1	1	79e868fe7c41	DROP	banner		0				0
etc/profile.d/mios-colors.sh	45	45	1	1	3fc321af4f2f	DROP	banner		0				0
etc/profile.d/mios-colors.sh	46	46	1	1	859ead2f854d	DROP	banner		0				0
etc/profile.d/mios-colors.sh	47	47	1	1	09c209bca110	DROP	banner		0				0
etc/profile.d/mios-colors.sh	48	48	1	1	977992c09002	DROP	banner		0				0
etc/profile.d/mios-colors.sh	49	49	1	1	fd58a6d2f28c	DROP	banner		0				0
etc/profile.d/mios-colors.sh	51	51	1	7	177fb875934b	STAY	local-scoped		0				0
etc/profile.d/mios-colors.sh	69	69	1	5	a2ee5eaaf598	STAY	local-scoped		0				0
etc/profile.d/mios-cursor.sh	1	2	2	29	1a45f91d574d	STAY	ai-header		0				0
etc/profile.d/mios-env.sh	1	2	2	28	6b16354e1ec7	STAY	ai-header		0				0
etc/profile.d/mios-keyring-init.sh	1	2	2	22	ce2272bb2ba3	STAY	ai-header		0				0
etc/profile.d/mios-opencode.sh	1	3	3	25	dc8b2813180d	STAY	ai-header		0				0
etc/profile.d/mios-podman-ps.sh	1	3	3	34	f6cb37317a43	STAY	ai-header		0				0
etc/profile.d/mios-podman-ps.sh	9	9	1	4	1788349a9ac3	STAY	inline-scoped		0				0
etc/profile.d/mios-prompt.sh	1	2	2	27	9d36eab78ae2	STAY	ai-header		0				0
etc/profile.d/mios-verbs.sh	1	2	2	25	9e7e7c372bd5	STAY	ai-header		0				0
etc/profile.d/mios-verbs.sh	137	137	1	0	fe38360d638a	DROP	banner		0				0
etc/profile.d/mios-verbs.sh	144	144	1	2	653d7d254b03	DROP	banner		0				0
etc/profile.d/mios-wslg-gpu.sh	1	2	2	30	10fb3c8165ba	STAY	ai-header		0				0
etc/profile.d/mios-wslg.sh	1	2	2	21	b79079577c83	STAY	ai-header		0				0
etc/profile.d/toolbox.sh	47	47	1	0	2378cc73b854	DROP	banner		0				0
etc/profile.d/toolbox.sh	82	82	1	0	128928cefb95	DROP	banner		0				0
etc/profile.d/vim.sh	1	1	1	30	65bb22000752	STAY	ai-header		0				0
etc/profile.d/vte.sh	49	49	1	1	0d98e251ea0a	DROP	banner		0				0
etc/profile.d/which2.sh	1	1	1	24	293b876e04c6	STAY	ai-header		0				0
etc/profile.d/zz-mios-motd.sh	1	2	2	27	884e9848d456	STAY	ai-header		0				0
etc/profile.d/zz-mios-motd.sh	21	21	1	1	111c0070b618	STAY	inline-scoped		0				0
etc/profile.d/zz-mios-motd.sh	26	26	1	1	111c0070b618	STAY	inline-scoped		0				0
etc/skel/.config/aichat/config.yaml	18	18	1	6	859ba30aff63	STAY	local-scoped		0				0
etc/skel/.config/mios/mios.toml	1	2	2	24	76c10d27aa31	STAY	ai-header		0				0
etc/skel/.config/mios/mios.toml	5	5	1	11	9274749f71dd	STAY	local-scoped		0				0
etc/skel/.config/mios/mios.toml	14	15	2	19	88e9ddffc90d	STAY	local-scoped		0				0
etc/skel/.config/mios/mios.toml	21	21	1	7	5deb01776add	STAY	local-scoped		0				0
etc/skel/.config/mios/mios.toml	25	27	3	25	bee3ce415f49	STAY	midsize-why		0				0
etc/skel/.config/mios/profile.toml	1	2	2	24	be17fbe11ecd	STAY	ai-header		0				0
etc/skel/.config/mios/profile.toml	5	5	1	11	9274749f71dd	STAY	local-scoped		0				0
etc/skel/.config/mios/profile.toml	14	14	1	10	b0c31db0d60f	STAY	local-scoped		0				0
etc/skel/.config/mios/profile.toml	20	20	1	7	5deb01776add	STAY	local-scoped		0				0
etc/skel/.config/mios/profile.toml	24	24	1	9	718910c4c497	STAY	local-scoped		0				0
etc/sysusers.d/cephadm.conf	1	2	2	21	e185f1197ac5	STAY	ai-header		0				0
etc/ups/nut.conf	1	2	2	18	f50939792777	STAY	ai-header		0				0
etc/ups/ups.conf	1	2	2	18	83a3c8ff5316	STAY	ai-header		0				0
etc/ups/upsd.conf	1	2	2	18	d28a23eb501b	STAY	ai-header		0				0
etc/ups/upsmon.conf	1	2	2	18	a73752ca00ed	STAY	ai-header		0				0
etc/usbguard/rules.conf	5	5	1	12	cd2cdc423a21	STAY	local-scoped		0				0
etc/usbguard/rules.conf	8	8	1	16	e0f089badb34	STAY	local-scoped		0				0
etc/usbguard/rules.conf	11	11	1	11	1cb6ebe23901	STAY	local-scoped		0				0
etc/usbguard/rules.conf	14	14	1	8	cdb2730740c3	STAY	local-scoped		0				0
etc/xdg/xdg-desktop-portal/portals.conf	1	2	2	32	e6b1d6cb454c	STAY	ai-header		0				0
etc/xdg/xdg-desktop-portal/portals.conf	4	20	17	115	b57058e53661	MIGRATE	narrative-rationale		0				0
image-versions.yml	1	2	2	29	1d95680ae72e	STAY	ai-header		0				0
image-versions.yml	4	8	5	39	3b9c83f9eae2	STAY	midsize-why		0				0
image-versions.yml	11	17	7	49	5f8fdaba2d57	MIGRATE	narrative-rationale		0				0
image-versions.yml	20	22	3	17	7e814370c961	STAY	midsize-why		0				0
image-versions.yml	23	23	1	1	61d5a5d4a572	DROP	banner		0				0
install-mios-agents.sh	1	3	3	25	c62f4c127ddf	STAY	ai-header		0				0
install-mios-agents.sh	6	6	1	1	338602c31e64	STAY	local-scoped		0				0
install-mios-agents.sh	97	97	1	7	7956a7d8f91d	STAY	inline-scoped		0				0
install-mios-agents.sh	98	98	1	7	6f9913071165	STAY	inline-scoped		0				0
install-mios-agents.sh	99	99	1	4	a0d2a372d023	STAY	inline-scoped		0				0
install.ps1	1	3	3	30	7c5c18d83cc9	STAY	ai-header		0				0
install.ps1	4	4	1	0	e3b0c44298fc	STAY	inline-scoped		0				0
install.ps1	20	20	1	0	62b67e1f685b	DROP	banner		0				0
install.ps1	37	38	2	12	785f151d002b	STAY	local-scoped		0				0
install.sh	1	4	4	22	7393d415f1dc	STAY	ai-header		0				0
installation/MiOS-Mon.py	1	2	2	12	5a699dc73ae0	STAY	ai-header		0				0
installation/MiOS-Mon.py	3	7	4	35	aca878c25beb	STAY	midsize-why		0				0
installation/MiOS-Mon.py	565	565	1	2	aa1bdfa986c3	STAY	inline-scoped		0				0
installation/MiOS-Mon.py	692	692	1	5	be46609e5e39	STAY	inline-scoped		0				0
installation/MiOS-Mon.py	706	706	1	6	f0c0268554a9	STAY	local-scoped		0				0
installation/mios-common.ps1	1	2	2	22	a8da9597bae5	STAY	ai-header		0				0
installation/mios-common.ps1	251	251	1	10	48a18676dc1a	STAY	local-scoped		0				0
installation/mios-common.sh	1	3	3	21	d481d7ffa0bb	STAY	ai-header		0				0
installation/mios-common.sh	14	14	1	17	1fd15038f3cf	STAY	inline-scoped		0				0
installation/mios-common.sh	25	25	1	4	9f3579674b1b	STAY	inline-scoped		0				0
installation/mios-common.sh	40	40	1	15	c2860f0a8be5	STAY	inline-scoped		0				0
installation/mios-common.sh	45	45	1	1	3822671d01ec	DROP	banner		0				0
installation/mios-common.sh	46	46	1	1	1b7ff832030c	DROP	banner		0				0
installation/mios-common.sh	47	47	1	1	7f6d75955b0f	DROP	banner		0				0
installation/mios-common.sh	48	48	1	1	e9617725a50b	DROP	banner		0				0
installation/mios-common.sh	49	49	1	1	3822671d01ec	DROP	banner		0				0
installation/mios-install.ps1	11	11	1	9	4a5a7e29e1cf	STAY	local-scoped		0				0
installation/mios-install.ps1	13	13	1	7	4e8e1e2a8ce4	STAY	inline-scoped		0				0
installation/mios-install.ps1	19	21	3	2	df19cf9ea8ae	STAY	midsize-why		0				0
installation/mios-install.ps1	37	39	3	4	cb13c6bf19ce	STAY	midsize-why		0				0
installation/mios-install.ps1	202	204	3	3	1bbbf991e724	DROP	banner		0				0
installation/mios-install.ps1	219	221	3	30	f5135bcc4a15	STAY	midsize-why		0				0
installation/mios-install.ps1	255	259	5	51	609860203db5	MIGRATE	midsize-narrative		0				0
installation/mios-install.sh	1	4	4	22	fb2567d53ce1	STAY	ai-header		0				0
installation/mios-install.sh	54	54	1	7	99b78d177c1b	STAY	inline-scoped		0				0
installation/mios-install.sh	65	65	1	3	1ce5f02a6f9f	STAY	inline-scoped		0				0
installation/mios-install.sh	68	68	1	1	7d29678e1f11	DROP	commented-out-code		0				0
installation/mios-install.sh	70	70	1	1	7d29678e1f11	DROP	commented-out-code		0				0
installation/mios-install.sh	113	113	1	2	9e40407d7f29	STAY	inline-scoped		0				0
installation/mios-install.sh	154	154	1	13	0748c5615370	STAY	inline-scoped		0				0
installation/mios-install.sh	215	215	1	3	b51456ee7369	STAY	inline-scoped		0				0
installation/mios-install.sh	230	230	1	3	e2adbf095bde	STAY	inline-scoped		0				0
installation/mios-install.sh	259	259	1	3	b51456ee7369	STAY	inline-scoped		0				0
installation/mios-install.sh	271	271	1	3	b51456ee7369	STAY	inline-scoped		0				0
installation/mios-install.sh	370	370	1	2	3ae312b96103	STAY	inline-scoped		0				0
installation/mios-install.sh	376	376	1	2	3c4f5841f59c	STAY	inline-scoped		0				0
installation/stage-mios-repo.sh	1	3	3	22	6e2ba99c13e4	STAY	ai-header		0				0
installation/stage-mios-repo.sh	17	17	1	10	991af15938fd	STAY	inline-scoped		0				0
installation/stage-mios-repo.sh	24	24	1	4	9f3579674b1b	STAY	inline-scoped		0				0
installation/stage-mios-repo.sh	60	60	1	3	1ce5f02a6f9f	STAY	inline-scoped		0				0
installation/stage-mios-repo.sh	137	137	1	3	b24fe61d02ab	STAY	inline-scoped		0				0
installation/stage-mios-repo.sh	177	177	1	4	324dad7c5f13	STAY	inline-scoped		0				0
mios-build-local.ps1	1	2	2	24	9362bb6a55eb	STAY	ai-header		0				0
mios-cloud-build.ps1	1	2	2	28	b012199d924c	STAY	ai-header		0				0
mios-cloud-build.ps1	3	3	1	0	e3b0c44298fc	STAY	inline-scoped		0				0
mios-cloud-build.ps1	69	69	1	0	62b67e1f685b	DROP	banner		0				0
mios-cloud-build.ps1	88	92	5	46	7e1ce4a467d2	STAY	midsize-why		0				0
mios-cloud-build.ps1	102	102	1	12	d55f47ced301	STAY	local-scoped		0				0
mios-cloud-build.ps1	111	111	1	1	0feb96c0ef05	DROP	banner		0				0
mios-cloud-build.ps1	119	119	1	6	096c5070879c	STAY	local-scoped		0				0
mios-cloud-build.ps1	130	130	1	6	f962f94bae66	STAY	local-scoped		0				0
mios-cloud-build.ps1	139	139	1	9	a77e7cfcf6d7	STAY	local-scoped		0				0
mios-cloud-build.ps1	153	153	1	1	ede568a9a701	DROP	banner		0				0
mios-cloud-build.ps1	161	161	1	13	90cca1495a0a	STAY	local-scoped		0				0
mios-cloud-build.ps1	171	175	5	47	ebc2a99fb5ea	STAY	midsize-why		0				0
mios-cloud-build.ps1	203	206	4	40	42e3aa6d95fb	STAY	midsize-why		0				0
mios-cloud-build.ps1	216	218	3	29	f8e6430a0d2b	STAY	midsize-why		0				0
mios-cloud-build.ps1	222	224	3	28	5c1d07aa8026	STAY	midsize-why		0				0
mios-cloud-build.ps1	234	234	1	8	3b3ae1cddece	STAY	local-scoped		0				0
mios-cloud-build.ps1	239	241	3	25	a0e2f2aca36c	STAY	midsize-why		0				0
mios-cloud-build.ps1	263	266	4	37	d3195f38816f	STAY	midsize-why		0				0
mios-cloud-build.ps1	283	283	1	1	f49628f5c579	DROP	banner		0				0
mios-pipeline.ps1	1	2	2	26	49e2b2506fcf	STAY	ai-header		0				0
mios-pipeline.ps1	3	3	1	0	e3b0c44298fc	STAY	inline-scoped		0				0
mios-pipeline.ps1	45	45	1	3	fa01a380854c	STAY	inline-scoped		0				0
mios-pipeline.ps1	68	68	1	4	2f813a8bbf21	DROP	banner		0				0
mios-pipeline.ps1	71	71	1	2	6b786a170022	DROP	banner		0				0
mios-pipeline.ps1	74	74	1	8	10a6f92c7c7d	STAY	local-scoped		0				0
mios-pipeline.ps1	77	77	1	4	b84802f74ebc	DROP	banner		0				0
mios-pipeline.ps1	80	80	1	5	cd5babb65e62	DROP	banner		0				0
mios-pipeline.ps1	83	83	1	6	73e3cb5183e3	DROP	banner		0				0
mios-pipeline.ps1	127	128	2	3	eb77760c7a6e	MIGRATE	banner-fact	heading-fact	0				0
mios-pipeline.ps1	141	143	3	23	259be12d10ad	STAY	midsize-why		0				0
mios-pipeline.ps1	149	161	13	110	b77a676aae79	MIGRATE	narrative-rationale		0				0
mios-pipeline.ps1	192	194	3	32	8ba894738fb8	STAY	midsize-why		0				0
mios-pipeline.ps1	205	222	18	127	e611f8c8f9b3	MIGRATE	narrative-history		0				0
mios-pipeline.ps1	236	238	3	26	8e7ce39eaf1e	STAY	midsize-why		0				0
mios-pipeline.ps1	242	242	1	2	fa20f7a260a1	STAY	local-scoped		0				0
mios-pipeline.ps1	276	287	12	94	f65ffa437a6e	MIGRATE	narrative-rationale		0				0
mios-pipeline.ps1	292	294	3	22	83fa24e347ce	STAY	midsize-why		0				0
mios-pipeline.ps1	319	323	5	42	0960bfb6104b	STAY	midsize-why		0				0
mios-pipeline.ps1	332	334	3	31	1e7195ded02e	STAY	midsize-why		0				0
mios-pipeline.ps1	371	371	1	1	39588ee75f25	DROP	banner		0				0
mios-pipeline.ps1	383	383	1	8	782564a15d46	STAY	local-scoped		0				0
mios-pipeline.ps1	399	400	2	22	87ecc3d52c0f	STAY	local-scoped		0				0
mios-pipeline.ps1	403	407	5	45	9c45fec5c46c	STAY	midsize-why		0				0
mios-windows-export.ps1	1	2	2	30	c453f25827ba	STAY	ai-header		0				0
mios-windows-export.ps1	3	3	1	0	e3b0c44298fc	STAY	inline-scoped		0				0
mios-windows-export.ps1	76	76	1	0	62b67e1f685b	DROP	banner		0				0
mios-windows-export.ps1	94	98	5	45	90da02a22bb2	STAY	midsize-why		0				0
mios-windows-export.ps1	116	117	2	15	e3de78facb95	STAY	local-scoped		0				0
mios-windows-export.ps1	120	121	2	21	466188c6f931	STAY	local-scoped		0				0
mios-windows-export.ps1	127	129	3	25	fb6cc2a3bf7f	STAY	midsize-why		0				0
mios-windows-export.ps1	137	139	3	31	ff25edc44f14	MIGRATE	midsize-narrative		0				0
mios-windows-export.ps1	154	154	1	10	20900146d7ee	STAY	local-scoped		0				0
mios-windows-export.ps1	161	161	1	14	6eb812be1f4b	STAY	local-scoped		0				0
mios-windows-export.ps1	177	178	2	18	c29a7506064b	STAY	local-scoped		0				0
mios-windows-export.ps1	186	186	1	2	92e8b9ee3b93	STAY	inline-scoped		0				0
mios-windows-export.ps1	201	204	4	43	957d1c673b45	STAY	midsize-why		0				0
mios-windows-export.ps1	216	216	1	9	a431d13f17b5	STAY	local-scoped		0				0
mios-windows-export.ps1	221	224	4	40	427f52d72e9e	STAY	midsize-why		0				0
mios-windows-export.ps1	230	230	1	6	2aefec90495e	STAY	local-scoped		0				0
mios-windows-export.ps1	235	235	1	2	5d642affbf2e	STAY	inline-scoped		0				0
mios-windows-export.ps1	245	246	2	20	912d95ef223d	STAY	local-scoped		0				0
mios-windows-export.ps1	258	260	3	26	b9eddb249a0f	STAY	midsize-why		0				0
mios-windows-export.ps1	274	274	1	3	a8791a2e3457	STAY	local-scoped		0				0
mios-windows-export.ps1	283	283	1	2	d61a7aeee08a	STAY	local-scoped		0				0
mios-windows-export.ps1	301	302	2	20	b17ba5796031	STAY	local-scoped		0				0
mios-windows-export.ps1	315	315	1	8	55cbace5407c	STAY	local-scoped		0				0
mios-windows-export.ps1	348	351	4	35	de9e7196d03d	MIGRATE	midsize-narrative		0				0
mios-windows-export.ps1	353	356	4	19	85be3c5ee9da	STAY	midsize-why		0				0
mios-windows-export.ps1	359	359	1	8	ceedcfe9be8f	STAY	inline-scoped		0				0
mios-windows-export.ps1	372	372	1	1	800542a12c8c	DROP	banner		0				0
mios-windows-export.ps1	383	385	3	37	fd5d006cadcb	MIGRATE	midsize-narrative		0				0
mios-windows-export.ps1	401	401	1	1	f49628f5c579	DROP	banner		0				0
powershell/profile.ps1	1	10	10	81	7b1412fc5797	MIGRATE	narrative-history		0				0
powershell/profile.ps1	12	17	6	43	fab1a3c9beb4	MIGRATE	narrative-history		0				0
powershell/profile.ps1	21	23	3	40	9186841707d5	STAY	midsize-why		0				0
powershell/profile.ps1	28	33	6	52	de3b7e90f5cf	MIGRATE	narrative-history		0				0
powershell/profile.ps1	39	56	18	140	221ebb182b8d	MIGRATE	narrative-history		0				0
powershell/profile.ps1	82	85	4	31	c51cf90c00bc	MIGRATE	midsize-narrative		0				0
powershell/profile.ps1	94	99	6	61	f75af3f01364	MIGRATE	narrative-rationale		0				0
powershell/profile.ps1	102	107	6	30	043085015bd9	MIGRATE	narrative-history		0				0
powershell/profile.ps1	114	122	9	67	627f8a3882c9	MIGRATE	narrative-rationale		0				0
powershell/profile.ps1	131	137	7	62	0a628376c8eb	MIGRATE	narrative-history		0				0
powershell/profile.ps1	153	153	1	8	eb0de822c575	STAY	local-scoped		0				0
powershell/profile.ps1	161	162	2	15	06cf5c8264ea	STAY	local-scoped		0				0
powershell/profile.ps1	170	173	4	34	f2b8cf462a8c	STAY	midsize-why		0				0
powershell/profile.ps1	176	187	12	100	59fe70446c90	MIGRATE	narrative-rationale		0				0
powershell/profile.ps1	202	213	12	97	ba428f47444e	MIGRATE	narrative-history		0				0
powershell/profile.ps1	219	223	5	53	eef400d2516d	STAY	midsize-why		0				0
powershell/profile.ps1	226	238	13	106	29d949f5a32b	MIGRATE	narrative-history		0				0
powershell/profile.ps1	248	248	1	6	de6d0ba748a7	STAY	local-scoped		0				0
powershell/profile.ps1	264	279	16	118	a433c16253ef	MIGRATE	narrative-history		0				0
powershell/profile.ps1	283	284	2	16	f912c4555327	STAY	local-scoped		0				0
powershell/profile.ps1	286	286	1	5	85104fbe90d0	STAY	inline-scoped		0				0
powershell/profile.ps1	287	287	1	6	371f22449de2	STAY	local-scoped		0				0
powershell/profile.ps1	289	290	2	22	f696df4d1e31	STAY	local-scoped		0				0
powershell/profile.ps1	294	298	5	40	17dabf990d7f	STAY	midsize-why		0				0
powershell/profile.ps1	306	306	1	2	9dbd89a34945	STAY	local-scoped		0				0
powershell/profile.ps1	309	314	6	51	ef6ccf97690d	MIGRATE	narrative-rationale		0				0
powershell/profile.ps1	323	328	6	44	ccd66eab1f09	MIGRATE	narrative-history		0				0
powershell/profile.ps1	329	329	1	0	b2530ba7faa5	DROP	banner		0				0
powershell/profile.ps1	330	331	2	23	790f882647a1	STAY	local-scoped		0				0
powershell/profile.ps1	347	347	1	1	99b8632dc66b	STAY	local-scoped		0				0
powershell/profile.ps1	350	364	15	106	8f7a3eee484f	MIGRATE	narrative-history		0				0
powershell/profile.ps1	374	380	7	46	9836fb8614e9	MIGRATE	narrative-history		0				0
powershell/profile.ps1	437	442	6	41	1e8e536a6c03	MIGRATE	narrative-rationale		0				0
powershell/profile.ps1	474	477	4	30	11bb8b072b0e	STAY	midsize-why		0				0
powershell/profile.ps1	496	496	1	10	7cf458a8caea	STAY	local-scoped		0				0
powershell/profile.ps1	513	513	1	7	e34e8fb41804	STAY	local-scoped		0				0
powershell/profile.ps1	518	523	6	48	a61fe3580b59	MIGRATE	narrative-rationale		0				0
powershell/profile.ps1	539	541	3	22	dfe9984ca360	STAY	midsize-why		0				0
powershell/profile.ps1	545	551	7	68	932815e2e5de	MIGRATE	narrative-history		0				0
powershell/profile.ps1	565	570	6	56	32f94afe7ae3	MIGRATE	narrative-rationale		0				0
powershell/profile.ps1	586	591	6	48	b7ac6bb2026b	MIGRATE	narrative-history		0				0
powershell/profile.ps1	635	635	1	2	f382c2ff1524	STAY	local-scoped		0				0
powershell/profile.ps1	638	644	7	81	8a5aefeb3a43	MIGRATE	narrative-rationale		0				0
powershell/profile.ps1	657	667	11	90	d404eb8419ef	MIGRATE	narrative-rationale		0				0
powershell/profile.ps1	669	677	9	66	44ae3bbe79f8	MIGRATE	narrative-rationale		0				0
powershell/profile.ps1	679	683	5	42	ae7a4192342e	MIGRATE	midsize-narrative		0				0
powershell/profile.ps1	697	703	7	52	abd471681485	MIGRATE	narrative-history		0				0
powershell/profile.ps1	710	724	15	118	3d9f11995dde	MIGRATE	narrative-history		0				0
powershell/profile.ps1	729	729	1	5	e2c27515e9e6	STAY	local-scoped		0				0
powershell/profile.ps1	737	740	4	36	9747fca8084a	MIGRATE	midsize-narrative		0				0
powershell/profile.ps1	756	762	7	61	233519a7a866	MIGRATE	narrative-rationale		0				0
powershell/profile.ps1	768	769	2	13	37ec52997bfb	STAY	local-scoped		0				0
powershell/profile.ps1	780	781	2	18	eda8c0569d65	STAY	local-scoped		0				0
powershell/profile.ps1	787	789	3	29	70c617394dd5	MIGRATE	midsize-narrative		0				0
powershell/profile.ps1	795	797	3	21	c199b14f6ce0	STAY	midsize-why		0				0
powershell/profile.ps1	817	821	5	48	db73e315cd01	MIGRATE	midsize-narrative		0				0
powershell/profile.ps1	828	828	1	5	648daf2642c0	STAY	local-scoped		0				0
powershell/profile.ps1	880	884	5	49	a344c3d71a96	STAY	midsize-why		0				0
powershell/profile.ps1	953	960	8	77	bc24de58f418	MIGRATE	narrative-history		0				0
powershell/profile.ps1	981	981	1	4	f003166b8f79	STAY	local-scoped		0				0
powershell/profile.ps1	983	985	3	34	40082a92105e	MIGRATE	midsize-narrative		0				0
powershell/profile.ps1	1005	1026	22	124	f5433fb6041d	MIGRATE	narrative-history		0				0
powershell/profile.ps1	1041	1041	1	7	f377b87b3a66	STAY	local-scoped		0				0
powershell/profile.ps1	1048	1051	4	31	2204be398c65	MIGRATE	midsize-narrative		0				0
powershell/profile.ps1	1062	1067	6	57	b38ecb3d63ba	MIGRATE	narrative-history		0				0
powershell/profile.ps1	1079	1079	1	4	aa523e830638	STAY	local-scoped		0				0
preflight.ps1	1	2	2	28	87b6f258840d	STAY	ai-header		0				0
preflight.ps1	7	7	1	0	e3b0c44298fc	STAY	inline-scoped		0				0
preflight.ps1	12	12	1	0	62b67e1f685b	DROP	banner		0				0
preflight.ps1	15	16	2	7	55a3193399b0	STAY	local-scoped		0				0
push-to-github.ps1	1	2	2	29	548a1a2c5a42	STAY	ai-header		0				0
push-to-github.ps1	17	17	1	2	581e63bb2526	STAY	local-scoped		0				0
push-to-github.ps1	45	45	1	6	c660f214a67c	STAY	local-scoped		0				0
push-to-github.ps1	79	79	1	9	ddd7d9777a36	STAY	local-scoped		0				0
push-to-github.ps1	102	102	1	16	e9c662fbea02	STAY	inline-scoped		0				0
push-to-github.ps1	105	105	1	12	0ea76892443d	STAY	inline-scoped		0				0
src/mios-rs/Cargo.toml	1	2	2	4	794194deab19	STAY	ai-header		0				0
src/mios-rs/deny.toml	1	1	1	8	39b537faa035	STAY	ai-header		0				0
src/mios-rs/mios-build/Cargo.toml	1	1	1	3	f8c3aa3cbcc7	STAY	ai-header		0				0
src/mios-rs/mios-build/src/lib.rs	1	2	2	12	208d8e52475e	STAY	ai-header		0				0
src/mios-rs/mios-build/tests/fixtures/mios.toml	1	1	1	3	f8c3aa3cbcc7	STAY	ai-header		0				0
src/mios-rs/mios-build/tests/golden_harness.rs	1	2	2	22	5831c07393c7	STAY	ai-header		0				0
src/mios-rs/mios-config/Cargo.toml	1	1	1	3	f8c3aa3cbcc7	STAY	ai-header		0				0
src/mios-rs/mios-config/src/lib.rs	1	2	2	18	92a0326576b5	STAY	ai-header		0				0
src/mios-rs/mios-config/src/lib.rs	111	111	1	15	18c3148d188b	STAY	local-scoped		0				0
src/mios-rs/mios-config/src/lib.rs	137	137	1	12	95666bd7eef6	STAY	local-scoped		0				0
src/mios-rs/mios-config/src/lib.rs	142	142	1	11	6adcbf6de7ed	STAY	local-scoped		0				0
src/mios-rs/mios-config/src/lib.rs	160	160	1	11	243a57c8d1e2	STAY	local-scoped		0				0
src/mios-rs/mios-config/src/lib.rs	166	166	1	11	05af3b183edf	STAY	local-scoped		0				0
src/mios-rs/mios-config/src/lib.rs	171	171	1	11	6a525be1c6e8	STAY	local-scoped		0				0
src/mios-rs/mios-config/src/lib.rs	186	189	4	41	c9c08915fbc3	STAY	midsize-why		0				0
src/mios-rs/mios-config/src/lib.rs	193	193	1	10	6f5bb60a8359	STAY	local-scoped		0				0
src/mios-rs/miosd/Cargo.toml	1	2	2	4	794194deab19	STAY	ai-header		0				0
src/mios-rs/miosd/src/drift/aiplane.rs	1	2	2	17	1ededa36c313	STAY	ai-header		0				0
src/mios-rs/miosd/src/drift/bake.rs	1	2	2	14	4fb1d9426477	STAY	ai-header		0				0
src/mios-rs/miosd/src/drift/boot.rs	1	2	2	13	a186c1a1a1eb	STAY	ai-header		0				0
src/mios-rs/miosd/src/drift/converge.rs	1	2	2	13	98498392a67a	STAY	ai-header		0				0
src/mios-rs/miosd/src/drift/db.rs	1	2	2	17	16a8f8392e1d	STAY	ai-header		0				0
src/mios-rs/miosd/src/drift/deploy.rs	1	2	2	15	99b2abeffefa	STAY	ai-header		0				0
src/mios-rs/miosd/src/drift/governance.rs	1	2	2	13	2e19828f2267	STAY	ai-header		0				0
src/mios-rs/miosd/src/drift/hardcode.rs	1	2	2	13	07d8249fa991	STAY	ai-header		0				0
src/mios-rs/miosd/src/drift/laws.rs	1	2	2	14	44d8afc1dc85	STAY	ai-header		0				0
src/mios-rs/miosd/src/drift/mod.rs	1	2	2	14	a42e6aa660c2	STAY	ai-header		0				0
src/mios-rs/miosd/src/drift/mod.rs	408	408	1	13	95b58ea21053	STAY	local-scoped		0				0
src/mios-rs/miosd/src/drift/modules.rs	1	2	2	16	13b823a8e1ac	STAY	ai-header		0				0
src/mios-rs/miosd/src/drift/names.rs	1	2	2	11	1e1a6f22a50f	STAY	ai-header		0				0
src/mios-rs/miosd/src/drift/numbering.rs	1	2	2	15	92cd668254bc	STAY	ai-header		0				0
src/mios-rs/miosd/src/drift/ports.rs	1	2	2	15	126e626b7b6e	STAY	ai-header		0				0
src/mios-rs/miosd/src/drift/projections.rs	1	2	2	13	3ecc2c6a6e82	STAY	ai-header		0				0
src/mios-rs/miosd/src/drift/projections.rs	16	19	4	30	9b35088b4e3d	STAY	midsize-why		0				0
src/mios-rs/miosd/src/drift/projections.rs	130	132	3	32	df6e5f661559	STAY	midsize-why		0				0
src/mios-rs/miosd/src/drift/regen.rs	1	2	2	19	e32025babdc1	STAY	ai-header		0				0
src/mios-rs/miosd/src/drift/regen.rs	33	33	1	7	31d86a79fb6d	STAY	local-scoped		0				0
src/mios-rs/miosd/src/drift/regen.rs	89	90	2	18	4e934946ea16	STAY	local-scoped		0				0
src/mios-rs/miosd/src/drift/regen.rs	107	108	2	23	1261901216e3	STAY	local-scoped		0				0
src/mios-rs/miosd/src/drift/regen.rs	172	173	2	21	2883e1345afe	STAY	local-scoped		0				0
src/mios-rs/miosd/src/drift/resolver.rs	1	2	2	15	6dba742b72b8	STAY	ai-header		0				0
src/mios-rs/miosd/src/drift/security.rs	1	2	2	14	f6f72e1a9c7a	STAY	ai-header		0				0
src/mios-rs/miosd/src/drift/selftest.rs	1	2	2	15	e58475a44995	STAY	ai-header		0				0
src/mios-rs/miosd/src/drift/ssot_lint.rs	1	2	2	11	7200da502c47	STAY	ai-header		0				0
src/mios-rs/miosd/src/drift/supply_chain.rs	1	2	2	15	c23ca661178f	STAY	ai-header		0				0
src/mios-rs/miosd/src/drift/templates.rs	1	2	2	15	b3da301d0427	STAY	ai-header		0				0
src/mios-rs/miosd/src/drift/version.rs	1	2	2	11	acb694104cdc	STAY	ai-header		0				0
src/mios-rs/miosd/src/main.rs	1	2	2	13	69694ea4633e	STAY	ai-header		0				0
src/mios-rs/miosd/src/main.rs	8	8	1	3	1302a76f2239	STAY	local-scoped		0				0
src/mios-rs/miosd/src/main.rs	22	22	1	7	cc1da1ed5bd7	STAY	local-scoped		0				0
src/mios-rs/miosd/src/main.rs	24	24	1	5	367bb57ac087	STAY	local-scoped		0				0
src/mios-rs/miosd/src/main.rs	27	27	1	6	63f9dd2cf273	STAY	local-scoped		0				0
src/mios-rs/miosd/src/main.rs	30	30	1	5	7ae1c09c4482	STAY	local-scoped		0				0
src/mios-rs/miosd/src/main.rs	33	33	1	7	a66271831ca3	STAY	local-scoped		0				0
src/mios-rs/miosd/src/main.rs	36	36	1	7	f75a3775c072	STAY	local-scoped		0				0
src/mios-rs/miosd/src/main.rs	40	40	1	7	5ca8de64e3a7	STAY	local-scoped		0				0
src/mios-rs/miosd/src/main.rs	42	42	1	4	e62fe22c617a	STAY	local-scoped		0				0
src/mios-rs/miosd/src/main.rs	44	44	1	5	3c46ec262169	STAY	local-scoped		0				0
src/mios-rs/miosd/src/main.rs	47	47	1	7	9c3a2d4cfda8	STAY	local-scoped		0				0
src/mios-rs/miosd/src/main.rs	49	49	1	4	1f7e50377abd	STAY	local-scoped		0				0
src/mios-rs/miosd/src/main.rs	52	52	1	7	eb369eb5f591	STAY	local-scoped		0				0
src/mios-rs/miosd/src/main.rs	55	55	1	7	d1aeaeffe53e	STAY	local-scoped		0				0
src/mios-rs/miosd/src/main.rs	59	59	1	3	4f6c5401fb4e	STAY	local-scoped		0				0
src/mios-rs/miosd/src/main.rs	61	61	1	5	8b6420d6d1ff	STAY	local-scoped		0				0
src/mios-rs/miosd/src/main.rs	65	65	1	9	da8e54a37ab4	STAY	local-scoped		0				0
src/mios-rs/miosd/src/main.rs	67	67	1	4	0a5f100b6f7b	STAY	local-scoped		0				0
src/mios-rs/miosd/src/main.rs	70	70	1	3	723983963f20	STAY	local-scoped		0				0
src/mios-rs/miosd/src/main.rs	74	74	1	8	5b18742085e5	STAY	local-scoped		0				0
src/mios-rs/miosd/src/main.rs	76	76	1	6	425bc51575c4	STAY	local-scoped		0				0
src/mios-rs/miosd/src/main.rs	80	80	1	9	e4f736f11ff7	STAY	local-scoped		0				0
src/mios-rs/miosd/src/main.rs	82	82	1	4	0a5f100b6f7b	STAY	local-scoped		0				0
src/mios-rs/miosd/src/main.rs	85	85	1	3	3a631282d73f	STAY	local-scoped		0				0
src/mios-rs/miosd/src/main.rs	89	89	1	8	60600e93d3e1	STAY	local-scoped		0				0
src/mios-rs/miosd/src/main.rs	91	91	1	8	186f4cba653b	STAY	local-scoped		0				0
src/mios-rs/miosd/src/main.rs	95	95	1	9	e62ca3f0c183	STAY	local-scoped		0				0
src/mios-rs/miosd/src/main.rs	97	97	1	8	7f52ecaa0aab	STAY	local-scoped		0				0
src/mios-rs/miosd/src/main.rs	101	101	1	7	9b9cac5015be	STAY	local-scoped		0				0
src/mios-rs/miosd/src/main.rs	103	103	1	4	0a5f100b6f7b	STAY	local-scoped		0				0
src/mios-rs/miosd/src/main.rs	106	106	1	3	833a443e6c66	STAY	local-scoped		0				0
src/mios-rs/miosd/src/main.rs	110	110	1	7	f6f01de2adf0	STAY	local-scoped		0				0
src/mios-rs/miosd/src/main.rs	112	112	1	4	0a5f100b6f7b	STAY	local-scoped		0				0
src/mios-rs/miosd/src/main.rs	115	115	1	4	a8ef455beaad	STAY	local-scoped		0				0
src/mios-rs/miosd/src/main.rs	119	119	1	7	eb799d7d6044	STAY	local-scoped		0				0
src/mios-rs/miosd/src/main.rs	121	121	1	6	e22cfe3aeb5b	STAY	local-scoped		0				0
src/mios-rs/miosd/src/main.rs	123	123	1	7	194e4c8ecc56	STAY	local-scoped		0				0
src/mios-rs/miosd/src/main.rs	127	127	1	5	495db7975ea6	STAY	local-scoped		0				0
src/mios-rs/miosd/src/main.rs	129	129	1	7	06ae19ed51cc	STAY	local-scoped		0				0
src/mios-rs/miosd/src/main.rs	133	133	1	6	941cf0d75aa2	STAY	local-scoped		0				0
src/mios-rs/miosd/src/main.rs	135	135	1	4	a2b85a2a4c50	STAY	local-scoped		0				0
src/mios-rs/miosd/src/main.rs	138	138	1	9	6ec41fe521e8	STAY	local-scoped		0				0
src/mios-rs/miosd/src/main.rs	142	142	1	7	aec22953af3a	STAY	local-scoped		0				0
src/mios-rs/miosd/src/main.rs	144	144	1	6	3c26524476bb	STAY	local-scoped		0				0
src/mios-rs/miosd/src/main.rs	148	148	1	5	13585367a031	STAY	local-scoped		0				0
src/mios-rs/miosd/src/main.rs	150	150	1	6	bb702a71b7c2	STAY	local-scoped		0				0
src/mios-rs/miosd/src/main.rs	153	153	1	9	9aaf709b26c1	STAY	local-scoped		0				0
src/mios-rs/miosd/src/main.rs	155	155	1	5	b15898a7799e	STAY	local-scoped		0				0
src/mios-rs/miosd/src/main.rs	157	157	1	11	6c3f755dd556	STAY	local-scoped		0				0
src/mios-rs/miosd/src/main.rs	160	160	1	6	ad5b74e2c1d1	STAY	local-scoped		0				0
src/mios-rs/miosd/src/main.rs	163	163	1	9	c2c69f3fdfbe	STAY	local-scoped		0				0
src/mios-rs/miosd/src/main.rs	167	167	1	8	f3c30952dd58	STAY	local-scoped		0				0
src/mios-rs/miosd/src/main.rs	169	169	1	6	71bf5786eb9a	STAY	local-scoped		0				0
src/mios-rs/miosd/src/main.rs	822	822	1	3	1282e1584a5d	STAY	inline-scoped		0				0
src/mios-rs/miosd/src/main.rs	832	832	1	3	9072e79dea83	STAY	inline-scoped		0				0
src/mios-rs/miosd/src/main.rs	846	846	1	6	7d9d21aa1121	STAY	inline-scoped		0				0
src/mios-rs/miosd/src/main.rs	851	851	1	3	e21e753d044d	STAY	inline-scoped		0				0
src/mios-rs/miosd/src/main.rs	861	861	1	6	5a571b9e6283	STAY	inline-scoped		0				0
src/mios-rs/miosd/src/main.rs	866	866	1	3	e21e753d044d	STAY	inline-scoped		0				0
src/mios-rs/miosd/src/main.rs	1078	1078	1	4	5f5556a1917a	STAY	local-scoped		0				0
src/mios-rs/miosd/src/main.rs	1084	1084	1	7	4fe80e63a637	STAY	local-scoped		0				0
tests/bake-smoke.sh	1	2	2	24	3f4f63934dae	STAY	ai-header		0				0
tests/bake-smoke.sh	41	42	2	21	d7743ff21277	STAY	local-scoped		0				0
tests/bake-smoke.sh	48	48	1	14	884613ea622d	STAY	local-scoped		0				0
tests/bake-smoke.sh	78	80	3	40	59297a7f0ab0	STAY	midsize-why		0				0
tests/doc-production-evidence.sh	1	3	3	24	0f0123521a01	STAY	ai-header		0				0
tests/doc-production-evidence.sh	9	9	1	13	25a58f3b7ad6	STAY	local-scoped		0				0
tests/doc-production-evidence.sh	18	18	1	15	0b4d08de3731	STAY	local-scoped		0				0
tests/drift-gate-negatives.sh	1	3	3	22	5466b0ed7726	STAY	ai-header		0				0
tests/drift-gate-negatives.sh	288	288	1	4	7c0e7ea7ce89	STAY	inline-scoped		0				0
tests/drift-gate-negatives.sh	298	298	1	4	9c526c0a51e3	STAY	inline-scoped		0				0
tests/drift-gate-negatives.sh	414	419	6	60	0a5313c4c85b	MIGRATE	narrative-history		0				0
tests/drift-gate-negatives.sh	1140	1140	1	3	88d44bd3361d	STAY	inline-scoped		0				0
tests/drift-gate-negatives.sh	1160	1160	1	7	06d8bb43d71f	DROP	banner		0				0
tests/drift-gate-negatives.sh	1179	1179	1	7	ac80909603c2	DROP	banner		0				0
tests/drift-gate-negatives.sh	1417	1418	2	25	ac9ce21ea2db	STAY	local-scoped		0				0
tests/drift-gate-negatives.sh	1531	1533	3	26	1ab500bfe087	STAY	midsize-why		0				0
tests/drift-gate-negatives.sh	1534	1534	1	5	8a8ac92ecf67	DROP	banner		0				0
tests/drift-gate-negatives.sh	1553	1553	1	3	aa516fdc2079	STAY	inline-scoped		0				0
tests/drift-gate-negatives.sh	1668	1669	2	23	978b4aa04c65	STAY	local-scoped		0				0
tests/drift-gate-negatives.sh	1723	1723	1	4	cd63aa9be1a4	STAY	inline-scoped		0				0
tests/drift-gate-negatives.sh	1772	1773	2	19	f7e2ad26101d	STAY	local-scoped		0				0
tests/drift-gate-negatives.sh	1778	1778	1	12	d1e69bd24275	STAY	local-scoped		0				0
tests/drift-gate-negatives.sh	1784	1784	1	12	e970272ff27a	STAY	local-scoped		0				0
tests/drift-gate-negatives.sh	1815	1816	2	22	ec71bf86748d	STAY	local-scoped		0				0
tests/drift-gate-negatives.sh	1821	1822	2	18	42d02ef0e157	STAY	local-scoped		0				0
tests/drift-gate-negatives.sh	1837	1837	1	12	e86ef25b2188	STAY	local-scoped		0				0
tests/drift-gate-negatives.sh	1842	1842	1	12	2a2201369a54	STAY	local-scoped		0				0
tests/drift-gate-negatives.sh	1865	1866	2	21	28e023e02b77	STAY	local-scoped		0				0
tests/drift-gate-negatives.sh	1873	1873	1	13	204aa8c32ba7	STAY	local-scoped		0				0
tests/drift-gate-negatives.sh	1893	1894	2	26	d22a3550f145	STAY	midsize-why		0				0
tests/drift-gate-negatives.sh	1908	1908	1	14	53f880868296	STAY	local-scoped		0				0
tests/drift-gate-negatives.sh	1922	1923	2	23	fccc426beff7	STAY	local-scoped		0				0
tests/drift-gate-negatives.sh	1951	1952	2	22	fe7fb1c663cd	STAY	local-scoped		0				0
tests/drift-gate-negatives.sh	1953	1953	1	10	063841ca660b	STAY	inline-scoped		0				0
tests/drift-gate-negatives.sh	1959	1959	1	12	a45e932df88c	STAY	local-scoped		0				0
tests/drift-gate-negatives.sh	1960	1960	1	13	b87b527e03e2	STAY	inline-scoped		0				0
tests/drift-gate-negatives.sh	1966	1967	2	23	2c64b843bfca	STAY	local-scoped		0				0
tests/drift-gate-negatives.sh	1968	1968	1	10	47a86d707372	STAY	inline-scoped		0				0
tests/drift-gate-negatives.sh	1975	1976	2	20	7397a75d9e8f	STAY	local-scoped		0				0
tests/drift-gate-negatives.sh	2006	2007	2	21	892b15d5780b	STAY	local-scoped		0				0
tests/drift-gate-negatives.sh	2015	2015	1	11	839f79456f42	STAY	local-scoped		0				0
tests/drift-gate-negatives.sh	2023	2024	2	21	62cbcefb6a60	STAY	local-scoped		0				0
tests/drift-gate-negatives.sh	2032	2033	2	22	920db2c31cfe	STAY	local-scoped		0				0
tests/drift-gate-negatives.sh	2041	2042	2	23	7b87cec1df48	STAY	local-scoped		0				0
tests/drift-gate-negatives.sh	2051	2053	3	26	59ce5e69d3f4	STAY	midsize-why		0				0
tests/drift-gate-negatives.sh	2080	2081	2	22	24f1bb82d3ae	STAY	local-scoped		0				0
tests/drift-gate-negatives.sh	2089	2090	2	26	a7383d3bbc62	STAY	midsize-why		0				0
tests/drift-gate-negatives.sh	2110	2113	4	47	2198ec113905	STAY	midsize-why		0				0
tests/drift-gate-negatives.sh	2126	2127	2	22	a310709a70cf	STAY	local-scoped		0				0
tests/drift-gate-negatives.sh	2143	2145	3	38	cd0d031cbe71	STAY	midsize-why		0				0
tests/drift-gate-negatives.sh	2174	2176	3	32	3348e32b2178	STAY	midsize-why		0				0
tests/drift-gate-negatives.sh	2178	2179	2	22	70e2636947b3	STAY	local-scoped		0				0
tests/drift-gate-negatives.sh	2193	2194	2	23	e8a0206b2040	STAY	local-scoped		0				0
tests/drift-gate-negatives.sh	2222	2223	2	25	62a119ebc837	STAY	local-scoped		0				0
tests/drift-gate-negatives.sh	2236	2238	3	38	555064c879bb	STAY	midsize-why		0				0
tests/drift-gate-negatives.sh	2253	2254	2	22	bf0a462591ec	STAY	local-scoped		0				0
tests/drift-gate-negatives.sh	2269	2270	2	23	4de7d4d4d62e	STAY	local-scoped		0				0
tests/drift-gate-negatives.sh	2296	2299	4	47	c58732e405f6	STAY	midsize-why		0				0
tests/drift-gate-negatives.sh	2316	2316	1	11	5dbb558aa515	STAY	local-scoped		0				0
tests/drift-gate-negatives.sh	2363	2366	4	50	548e0b8a60a7	STAY	midsize-why		0				0
tests/drift-gate-negatives.sh	2388	2390	3	38	c2a985c2473b	STAY	midsize-why		0				0
tests/drift-gate-negatives.sh	2407	2407	1	14	c33687a797a8	STAY	local-scoped		0				0
tests/drift-gate-negatives.sh	2428	2429	2	19	1650bc8f5984	STAY	local-scoped		0				0
tests/drift-gate-negatives.sh	2457	2458	2	22	0462439d4b54	STAY	local-scoped		0				0
tests/drift-gate-negatives.sh	2459	2459	1	4	cef447094a64	DROP	banner		0				0
tests/drift-gate-negatives.sh	2475	2476	2	23	0a4f24bca314	STAY	local-scoped		0				0
tests/drift-gate-negatives.sh	2532	2533	2	17	77adf362a9c8	STAY	local-scoped		0				0
tests/drift-gate-negatives.sh	2566	2566	1	8	3d21447379b5	STAY	inline-scoped		0				0
tests/drift-gate-negatives.sh	2613	2613	1	2	5b1c45088db2	DROP	banner		0				0
tests/drift-gate-negatives.sh	2665	2665	1	8	39d611abc648	STAY	local-scoped		0				0
tests/drift-gate-negatives.sh	2682	2682	1	12	f7b6a067cecb	STAY	local-scoped		0				0
tests/drift-gate-negatives.sh	2698	2699	2	18	0033290b495f	STAY	local-scoped		0				0
tests/drift-gate-negatives.sh	2712	2712	1	7	6388fac5bddf	STAY	local-scoped		0				0
tests/drift-gate-negatives.sh	2713	2713	1	5	dff2ae8d5410	STAY	inline-scoped		0				0
tests/drift-gate-negatives.sh	2747	2747	1	12	6465c7605a83	STAY	local-scoped		0				0
tests/drift-gate-negatives.sh	2756	2756	1	12	e26443306037	STAY	local-scoped		0				0
tests/drift-gate-negatives.sh	2758	2760	3	29	8e43a8f72c1f	STAY	midsize-why		0				0
tests/drift-gate-negatives.sh	2782	2782	1	11	660736d6943c	STAY	local-scoped		0				0
tests/drift-gate-negatives.sh	2814	2814	1	11	4b1c7fe5097a	STAY	local-scoped		0				0
tests/drift-gate-negatives.sh	2826	2826	1	10	0564a64dbec8	STAY	local-scoped		0				0
tests/drift-gate-negatives.sh	2836	2838	3	35	ac5c7c7baaa5	STAY	midsize-why		0				0
tests/drift-gate-negatives.sh	2865	2866	2	17	478034c96517	STAY	local-scoped		0				0
tests/drift-gate-negatives.sh	2883	2883	1	9	fce9a82a3459	STAY	local-scoped		0				0
tests/drift-gate-negatives.sh	2898	2899	2	23	269a51333185	STAY	local-scoped		0				0
tests/drift-gate-negatives.sh	2917	2917	1	12	18f640af4d9f	STAY	local-scoped		0				0
tests/drift-gate-negatives.sh	2945	2945	1	11	50b5156860e4	STAY	local-scoped		0				0
tests/drift-gate-negatives.sh	2982	2983	2	20	7dd0d721fa11	STAY	local-scoped		0				0
tests/drift-gate-negatives.sh	2994	2996	3	33	ba5679ee8cd4	STAY	midsize-why		0				0
tests/drift-gate-negatives.sh	3014	3014	1	12	535e27a559e5	STAY	local-scoped		0				0
tests/drift-gate-negatives.sh	3024	3025	2	26	98b022a877a8	STAY	midsize-why		0				0
tests/drift-gate-negatives.sh	3046	3047	2	15	c8553a078b61	STAY	local-scoped		0				0
tests/drift-gate-negatives.sh	3056	3058	3	35	19a667dd8a41	STAY	midsize-why		0				0
tests/drift-gate-negatives.sh	3069	3070	2	21	bb57d9b444a1	STAY	local-scoped		0				0
tests/drift-gate-negatives.sh	3089	3090	2	21	5ae335ba94ac	STAY	local-scoped		0				0
tests/drift-gate-negatives.sh	3123	3123	1	9	1f890fa8959e	STAY	local-scoped		0				0
tests/drift-gate-negatives.sh	3140	3140	1	9	855fae30868f	STAY	local-scoped		0				0
tests/drift-gate-negatives.sh	3157	3157	1	11	efe421088c6a	STAY	local-scoped		0				0
tests/drift-gate-negatives.sh	3158	3158	1	4	c1a37393390e	STAY	inline-scoped		0				0
tests/drift-gate-negatives.sh	3166	3166	1	13	f4f4df5894d3	STAY	local-scoped		0				0
tests/drift-gate-negatives.sh	3168	3168	1	4	3529147320ee	DROP	banner		0				0
tests/drift-gate-negatives.sh	3200	3201	2	27	8756432730d4	STAY	midsize-why		0				0
tests/drift-gate-negatives.sh	3216	3217	2	17	3423f7db93ba	STAY	local-scoped		0				0
tests/drift-gate-negatives.sh	3234	3235	2	17	e7f35f45b218	STAY	local-scoped		0				0
tests/drift-gate-negatives.sh	3249	3249	1	14	fb147ac71afc	STAY	local-scoped		0				0
tests/drift-gate-negatives.sh	3250	3250	1	12	561529089693	STAY	inline-scoped		0				0
tests/drift-gate-negatives.sh	3265	3267	3	39	39864b27e093	STAY	midsize-why		0				0
tests/drift-gate-negatives.sh	3289	3290	2	26	a750c6dbaa25	STAY	midsize-why		0				0
tests/drift-gate-negatives.sh	3304	3304	1	14	b533a0d6737a	STAY	local-scoped		0				0
tests/drift-gate-negatives.sh	3305	3305	1	15	42800675d7f6	STAY	inline-scoped		0				0
tests/drift-gate-negatives.sh	3323	3325	3	29	fe6811056750	STAY	midsize-why		0				0
tests/drift-gate-negatives.sh	3336	3338	3	28	d15a1ae75b02	STAY	midsize-why		0				0
tests/drift-gate-negatives.sh	3351	3351	1	5	9667d78e073a	STAY	inline-scoped		0				0
tests/drift-gate-negatives.sh	3364	3365	2	28	ee2a4db9965e	STAY	midsize-why		0				0
tests/drift-gate-negatives.sh	3366	3366	1	12	1bad1d71c812	STAY	inline-scoped		0				0
tests/drift-gate-negatives.sh	3374	3375	2	22	0075d709c4c1	STAY	local-scoped		0				0
tests/drift-gate-negatives.sh	3383	3383	1	5	b34c607da2f0	STAY	inline-scoped		0				0
tests/drift-gate-readonly.sh	1	1	1	2	4189f864510a	STAY	local-scoped		0				0
tests/drift-parity.sh	1	3	3	16	61d899f4c217	STAY	ai-header		0				0
tests/fixtures/mios.toml	1	1	1	3	f8c3aa3cbcc7	STAY	ai-header		0				0
tests/powershell/GlobalsProjection.Tests.ps1	1	1	1	7	966a2440d993	STAY	ai-header		0				0
tests/powershell/GlobalsProjection.Tests.ps1	10	10	1	12	5d7807a462d9	STAY	local-scoped		0				0
tests/powershell/MiOSBuild.Tests.ps1	1	1	1	8	c82cf52e6e53	STAY	ai-header		0				0
tests/powershell/MiOSBuild.Tests.ps1	9	11	3	34	68b2aa13184f	STAY	midsize-why		0				0
tests/powershell/MiOSBuild.Tests.ps1	13	14	2	17	a92e5dd376ba	STAY	local-scoped		0				0
tests/powershell/MiOSConsole.Tests.ps1	1	1	1	9	781fc261d917	STAY	ai-header		0				0
tests/powershell/MiOSConsole.Tests.ps1	9	10	2	20	75751252eae8	STAY	local-scoped		0				0
tests/powershell/MiOSConsole.Tests.ps1	12	13	2	17	a92e5dd376ba	STAY	local-scoped		0				0
tests/powershell/MiOSInstall.Tests.ps1	1	1	1	8	e9f44c437d23	STAY	ai-header		0				0
tests/powershell/MiOSInstall.Tests.ps1	9	10	2	19	39d5f8143925	STAY	local-scoped		0				0
tests/powershell/MiOSInstall.Tests.ps1	12	13	2	17	a92e5dd376ba	STAY	local-scoped		0				0
tests/powershell/MiOSInstall.Tests.ps1	36	38	3	25	ba08c905b0e7	STAY	midsize-why		0				0
tests/powershell/MiOSInstall.Tests.ps1	45	45	1	2	858be9eac740	STAY	inline-scoped		0				0
tests/powershell/MiOSLog.Tests.ps1	1	2	2	23	e1bf91b876d3	STAY	ai-header		0				0
tests/powershell/MiOSLog.Tests.ps1	9	10	2	17	a92e5dd376ba	STAY	local-scoped		0				0
tests/powershell/MiOSWin.Tests.ps1	1	1	1	9	460284955374	STAY	ai-header		0				0
tests/powershell/MiOSWin.Tests.ps1	10	11	2	17	a92e5dd376ba	STAY	local-scoped		0				0
tests/powershell/MiOSWin.Tests.ps1	16	18	3	34	a5f8a1f233b4	STAY	midsize-why		0				0
tests/powershell/TomlResolver.Tests.ps1	1	1	1	9	3e4a35ad9aaf	STAY	ai-header		0				0
tests/powershell/TomlResolver.Tests.ps1	10	11	2	17	a92e5dd376ba	STAY	local-scoped		0				0
tests/powershell/TomlResolver.Tests.ps1	14	15	2	22	24119e420569	STAY	local-scoped		0				0
tests/powershell/run-pester.sh	1	2	2	17	69d74b92038b	STAY	ai-header		0				0
tests/powershell/run-pester.sh	24	24	1	6	fd584116eae6	STAY	local-scoped		0				0
tests/powershell/run-pester.sh	47	47	1	1	82cf68bf6b4f	DROP	banner		0				0
tests/powershell/run-pester.sh	49	49	1	1	d32e6f952b0e	DROP	banner		0				0
tests/powershell/run-pester.sh	53	56	4	47	6268c0fefade	STAY	midsize-why		0				0
tests/powershell/run-pester.sh	75	77	3	31	207d9e5715f2	STAY	midsize-why		0				0
tests/powershell/run-pester.sh	106	109	4	40	0bf8675da668	STAY	midsize-why		0				0
tests/test-a2o-fallback.sh	1	4	4	20	2e9382b50c02	STAY	ai-header		0				0
tests/test-bake-group.sh	1	1	1	2	4189f864510a	STAY	local-scoped		0				0
tests/test-blade-reachability.sh	1	3	3	31	226e6f379e0f	STAY	ai-header		0				0
tests/test-blade-reachability.sh	22	23	2	29	41f37b553559	STAY	midsize-why		0				0
tests/test-blade-reachability.sh	57	58	2	25	cef573b64e87	STAY	local-scoped		0				0
tests/test-blade-reachability.sh	101	101	1	10	881cb54caea5	STAY	local-scoped		0				0
tests/test-blade-reachability.sh	112	112	1	12	86926aa971f9	STAY	local-scoped		0				0
tests/test-directory-dispatch.sh	1	3	3	25	857ab195ddf2	STAY	ai-header		0				0
tests/test-dispatcher-defense.py	1	2	2	25	beb684fc7049	STAY	ai-header		0				0
tests/test-ek-smart-extract.py	1	3	3	27	f7fe4d40f9e3	STAY	ai-header		0				0
tests/test-ek-smart-extract.py	30	30	1	5	25153e92d10f	STAY	inline-scoped		0				0
tests/test-ek-smart-extract.py	50	50	1	1	5a194219907f	STAY	inline-scoped		0				0
tests/test-ek-substitution.py	1	3	3	23	7ffaebcb5065	STAY	ai-header		0				0
tests/test-expand-from.py	1	3	3	27	a02909aa98ee	STAY	ai-header		0				0
tests/test-expand-from.py	13	13	1	2	8fd01c634ab8	STAY	inline-scoped		0				0
tests/test-firstboot-prestage.sh	1	1	1	2	4189f864510a	STAY	local-scoped		0				0
tests/test-firstboot-prestage.sh	45	45	1	4	27567b03673f	STAY	inline-scoped		0				0
tests/test-greenboot-blade-guard.sh	1	3	3	19	5962e9d465d2	STAY	ai-header		0				0
tests/test-greenboot-blade-guard.sh	16	17	2	23	d73641afffbf	STAY	local-scoped		0				0
tests/test-greenboot-blade-guard.sh	27	27	1	3	d4b268dd7446	STAY	inline-scoped		0				0
tests/test-greenboot-blade-guard.sh	29	29	1	14	51e8cd72cabd	STAY	local-scoped		0				0
tests/test-greenboot-blade-guard.sh	30	30	1	4	5039f2ce1c44	DROP	banner		0				0
tests/test-greenboot-blade-guard.sh	31	31	1	4	7acf277a2946	DROP	banner		0				0
tests/test-greenboot-blade-guard.sh	33	33	1	3	0bbc9621dbe4	STAY	local-scoped		0				0
tests/test-greenboot-blade-guard.sh	38	38	1	8	cd2e16d07983	STAY	local-scoped		0				0
tests/test-greenboot-blade-guard.sh	47	47	1	7	05cbe684c15a	STAY	local-scoped		0				0
tests/test-greenboot-blade-guard.sh	53	53	1	9	7f18c276f47d	STAY	local-scoped		0				0
tests/test-greenboot-blade-guard.sh	59	61	3	28	dbdd1127e28e	STAY	midsize-why		0				0
tests/test-greenboot-blade-guard.sh	65	65	1	3	23fd1d354601	STAY	local-scoped		0				0
tests/test-greenboot-blade-guard.sh	68	68	1	10	90451e79fc17	STAY	local-scoped		0				0
tests/test-greenboot-blade-guard.sh	75	75	1	3	0bbc9621dbe4	STAY	local-scoped		0				0
tests/test-greenboot-blade-guard.sh	89	89	1	15	f979995b705a	STAY	local-scoped		0				0
tests/test-greenboot-blade-guard.sh	92	92	1	3	23fd1d354601	STAY	local-scoped		0				0
tests/test-greenboot-blade-guard.sh	96	96	1	3	0bbc9621dbe4	STAY	local-scoped		0				0
tests/test-greenboot-blade-reachability.sh	1	3	3	26	7cd35413d53b	STAY	ai-header		0				0
tests/test-greenboot-blade-reachability.sh	18	19	2	16	07e220d15d21	STAY	local-scoped		0				0
tests/test-greenboot-blade-reachability.sh	27	27	1	12	9287fc8b34c0	STAY	local-scoped		0				0
tests/test-greenboot-blade-reachability.sh	31	31	1	3	0bbc9621dbe4	STAY	local-scoped		0				0
tests/test-greenboot-blade-reachability.sh	34	34	1	1	70a0bce8cab2	DROP	banner		0				0
tests/test-greenboot-blade-reachability.sh	36	36	1	2	8f5f4738f72c	STAY	local-scoped		0				0
tests/test-greenboot-blade-reachability.sh	51	53	3	30	b3440cc65679	STAY	midsize-why		0				0
tests/test-greenboot-blade-reachability.sh	72	72	1	4	425d99312c58	STAY	local-scoped		0				0
tests/test-greenboot-blade-reachability.sh	80	80	1	14	1ae37ca05cb5	STAY	local-scoped		0				0
tests/test-greenboot-blade-reachability.sh	101	101	1	5	4899fe71594a	STAY	local-scoped		0				0
tests/test-launch-args.py	1	2	2	30	1bedc1bd110b	STAY	ai-header		0				0
tests/test-launch-args.py	12	12	1	2	74a64c79f57a	STAY	inline-scoped		0				0
tests/test-launch-args.py	13	13	1	4	cc713c17fe59	STAY	inline-scoped		0				0
tests/test-lint-python-coverage.sh	1	3	3	25	63402d2dde6e	STAY	ai-header		0				0
tests/test-lint-python-coverage.sh	13	14	2	23	8747df914087	STAY	local-scoped		0				0
tests/test-lint-python-coverage.sh	17	17	1	4	a40738662a1f	STAY	inline-scoped		0				0
tests/test-lint-python-coverage.sh	30	30	1	14	631020f84c9b	STAY	local-scoped		0				0
tests/test-lint-python-coverage.sh	32	32	1	4	a0d4bcb70cb5	STAY	inline-scoped		0				0
tests/test-lint-python-coverage.sh	33	33	1	3	f62374362b5f	STAY	inline-scoped		0				0
tests/test-lint-python-coverage.sh	34	34	1	2	405ccb6614ca	STAY	inline-scoped		0				0
tests/test-lint-python-coverage.sh	35	35	1	2	e5a23d9ef31f	STAY	inline-scoped		0				0
tests/test-lint-python-coverage.sh	36	36	1	4	f38944f9940e	STAY	inline-scoped		0				0
tests/test-lint-python-coverage.sh	37	37	1	3	0e547651327f	STAY	inline-scoped		0				0
tests/test-lint-python-coverage.sh	42	42	1	4	08e841ed7980	STAY	inline-scoped		0				0
tests/test-lint-python-coverage.sh	46	46	1	4	99a709874b77	STAY	inline-scoped		0				0
tests/test-lint-python-coverage.sh	53	54	2	21	fda231c5a942	STAY	local-scoped		0				0
tests/test-lint-python-coverage.sh	56	56	1	4	cbd712e27bde	STAY	inline-scoped		0				0
tests/test-lint-python-coverage.sh	57	57	1	1	e5150f850b69	DROP	banner		0				0
tests/test-lint-python-coverage.sh	66	66	1	4	fa538dbe9588	STAY	inline-scoped		0				0
tests/test-lint-python-coverage.sh	72	72	1	6	77a1feac3931	STAY	inline-scoped		0				0
tests/test-lint-shell-coverage.sh	1	3	3	14	b98162bb847d	STAY	ai-header		0				0
tests/test-lint-shell-coverage.sh	32	32	1	4	28308e3a757f	STAY	inline-scoped		0				0
tests/test-mios-manual-harvest.sh	1	3	3	26	3f7cb924661f	STAY	ai-header		0				0
tests/test-mios-manual-harvest.sh	22	22	1	14	ff3ef40e38af	STAY	local-scoped		0				0
tests/test-mios-manual-harvest.sh	82	83	2	23	88bb3901306e	STAY	local-scoped		0				0
tests/test-mios-manual-harvest.sh	121	121	1	12	e105823c9c01	STAY	inline-scoped		0				0
tests/test-offload-overlay.py	1	3	3	27	cc45a7401403	STAY	ai-header		0				0
tests/test-offload-overlay.py	4	4	1	11	8387c14e8bad	STAY	local-scoped		0				0
tests/test-offload-overlay.py	29	30	2	23	33b41bb368e3	STAY	local-scoped		0				0
tests/test-offload-overlay.py	36	36	1	17	1418d4c33a25	STAY	local-scoped		0				0
tests/test-offload-overlay.py	72	72	1	10	bdc683057fc1	STAY	local-scoped		0				0
tests/test-offload-overlay.py	96	96	1	6	9410b195a081	STAY	local-scoped		0				0
tests/test-offload-overlay.py	100	100	1	11	a1dc5c991fc4	STAY	local-scoped		0				0
tests/test-offload-overlay.py	126	126	1	12	bd28200124fa	STAY	local-scoped		0				0
tests/test-offload-overlay.py	137	137	1	12	44229c1cc148	STAY	local-scoped		0				0
tests/test-offload-overlay.py	143	144	2	18	728c6bdeeda8	STAY	local-scoped		0				0
tests/test-offload-overlay.py	157	158	2	16	de1e7aeb00d1	STAY	local-scoped		0				0
tests/test-offload-overlay.py	163	163	1	9	9b38d8134c1e	STAY	local-scoped		0				0
tests/test-owui-pipe-endpoints.py	1	2	2	11	60812890fb3f	STAY	ai-header		0				0
tests/test-owui-pipe-endpoints.py	15	15	1	5	0afcda800e58	STAY	inline-scoped		0				0
tests/test-owui-pipe-endpoints.py	16	16	1	2	652a73c43ff5	STAY	inline-scoped		0				0
tests/test-owui-pipe-endpoints.py	20	20	1	10	358f39b71103	STAY	local-scoped		0				0
tests/test-owui-pipe-endpoints.py	37	37	1	2	458f7e85be09	STAY	inline-scoped		0				0
tests/test-owui-pipe-endpoints.py	38	38	1	2	458f7e85be09	STAY	inline-scoped		0				0
tests/test-owui-pipe-endpoints.py	58	60	3	31	c76f333dbb25	STAY	midsize-why		0				0
tests/test-pgvector-major-upgrade.sh	1	3	3	19	68cb796c55b6	STAY	ai-header		0				0
tests/test-pgvector-major-upgrade.sh	22	22	1	11	c280244b5d00	STAY	local-scoped		0				0
tests/test-pgvector-major-upgrade.sh	31	31	1	8	d2610c2cf313	STAY	local-scoped		0				0
tests/test-pgvector-major-upgrade.sh	124	125	2	29	a3146967b80c	STAY	midsize-why		0				0
tests/test-powershell-flatten.sh	1	3	3	13	d6b0a7665f16	STAY	ai-header		0				0
tests/test-powershell-flatten.sh	13	13	1	4	102de1fa9ff5	STAY	inline-scoped		0				0
tests/test-powershell-flatten.sh	24	26	3	30	d83d3b4cdb68	STAY	midsize-why		0				0
tests/test-powershell-flatten.sh	56	56	1	11	5aee741a1ca3	STAY	inline-scoped		0				0
tests/test-powershell-flatten.sh	80	80	1	2	15b342f2242e	STAY	local-scoped		0				0
tests/test-refine-guard.py	1	3	3	24	ea475daaf448	STAY	ai-header		0				0
tests/test-refine-guard.py	11	11	1	2	8fd01c634ab8	STAY	inline-scoped		0				0
tests/test-refine-guards.py	1	3	3	25	7c2ff4a2d289	STAY	ai-header		0				0
tests/test-refine-guards.py	11	11	1	2	8fd01c634ab8	STAY	inline-scoped		0				0
tests/test-reflection.py	1	3	3	24	3178a5fc8263	STAY	ai-header		0				0
tests/test-reflection.py	4	12	8	46	d63f63fff4d6	MIGRATE	narrative-history		0				0
tests/test-reflection.py	20	20	1	2	8fd01c634ab8	STAY	inline-scoped		0				0
tests/test-role-apply-precedence.sh	1	3	3	23	7bdedca300eb	STAY	ai-header		0				0
tests/test-role-apply-precedence.sh	22	24	3	35	5e2c25a4bc9f	STAY	midsize-why		0				0
tests/test-role-apply-precedence.sh	28	28	1	3	ee573bae3b99	STAY	local-scoped		0				0
tests/test-role-apply-precedence.sh	33	34	2	25	d05c510b56be	STAY	local-scoped		0				0
tests/test-role-apply-precedence.sh	41	42	2	23	027585b61d6f	STAY	local-scoped		0				0
tests/test-role-apply-precedence.sh	50	50	1	5	d6f05a96f35d	STAY	local-scoped		0				0
tests/test-role-apply-precedence.sh	60	60	1	9	12cfaca77fd7	STAY	local-scoped		0				0
tests/test-role-apply-precedence.sh	68	68	1	7	ad11a3038bf3	STAY	local-scoped		0				0
tests/test-role-apply-precedence.sh	78	78	1	11	0faa55d1c1d8	STAY	local-scoped		0				0
tests/test-role-apply-precedence.sh	92	92	1	8	b95b3b7bc634	STAY	local-scoped		0				0
tests/test-role-apply-precedence.sh	95	95	1	3	0bbc9621dbe4	STAY	local-scoped		0				0
tests/test-role-apply-precedence.sh	103	103	1	11	5dfaacc2965b	STAY	local-scoped		0				0
tests/test-role-apply-precedence.sh	114	114	1	5	4ee0a7817dc0	STAY	local-scoped		0				0
tests/test-role-apply-precedence.sh	123	123	1	5	83dd56668b9f	STAY	local-scoped		0				0
tests/test-role-apply-precedence.sh	131	131	1	7	951164a68d20	STAY	local-scoped		0				0
tests/test-role-apply-precedence.sh	137	137	1	5	6465f1bf2c8a	STAY	local-scoped		0				0
tests/test-role-apply-precedence.sh	143	143	1	6	87697885eed2	STAY	local-scoped		0				0
tests/test-sandbox-seccomp.sh	1	3	3	13	acaaf82f76c6	STAY	ai-header		0				0
tests/test-sandbox-seccomp.sh	22	22	1	2	98e90e436295	STAY	local-scoped		0				0
tests/test-sandbox-seccomp.sh	38	39	2	16	9a3cffa28d33	STAY	local-scoped		0				0
tests/test-sandbox-seccomp.sh	78	80	3	22	fe3c1e1663b4	STAY	midsize-why		0				0
tests/test-sandbox-seccomp.sh	96	97	2	25	6a928abc41c5	STAY	local-scoped		0				0
tests/test-sandbox-seccomp.sh	110	110	1	12	1ac126316010	STAY	local-scoped		0				0
tests/test-seat-activates-nothing.py	1	3	3	25	d5a15d4a8790	STAY	ai-header		0				0
tests/test-seat-activates-nothing.py	4	4	1	9	3422d3c1f69a	STAY	local-scoped		0				0
tests/test-seat-activates-nothing.py	14	14	1	3	c4eab4cecb60	STAY	inline-scoped		0				0
tests/test-seat-activates-nothing.py	15	15	1	2	652a73c43ff5	STAY	inline-scoped		0				0
tests/test-seat-activates-nothing.py	30	30	1	12	586c27b6279b	STAY	local-scoped		0				0
tests/test-seat-activates-nothing.py	46	50	5	31	2f02efe74e1e	STAY	midsize-why		0				0
tests/test-seat-activates-nothing.py	69	70	2	19	e4d28e185919	STAY	local-scoped		0				0
tests/test-seat-activates-nothing.py	76	77	2	21	0d642223e2f9	STAY	local-scoped		0				0
tests/test-seat-activates-nothing.py	85	85	1	3	6497902a2259	STAY	inline-scoped		0				0
tests/test-seat-activates-nothing.py	88	89	2	19	1f242df5d009	STAY	local-scoped		0				0
tests/test-seat-activates-nothing.py	94	94	1	9	c501f674ac22	STAY	local-scoped		0				0
tests/test-seat-activates-nothing.py	97	97	1	6	05b829db83bb	STAY	inline-scoped		0				0
tests/test-seat-activates-nothing.py	98	98	1	2	6dcf239425da	STAY	inline-scoped		0				0
tests/test-seat-activates-nothing.py	99	99	1	5	1aa0dbdb6791	STAY	inline-scoped		0				0
tests/test-seat-activates-nothing.py	100	100	1	3	45ec26667f74	STAY	inline-scoped		0				0
tests/test-seat-activates-nothing.py	101	101	1	2	b55e65abaacc	STAY	inline-scoped		0				0
tests/test-seat-activates-nothing.py	102	102	1	2	b55e65abaacc	STAY	inline-scoped		0				0
tests/test-seat-auth-posture.sh	1	3	3	29	f3969084a6c3	MIGRATE_HEADER	overlong-hint		0				0
tests/test-seat-auth-posture.sh	15	15	1	3	ee573bae3b99	STAY	local-scoped		0				0
tests/test-seat-auth-posture.sh	22	22	1	8	adea231ba33b	STAY	local-scoped		0				0
tests/test-seat-auth-posture.sh	29	29	1	5	c61de70c7fe4	STAY	inline-scoped		0				0
tests/test-seat-auth-posture.sh	36	36	1	8	2cb744e7814f	STAY	local-scoped		0				0
tests/test-seat-auth-posture.sh	48	49	2	30	557226639446	STAY	midsize-why		0				0
tests/test-seat-auth-posture.sh	61	61	1	5	5f3e33635df3	STAY	local-scoped		0				0
tests/test-seat-auth-posture.sh	94	94	1	15	2e2b6f109783	STAY	local-scoped		0				0
tests/test-seat-auth-posture.sh	101	101	1	13	bba1a28d34ac	STAY	local-scoped		0				0
tests/test-theme-merge.py	1	3	3	18	9dfcac286a81	STAY	ai-header		0				0
tests/test-think-stripper.py	1	3	3	23	a30d9d4ff26c	STAY	ai-header		0				0
tests/test-think-stripper.py	4	6	2	17	3c4013021e97	STAY	local-scoped		0				0
tools/ascii-sweep.py	1	3	3	25	cc382c6d8c37	STAY	ai-header		0				0
tools/ascii-sweep.py	15	15	1	1	bcc073e80526	STAY	inline-scoped		0				0
tools/ascii-sweep.py	16	16	1	1	601288c935ae	STAY	inline-scoped		0				0
tools/ascii-sweep.py	17	17	1	2	6cd431d47806	STAY	inline-scoped		0				0
tools/ascii-sweep.py	18	18	1	3	a9f2f5074519	STAY	inline-scoped		0				0
tools/ascii-sweep.py	19	19	1	3	b3c221713ec2	STAY	inline-scoped		0				0
tools/ascii-sweep.py	20	20	1	3	0625f33a4192	STAY	inline-scoped		0				0
tools/ascii-sweep.py	21	21	1	3	e6d1f7f5a2a5	STAY	inline-scoped		0				0
tools/ascii-sweep.py	22	22	1	3	d16c598629f9	STAY	inline-scoped		0				0
tools/ascii-sweep.py	23	23	1	3	75a3efee58c3	STAY	inline-scoped		0				0
tools/ascii-sweep.py	24	24	1	3	fe2128fe82db	STAY	inline-scoped		0				0
tools/ascii-sweep.py	25	25	1	3	1928e0fffa6e	STAY	inline-scoped		0				0
tools/ascii-sweep.py	26	26	1	1	95f2755fcc94	DROP	banner		0				0
tools/ascii-sweep.py	27	27	1	2	dd83f37c1f03	STAY	inline-scoped		0				0
tools/ascii-sweep.py	28	28	1	2	296f0e08bea6	STAY	inline-scoped		0				0
tools/ascii-sweep.py	29	29	1	2	d9fb4fa96b22	STAY	inline-scoped		0				0
tools/ascii-sweep.py	30	30	1	2	c056cc1dc8ca	STAY	inline-scoped		0				0
tools/ascii-sweep.py	31	31	1	3	9e3136cf8869	STAY	inline-scoped		0				0
tools/ascii-sweep.py	32	32	1	1	b014a0215b71	STAY	inline-scoped		0				0
tools/ascii-sweep.py	33	33	1	2	08fb7aac92fd	STAY	inline-scoped		0				0
tools/ascii-sweep.py	34	34	1	1	ed12eb20000f	STAY	inline-scoped		0				0
tools/ascii-sweep.py	35	35	1	2	0dae7e5ac2b2	STAY	inline-scoped		0				0
tools/ascii-sweep.py	36	36	1	2	e2d9b20b6b28	STAY	inline-scoped		0				0
tools/ascii-sweep.py	37	37	1	2	1a056cfe2968	STAY	inline-scoped		0				0
tools/ascii-sweep.py	38	38	1	2	e824c01eba97	STAY	inline-scoped		0				0
tools/ascii-sweep.py	39	39	1	4	de335ef58bba	STAY	inline-scoped		0				0
tools/ascii-sweep.py	40	40	1	4	8958f641aa3d	STAY	inline-scoped		0				0
tools/ascii-sweep.py	41	41	1	1	dccc5d01dabc	STAY	inline-scoped		0				0
tools/ascii-sweep.py	42	42	1	2	7c584cc73e87	STAY	inline-scoped		0				0
tools/ascii-sweep.py	43	43	1	3	1c53cebbae00	STAY	inline-scoped		0				0
tools/ascii-sweep.py	60	60	1	2	e55394aa1678	STAY	inline-scoped		0				0
tools/ascii-sweep.py	61	61	1	1	20f65c28671b	STAY	inline-scoped		0				0
tools/ascii-sweep.py	62	62	1	2	8e6c7115f617	STAY	inline-scoped		0				0
tools/ascii-sweep.py	63	63	1	2	c8410e87781d	STAY	inline-scoped		0				0
tools/ascii-sweep.py	64	64	1	3	7e8c79039f63	STAY	inline-scoped		0				0
tools/ascii-sweep.py	65	65	1	2	531c0a7159ba	STAY	inline-scoped		0				0
tools/ascii-sweep.py	66	66	1	4	331ff7802f4a	STAY	inline-scoped		0				0
tools/ascii-sweep.py	67	67	1	2	96b65f454e2b	STAY	inline-scoped		0				0
tools/ascii-sweep.py	69	69	1	2	d99f230e0590	STAY	inline-scoped		0				0
tools/ascii-sweep.py	70	70	1	1	dd368cc7bbfb	STAY	inline-scoped		0				0
tools/ascii-sweep.py	71	71	1	2	a7182dce8139	STAY	inline-scoped		0				0
tools/ascii-sweep.py	72	72	1	2	d64cacf95252	STAY	inline-scoped		0				0
tools/ascii-sweep.py	73	73	1	2	376896223de0	STAY	inline-scoped		0				0
tools/ascii-sweep.py	74	74	1	2	bc6057775fdc	STAY	inline-scoped		0				0
tools/ascii-sweep.py	78	78	1	4	a942b4bc4a07	STAY	inline-scoped		0				0
tools/ascii-sweep.py	79	79	1	1	aa95a5ac3c1e	STAY	inline-scoped		0				0
tools/ascii-sweep.py	80	80	1	1	6694ea807500	STAY	inline-scoped		0				0
tools/ascii-sweep.py	81	81	1	2	4c967b715564	STAY	inline-scoped		0				0
tools/ascii-sweep.py	82	82	1	3	dcd426527b5f	STAY	inline-scoped		0				0
tools/ascii-sweep.py	83	83	1	2	05e802d1ae81	STAY	inline-scoped		0				0
tools/ascii-sweep.py	84	84	1	3	a9cb371ece05	STAY	inline-scoped		0				0
tools/ascii-sweep.py	90	90	1	2	1cd55aefc40f	STAY	inline-scoped		0				0
tools/ascii-sweep.py	95	95	1	1	19f329675c80	DROP	banner		0				0
tools/ascii-sweep.py	97	97	1	2	3621cb5b529f	STAY	inline-scoped		0				0
tools/ascii-sweep.py	110	110	1	6	b5bbc93a61ed	STAY	inline-scoped		0				0
tools/ascii-sweep.py	118	118	1	11	7723e3eefcb3	STAY	local-scoped		0				0
tools/audit-image-provisioning.py	1	2	2	11	ebdb91cced89	STAY	ai-header		0				0
tools/audit-version-literals.py	1	3	3	23	da1407b4581e	STAY	ai-header		0				0
tools/audit-version-literals.py	27	27	1	2	04cea2810ea2	DROP	banner		0				0
tools/audit-version-literals.py	31	31	1	3	874459c424cd	STAY	local-scoped		0				0
tools/audit-version-literals.py	35	35	1	2	50b11784a65e	DROP	banner		0				0
tools/audit-version-literals.py	52	52	1	3	cd8673dd3392	STAY	local-scoped		0				0
tools/audit-version-literals.py	79	79	1	2	c04e4240e63e	STAY	local-scoped		0				0
tools/check-blade-coverage.py	1	3	3	12	df36d9857e15	STAY	ai-header		0				0
tools/check-blade-coverage.py	4	4	1	10	fcd108b41dd7	STAY	local-scoped		0				0
tools/check-blade-coverage.py	12	12	1	5	0afcda800e58	STAY	inline-scoped		0				0
tools/check-blade-coverage.py	13	13	1	2	652a73c43ff5	STAY	inline-scoped		0				0
tools/check-blade-coverage.py	19	19	1	6	9083114e3e72	STAY	local-scoped		0				0
tools/check-blade-coverage.py	24	25	2	23	e1222cfd7ba3	STAY	local-scoped		0				0
tools/check-blade-coverage.py	50	52	3	29	c5c1cd58427d	STAY	midsize-why		0				0
tools/check-blade-coverage.py	57	59	3	33	771b97559924	STAY	midsize-why		0				0
tools/check-blade-coverage.py	70	70	1	10	54d45ff1ee27	STAY	local-scoped		0				0
tools/check-blade-coverage.py	75	75	1	13	0a530caed8bb	STAY	local-scoped		0				0
tools/check-blade-coverage.py	80	84	5	30	f5286e592264	STAY	midsize-why		0				0
tools/check-blade-coverage.py	111	111	1	14	2481b5fcbbbc	STAY	local-scoped		0				0
tools/check-blade-coverage.py	117	117	1	12	e7a73d5c25b5	STAY	local-scoped		0				0
tools/check-blade-coverage.py	137	138	2	18	b9851f7d3877	STAY	local-scoped		0				0
tools/check-blade-coverage.py	165	166	2	22	3b17c154e10e	STAY	local-scoped		0				0
tools/check-blade-coverage.py	179	180	2	25	e6bd6826a79e	STAY	local-scoped		0				0
tools/check-blade-coverage.py	186	186	1	8	a88693ea2f9a	STAY	inline-scoped		0				0
tools/check-blade-coverage.py	190	190	1	9	4f9dbf9f76ae	STAY	inline-scoped		0				0
tools/check-blade-coverage.py	192	192	1	6	31b2410d304d	STAY	inline-scoped		0				0
tools/check-blade-coverage.py	200	200	1	4	d1638362a942	STAY	local-scoped		0				0
tools/check-blade-coverage.py	210	210	1	6	f1055d0df47c	STAY	local-scoped		0				0
tools/check-blade-coverage.py	221	221	1	7	5413e68c5e42	STAY	local-scoped		0				0
tools/check-blade-coverage.py	227	227	1	11	043af57b59c1	STAY	local-scoped		0				0
tools/check-build-urls.sh	1	2	2	11	202e614e1411	STAY	ai-header		0				0
tools/check-comment-lex-equivalence.py	1	1	1	15	edaaccdb5b68	STAY	ai-header		0				0
tools/check-comment-lex-equivalence.py	27	27	1	8	da68aa5d4fc5	STAY	inline-scoped		0				0
tools/check-comment-lex-equivalence.py	30	30	1	6	5603c1139187	STAY	local-scoped		0				0
tools/check-comment-lex-equivalence.py	40	40	1	3	0c75562665ea	STAY	local-scoped		0				0
tools/check-comment-ratchet.py	1	3	3	18	c71586bdf06e	STAY	ai-header		0				0
tools/check-comment-ratchet.py	11	11	1	2	652a73c43ff5	STAY	inline-scoped		0				0
tools/check-container-names.py	1	3	3	11	6c9cdf098f46	STAY	ai-header		0				0
tools/check-container-names.py	4	4	1	10	436d755eed6d	STAY	local-scoped		0				0
tools/check-container-names.py	13	13	1	5	0afcda800e58	STAY	inline-scoped		0				0
tools/check-container-names.py	14	14	1	2	652a73c43ff5	STAY	inline-scoped		0				0
tools/check-container-names.py	21	21	1	12	c15ad06ffb90	STAY	local-scoped		0				0
tools/check-container-names.py	28	30	3	35	bd926d63f649	STAY	midsize-why		0				0
tools/check-credential-literals.py	1	3	3	23	3b6c2f42f975	STAY	ai-header		0				0
tools/check-credential-literals.py	4	4	1	15	90d0e8c88292	STAY	local-scoped		0				0
tools/check-credential-literals.py	14	14	1	7	53fac0d75607	STAY	local-scoped		0				0
tools/check-credential-literals.py	38	38	1	5	0116605f417f	STAY	inline-scoped		0				0
tools/check-daemon-governor.py	1	3	3	22	d2232c852554	STAY	ai-header		0				0
tools/check-daemon-governor.py	4	4	1	18	4e496fde1716	STAY	local-scoped		0				0
tools/check-daemon-governor.py	16	17	2	23	ba673de7b421	STAY	local-scoped		0				0
tools/check-daemon-governor.py	19	19	1	10	b8573467c00b	STAY	local-scoped		0				0
tools/check-daemon-governor.py	39	40	2	26	07dfcb5255a5	STAY	midsize-why		0				0
tools/check-doc-ratchet-monotone.py	1	3	3	18	7864a7f61223	STAY	ai-header		0				0
tools/check-doc-ratchet-monotone.py	11	11	1	2	652a73c43ff5	STAY	inline-scoped		0				0
tools/check-firstboot-provisioners.py	1	3	3	14	1dd763189e9b	STAY	ai-header		0				0
tools/check-firstboot-provisioners.py	4	4	1	10	7abd8210b027	STAY	local-scoped		0				0
tools/check-firstboot-provisioners.py	10	10	1	10	4a5f27d654f2	STAY	local-scoped		0				0
tools/check-firstboot-provisioners.py	24	24	1	9	0f66d25472a1	STAY	local-scoped		0				0
tools/check-fleet-safety.py	1	4	4	121	f1fcb0718fb9	MIGRATE_HEADER	overlong-hint		0				0
tools/check-fleet-safety.py	5	5	1	13	f8f823859838	STAY	local-scoped		0				0
tools/check-fleet-safety.py	13	13	1	5	0afcda800e58	STAY	inline-scoped		0				0
tools/check-fleet-safety.py	14	14	1	2	652a73c43ff5	STAY	inline-scoped		0				0
tools/check-fleet-safety.py	20	20	1	4	097ff9e5ca6e	STAY	local-scoped		0				0
tools/check-fleet-safety.py	26	26	1	6	de1fccb8e9fc	STAY	local-scoped		0				0
tools/check-fleet-safety.py	39	40	2	22	d5cfd3f7f166	STAY	local-scoped		0				0
tools/check-fleet-safety.py	59	59	1	9	1c97aaa43aef	STAY	inline-scoped		0				0
tools/check-fleet-safety.py	69	69	1	9	37b136b08dcb	STAY	local-scoped		0				0
tools/check-fleet-safety.py	102	102	1	8	87f2dff758ac	STAY	local-scoped		0				0
tools/check-fleet-safety.py	155	156	2	20	9e3dd68ec45e	STAY	local-scoped		0				0
tools/check-manual-links.py	1	3	3	11	ab43c2b05353	STAY	ai-header		0				0
tools/check-manual-links.py	4	4	1	17	1b7aa2ddc996	STAY	local-scoped		0				0
tools/check-manual-links.py	13	14	2	21	ffb865e4fa00	STAY	local-scoped		0				0
tools/check-manual-links.py	20	20	1	11	e18a0d8ee7f7	STAY	local-scoped		0				0
tools/check-module-length.py	1	3	3	14	aa13271a9d45	STAY	ai-header		0				0
tools/check-module-length.py	4	4	1	9	7240310e3968	STAY	local-scoped		0				0
tools/check-module-length.py	11	11	1	5	0afcda800e58	STAY	inline-scoped		0				0
tools/check-module-length.py	12	12	1	2	652a73c43ff5	STAY	inline-scoped		0				0
tools/check-module-length.py	15	17	3	36	80fb08be9dae	STAY	midsize-why		0				0
tools/check-module-length.py	22	22	1	6	e550931cb9c7	STAY	local-scoped		0				0
tools/check-module-length.py	35	35	1	12	3abab5a9b48c	STAY	local-scoped		0				0
tools/check-module-length.py	49	49	1	9	c199f3aad405	STAY	local-scoped		0				0
tools/check-no-generated-prose-in-resolvers.py	1	3	3	18	5e0a7849f017	STAY	ai-header		0				0
tools/check-no-generated-prose-in-resolvers.py	10	12	3	43	d5dab987de7e	STAY	midsize-why		0				0
tools/check-node-pool.py	1	3	3	27	25181886d536	STAY	ai-header		0				0
tools/check-node-pool.py	4	4	1	13	0d4d60c666ae	STAY	local-scoped		0				0
tools/check-node-pool.py	12	12	1	5	0afcda800e58	STAY	inline-scoped		0				0
tools/check-node-pool.py	13	13	1	2	652a73c43ff5	STAY	inline-scoped		0				0
tools/check-node-pool.py	19	19	1	7	a614d32de488	STAY	local-scoped		0				0
tools/check-node-pool.py	25	26	2	16	eb4920d0eedf	STAY	local-scoped		0				0
tools/check-node-pool.py	45	45	1	12	8c06c906d1f3	STAY	local-scoped		0				0
tools/check-node-pool.py	50	50	1	7	db5a0e1cb304	STAY	inline-scoped		0				0
tools/check-node-pool.py	62	62	1	12	314fb54c8e09	STAY	local-scoped		0				0
tools/check-node-pool.py	92	93	2	27	5d29708bc338	STAY	midsize-why		0				0
tools/check-node-pool.py	107	107	1	13	27e845876d06	STAY	local-scoped		0				0
tools/check-ovmf-enrollment.sh	1	2	2	22	f3474d45d683	STAY	ai-header		0				0
tools/check-port-fallbacks.py	1	3	3	28	7f117f2e3588	STAY	ai-header		0				0
tools/check-port-fallbacks.py	4	4	1	13	feacc8942be7	STAY	local-scoped		0				0
tools/check-port-fallbacks.py	12	12	1	5	0afcda800e58	STAY	inline-scoped		0				0
tools/check-port-fallbacks.py	13	13	1	2	652a73c43ff5	STAY	inline-scoped		0				0
tools/check-port-fallbacks.py	17	17	1	10	bc1f03acfd47	STAY	local-scoped		0				0
tools/check-port-fallbacks.py	21	22	2	21	d496c177df88	STAY	local-scoped		0				0
tools/check-port-fallbacks.py	28	28	1	3	a12bed9fa43b	DROP	banner		0				0
tools/check-port-fallbacks.py	29	29	1	3	e17879c92c44	STAY	inline-scoped		0				0
tools/check-port-fallbacks.py	31	31	1	3	c3a6e4043b49	DROP	banner		0				0
tools/check-port-fallbacks.py	33	35	3	32	24ade1f99a46	STAY	midsize-why		0				0
tools/check-port-fallbacks.py	37	38	2	26	a2995be19113	STAY	midsize-why		0				0
tools/check-port-fallbacks.py	46	46	1	7	96867b3d25d7	STAY	local-scoped		0				0
tools/check-port-fallbacks.py	52	52	1	11	41f9a9f5dac6	STAY	local-scoped		0				0
tools/check-port-fallbacks.py	71	71	1	9	0bafe1e5f194	STAY	local-scoped		0				0
tools/check-port-fallbacks.py	79	80	2	21	72df419810f2	STAY	local-scoped		0				0
tools/check-port-fallbacks.py	96	96	1	7	95323d339ab8	STAY	local-scoped		0				0
tools/check-ports-bound.py	1	3	3	10	f19842687204	STAY	ai-header		0				0
tools/check-ports-bound.py	4	4	1	14	cd8fde305f2a	STAY	local-scoped		0				0
tools/check-ports-bound.py	13	13	1	5	0afcda800e58	STAY	inline-scoped		0				0
tools/check-ports-bound.py	14	14	1	2	652a73c43ff5	STAY	inline-scoped		0				0
tools/check-ports-bound.py	18	19	2	20	21d7d08f2c67	STAY	local-scoped		0				0
tools/check-ports-bound.py	39	39	1	10	12c101435a7e	STAY	local-scoped		0				0
tools/check-ports-bound.py	45	45	1	7	a0b11d80c733	STAY	local-scoped		0				0
tools/check-ports-bound.py	57	57	1	15	43c653a8f3ea	STAY	local-scoped		0				0
tools/check-ports-bound.py	76	76	1	11	43d11b57e5b8	STAY	local-scoped		0				0
tools/check-redact-coverage.py	1	3	3	21	a71de5b34cec	STAY	ai-header		0				0
tools/check-redact-coverage.py	4	4	1	13	60070670de5d	STAY	local-scoped		0				0
tools/check-redact-coverage.py	14	14	1	11	5746d9a5d672	STAY	local-scoped		0				0
tools/check-redact-coverage.py	35	36	2	16	6bb5884b07dc	STAY	local-scoped		0				0
tools/check-resolver-twin.py	1	4	4	21	444d4dee466b	STAY	ai-header		0				0
tools/check-resolver-twin.py	112	112	1	10	6ad077957853	STAY	local-scoped		0				0
tools/check-resolver-twin.py	119	119	1	7	bdea67827137	STAY	local-scoped		0				0
tools/check-role-ssot.py	1	3	3	25	d3741ab435be	STAY	ai-header		0				0
tools/check-role-ssot.py	4	4	1	12	1d151052f3e1	STAY	local-scoped		0				0
tools/check-role-ssot.py	12	12	1	5	0afcda800e58	STAY	inline-scoped		0				0
tools/check-role-ssot.py	13	13	1	2	652a73c43ff5	STAY	inline-scoped		0				0
tools/check-role-ssot.py	18	18	1	13	a2f0a03c26e5	STAY	local-scoped		0				0
tools/check-role-ssot.py	23	24	2	16	dcfad3f0c864	STAY	local-scoped		0				0
tools/check-role-ssot.py	31	31	1	4	72df8af72368	STAY	local-scoped		0				0
tools/check-role-ssot.py	41	41	1	4	fee83882c5ee	STAY	local-scoped		0				0
tools/check-role-ssot.py	47	47	1	10	df69b640a0e6	STAY	local-scoped		0				0
tools/check-role-ssot.py	88	89	2	20	f6581edd0848	STAY	local-scoped		0				0
tools/check-role-ssot.py	120	121	2	23	eb3096fb4059	STAY	local-scoped		0				0
tools/check-role-ssot.py	128	128	1	6	0549f83551f3	STAY	inline-scoped		0				0
tools/check-role-ssot.py	144	145	2	26	f26a752fd3b3	STAY	midsize-why		0				0
tools/check-role-ssot.py	170	171	2	24	7c5991ba05bd	STAY	local-scoped		0				0
tools/check-role-ssot.py	201	203	3	23	759f2c1b72f7	STAY	midsize-why		0				0
tools/check-role-ssot.py	215	218	4	42	e080ce806843	STAY	midsize-why		0				0
tools/check-role-ssot.py	229	232	4	34	767ed858af45	STAY	midsize-why		0				0
tools/check-schema-consumers.py	1	3	3	24	24bdcc54ea6c	STAY	ai-header		0				0
tools/check-schema-consumers.py	4	4	1	12	8ffac51bbd65	STAY	local-scoped		0				0
tools/check-schema-consumers.py	13	13	1	5	0afcda800e58	STAY	inline-scoped		0				0
tools/check-schema-consumers.py	14	14	1	2	652a73c43ff5	STAY	inline-scoped		0				0
tools/check-schema-consumers.py	17	20	4	45	abe4d26e2314	STAY	midsize-why		0				0
tools/check-schema-consumers.py	23	26	4	42	2db32010abf1	STAY	midsize-why		0				0
tools/check-schema-consumers.py	46	46	1	12	49532f6faa10	STAY	local-scoped		0				0
tools/check-schema-consumers.py	52	52	1	8	0fbc6822265f	STAY	inline-scoped		0				0
tools/check-service-urls.py	1	3	3	27	6062b6015c9a	STAY	ai-header		0				0
tools/check-service-urls.py	4	4	1	13	8e6bbfae4c79	STAY	local-scoped		0				0
tools/check-service-urls.py	12	12	1	5	0afcda800e58	STAY	inline-scoped		0				0
tools/check-service-urls.py	13	13	1	2	652a73c43ff5	STAY	inline-scoped		0				0
tools/check-service-urls.py	20	20	1	10	12c101435a7e	STAY	local-scoped		0				0
tools/check-service-urls.py	26	26	1	9	5d897a0e045d	STAY	local-scoped		0				0
tools/check-service-urls.py	37	37	1	7	91f19f9d8ea6	STAY	local-scoped		0				0
tools/check-service-urls.py	43	43	1	11	6780438a938d	STAY	local-scoped		0				0
tools/check-service-urls.py	74	75	2	26	852d58856be8	STAY	midsize-why		0				0
tools/check-service-urls.py	91	92	2	28	a01882de3130	STAY	midsize-why		0				0
tools/check-service-urls.py	96	97	2	21	5f8a1d98103f	STAY	local-scoped		0				0
tools/check-ssot-consumer-keys.py	1	3	3	25	578f6099f19a	STAY	ai-header		0				0
tools/check-ssot-consumer-keys.py	4	4	1	13	fdfc305be140	STAY	local-scoped		0				0
tools/check-ssot-consumer-keys.py	12	12	1	5	0afcda800e58	STAY	inline-scoped		0				0
tools/check-ssot-consumer-keys.py	13	13	1	2	652a73c43ff5	STAY	inline-scoped		0				0
tools/check-ssot-consumer-keys.py	18	18	1	10	187b46819e00	STAY	local-scoped		0				0
tools/check-ssot-consumer-keys.py	26	29	4	19	b717c5103e45	STAY	midsize-why		0				0
tools/check-ssot-consumer-keys.py	55	55	1	8	7f26b50460db	STAY	local-scoped		0				0
tools/check-ssot-consumer-keys.py	65	65	1	11	8f4f6758fe91	STAY	local-scoped		0				0
tools/check-ssot-consumer-keys.py	80	80	1	5	02a383de2bbb	STAY	local-scoped		0				0
tools/check-ssot-consumer-keys.py	93	93	1	10	05cd0b81cc9f	STAY	local-scoped		0				0
tools/check-tasks-status-parity.py	1	3	3	30	1078d63aded6	STAY	ai-header		0				0
tools/check-tasks-status-parity.py	4	4	1	12	12349bc30d9e	STAY	local-scoped		0				0
tools/check-tasks-status-parity.py	12	13	2	22	eb2366336db3	STAY	local-scoped		0				0
tools/check-tasks-status-parity.py	19	19	1	10	010adb005103	STAY	local-scoped		0				0
tools/check-tasks-status-parity.py	26	27	2	14	2d83b02c14d7	STAY	local-scoped		0				0
tools/check-tasks-status-parity.py	66	66	1	12	15668b99c6e8	STAY	local-scoped		0				0
tools/check-unit-projection.py	1	3	3	13	2d8fb653b383	STAY	ai-header		0				0
tools/check-unit-projection.py	4	4	1	12	4ff6188fdb17	STAY	local-scoped		0				0
tools/check-unit-projection.py	13	13	1	5	0afcda800e58	STAY	inline-scoped		0				0
tools/check-unit-projection.py	14	14	1	2	652a73c43ff5	STAY	inline-scoped		0				0
tools/check-unit-projection.py	21	22	2	18	12373d0a8e11	STAY	local-scoped		0				0
tools/check-unit-projection.py	27	27	1	8	c65396428222	STAY	local-scoped		0				0
tools/check-unit-projection.py	32	32	1	5	736bfd9876e0	STAY	local-scoped		0				0
tools/check-unit-projection.py	40	40	1	10	670dd351c271	STAY	local-scoped		0				0
tools/check-unit-projection.py	46	46	1	5	8604cd81d484	STAY	local-scoped		0				0
tools/check-unit-projection.py	59	59	1	10	f34b340c0fbe	STAY	local-scoped		0				0
tools/check-unit-projection.py	117	121	5	35	02a02ba94c4f	STAY	midsize-why		0				0
tools/check-unit-projection.py	138	138	1	12	00a6692fcac5	STAY	local-scoped		0				0
tools/compile-dashboard-binary.py	1	2	2	7	4c308f805424	STAY	ai-header		0				0
tools/compile-dashboard-binary.py	3	6	3	17	05c793e68a18	STAY	midsize-why		0				0
tools/compile-templates.py	1	4	4	18	f3e8618bdd25	STAY	ai-header		0				0
tools/configure-xbox-cpu.sh	1	2	2	22	55682a6fc265	STAY	ai-header		0				0
tools/find-ovmf-firmware.sh	1	3	3	23	b3615f6321df	STAY	ai-header		0				0
tools/find-ovmf-firmware.sh	106	106	1	5	409ac928739c	DROP	banner		0				0
tools/fix-ovmf-enrollment.sh	1	2	2	25	a8693a7bf2b3	STAY	ai-header		0				0
tools/fix-ovmf-enrollment.sh	88	88	1	3	3eb60627a569	DROP	commented-out-code		0				0
tools/fix-secureboot-now.sh	1	2	2	29	78ec5bd65ce2	STAY	ai-header		0				0
tools/fix-token-input.ps1	1	2	2	28	95c7fd892202	STAY	ai-header		0				0
tools/fix-token-input.ps1	3	3	1	0	e3b0c44298fc	STAY	inline-scoped		0				0
tools/fix-token-input.ps1	10	10	1	5	470065e7622d	STAY	inline-scoped		0				0
tools/fix-token-input.ps1	12	12	1	0	62b67e1f685b	DROP	banner		0				0
tools/fix-token-input.ps1	22	22	1	8	36c052c1cf57	STAY	local-scoped		0				0
tools/fix-token-input.ps1	38	38	1	8	b4fda12eb5b2	STAY	local-scoped		0				0
tools/fix-token-input.ps1	48	48	1	4	1681a6e8bd94	STAY	inline-scoped		0				0
tools/fix-token-input.ps1	52	52	1	5	d81cd945a3cb	STAY	local-scoped		0				0
tools/gen-pipe-boundary-manifest.py	1	2	2	13	6e3065eaac73	STAY	ai-header		0				0
tools/generate-adr-index.py	1	3	3	17	92fbc5028174	STAY	ai-header		0				0
tools/generate-adr-index.py	4	4	1	10	da66520f988b	STAY	local-scoped		0				0
tools/generate-adr-index.py	16	19	4	45	709465fe86fe	STAY	midsize-why		0				0
tools/generate-ai-manifest.py	1	2	2	27	cb53cc52b7b0	STAY	ai-header		0				0
tools/generate-ai-manifest.py	10	10	1	9	3ecd13c0f82d	STAY	local-scoped		0				0
tools/generate-ai-manifest.py	203	203	1	5	913a7b1c18f9	STAY	inline-scoped		0				0
tools/generate-ai-manifest.py	212	212	1	3	e8bbcb4b036e	STAY	inline-scoped		0				0
tools/generate-ai-manifest.py	221	224	4	44	e880dae597f9	STAY	midsize-why		0				0
tools/generate-ai-manifest.py	249	251	3	21	037a2e275c16	STAY	midsize-why		0				0
tools/generate-ai-manifest.py	265	265	1	6	ac1b95f46b21	STAY	inline-scoped		0				0
tools/generate-bake-plan.py	1	1	1	2	c8a5e92d1c7b	STAY	local-scoped		0				0
tools/generate-bake-plan.py	17	17	1	2	23c73b0535ee	STAY	inline-scoped		0				0
tools/generate-bake-plan.py	18	18	1	2	652a73c43ff5	STAY	inline-scoped		0				0
tools/generate-bake-plan.py	46	46	1	3	59c243773769	STAY	inline-scoped		0				0
tools/generate-bake-plan.py	52	56	5	58	f57f9de0e9d3	STAY	midsize-why		0				0
tools/generate-bake-plan.py	131	133	3	35	08d88548d9fa	STAY	midsize-why		0				0
tools/generate-bib-configs.py	1	1	1	2	c8a5e92d1c7b	STAY	local-scoped		0				0
tools/generate-bib-configs.py	2	5	3	11	12838b1f5eb7	STAY	midsize-why		0				0
tools/generate-blade-dropins.py	1	3	3	22	8814afc3824d	STAY	ai-header		0				0
tools/generate-blade-dropins.py	9	9	1	2	23c73b0535ee	STAY	inline-scoped		0				0
tools/generate-blade-dropins.py	10	10	1	2	652a73c43ff5	STAY	inline-scoped		0				0
tools/generate-blade-karg.py	1	3	3	23	f8325d51ec15	STAY	ai-header		0				0
tools/generate-blade-karg.py	4	4	1	8	5a8d72e4defc	STAY	local-scoped		0				0
tools/generate-blade-karg.py	11	11	1	5	0afcda800e58	STAY	inline-scoped		0				0
tools/generate-blade-karg.py	12	12	1	2	652a73c43ff5	STAY	inline-scoped		0				0
tools/generate-blade-karg.py	26	26	1	11	f9ae385c797b	STAY	local-scoped		0				0
tools/generate-cargo-manifests.py	1	2	2	12	4bc45a8d8967	STAY	ai-header		0				0
tools/generate-cockpit-conf.py	1	2	2	8	de2f4985f6fd	STAY	ai-header		0				0
tools/generate-cosign-policy.py	1	2	2	9	422cbfd95d33	STAY	ai-header		0				0
tools/generate-egress-firewall.py	1	3	3	15	d2245707de03	STAY	ai-header		0				0
tools/generate-egress-firewall.py	11	11	1	2	23c73b0535ee	STAY	inline-scoped		0				0
tools/generate-egress-firewall.py	12	12	1	2	652a73c43ff5	STAY	inline-scoped		0				0
tools/generate-egress-firewall.py	23	23	1	12	7395214bdf84	STAY	local-scoped		0				0
tools/generate-gate-index.py	1	1	1	2	c8a5e92d1c7b	STAY	local-scoped		0				0
tools/generate-gate-index.py	2	6	4	16	df309fff5f2b	STAY	midsize-why		0				0
tools/generate-ipa-enroll-env.py	1	2	2	9	825f691a777a	STAY	ai-header		0				0
tools/generate-k3s-manifests.sh	1	4	4	22	a17bc66db646	STAY	ai-header		0				0
tools/generate-k3s-manifests.sh	14	14	1	32	32f0ee00c75e	STAY	inline-scoped		0				0
tools/generate-k3s-manifests.sh	15	15	1	6	257c6937d527	STAY	inline-scoped		0				0
tools/generate-k3s-manifests.sh	30	30	1	4	bbf39936c1f8	STAY	inline-scoped		0				0
tools/generate-k3s-manifests.sh	45	45	1	4	4306c17a989d	STAY	inline-scoped		0				0
tools/generate-manual.py	1	3	3	27	f3d544f03e34	STAY	ai-header		0				0
tools/generate-mini-vs-hosted.py	1	3	3	9	be7e5c889865	STAY	ai-header		0				0
tools/generate-mini-vs-hosted.py	4	4	1	10	94993acbc0ef	STAY	local-scoped		0				0
tools/generate-mini-vs-hosted.py	11	11	1	5	0afcda800e58	STAY	inline-scoped		0				0
tools/generate-mini-vs-hosted.py	12	12	1	2	652a73c43ff5	STAY	inline-scoped		0				0
tools/generate-mini-vs-hosted.py	25	26	2	26	4b52ca6e7b65	STAY	midsize-why		0				0
tools/generate-mini-vs-hosted.py	49	50	2	18	05bf0fe16f2a	STAY	local-scoped		0				0
tools/generate-mini-vs-hosted.py	69	70	2	20	0ac19e37f0f6	STAY	local-scoped		0				0
tools/generate-mini-vs-hosted.py	96	97	2	15	be15dc1b3955	STAY	local-scoped		0				0
tools/generate-mini-vs-hosted.py	113	113	1	7	604ac3947328	STAY	local-scoped		0				0
tools/generate-mini-vs-hosted.py	131	131	1	13	434ed84f0f6e	STAY	local-scoped		0				0
tools/generate-mini-vs-hosted.py	142	142	1	9	80d79810cf27	STAY	local-scoped		0				0
tools/generate-mini-vs-hosted.py	160	161	2	23	728fe6f09090	STAY	local-scoped		0				0
tools/generate-mini-vs-hosted.py	172	173	2	14	1ddf0eed8f50	STAY	local-scoped		0				0
tools/generate-mini-vs-hosted.py	330	331	2	22	2520aa7c4fea	STAY	local-scoped		0				0
tools/generate-names-registry.py	1	1	1	2	c8a5e92d1c7b	STAY	local-scoped		0				0
tools/generate-names-registry.py	67	69	3	31	1b5be8feba4e	STAY	midsize-why		0				0
tools/generate-names-registry.py	71	72	2	17	54db87f1b341	STAY	local-scoped		0				0
tools/generate-pipeline-index.py	1	1	1	2	c8a5e92d1c7b	STAY	local-scoped		0				0
tools/generate-pod-quadlets.py	1	3	3	16	537f06ef1c5b	STAY	ai-header		0				0
tools/generate-pod-quadlets.py	13	17	5	54	bdecb32780c9	STAY	midsize-why		0				0
tools/generate-pod-quadlets.py	78	78	1	2	23c73b0535ee	STAY	inline-scoped		0				0
tools/generate-pod-quadlets.py	79	79	1	2	652a73c43ff5	STAY	inline-scoped		0				0
tools/generate-pod-quadlets.py	87	88	2	20	be28cc5f614b	STAY	local-scoped		0				0
tools/generate-pod-quadlets.py	93	94	2	21	9812d22a330b	STAY	local-scoped		0				0
tools/generate-pod-quadlets.py	129	132	4	38	d5d6959aee94	STAY	midsize-why		0				0
tools/generate-uki-cmdline.py	1	2	2	10	c3b26988ead2	STAY	ai-header		0				0
tools/get-secureboot-ovmf.sh	1	2	2	27	1b7642aba093	STAY	ai-header		0				0
tools/get-secureboot-ovmf.sh	120	120	1	3	d7c664a422a5	DROP	commented-out-code		0				0
tools/get-secureboot-ovmf.sh	199	199	1	3	d7c664a422a5	DROP	commented-out-code		0				0
tools/install.sh	1	3	3	24	6ffd9bf647a7	STAY	ai-header		0				0
tools/install.sh	27	27	1	3	1ce5f02a6f9f	STAY	inline-scoped		0				0
tools/journal-sync.py	1	2	2	29	ad86c60e3fbb	STAY	ai-header		0				0
tools/lib/generate-build-scripts.py	1	3	3	27	e1ac346331b5	STAY	ai-header		0				0
tools/lib/generate-build-scripts.py	13	13	1	7	9602b635f0ef	STAY	inline-scoped		0				0
tools/lib/generate-build-scripts.py	49	49	1	2	ed54cd3dd1a0	STAY	inline-scoped		0				0
tools/lib/generate-build-scripts.py	77	77	1	9	92c522e9076a	STAY	local-scoped		0				0
tools/lib/generate-build-scripts.py	83	83	1	5	31af15f426b1	STAY	inline-scoped		0				0
tools/lib/generate-sbom.py	1	3	3	23	af868ccf5ccb	STAY	ai-header		0				0
tools/lib/generate-sbom.py	158	158	1	2	f7093025dd61	DROP	banner		0				0
tools/lib/generate-sbom.py	160	160	1	2	652a73c43ff5	STAY	inline-scoped		0				0
tools/lib/install-env.ps1	1	2	2	27	04cb24bd0d67	STAY	ai-header		0				0
tools/lib/install-env.ps1	15	17	3	30	baaaa6e87f18	STAY	midsize-why		0				0
tools/lib/install-env.ps1	24	24	1	12	2b9474eb6b5c	STAY	local-scoped		0				0
tools/lib/install-env.ps1	28	31	4	39	3bf3711e6bb9	STAY	midsize-why		0				0
tools/lib/install-env.ps1	33	33	1	7	6b51e922d903	STAY	inline-scoped		0				0
tools/lib/install-env.ps1	34	34	1	4	f5c79ff9e453	STAY	inline-scoped		0				0
tools/lib/install-env.ps1	35	35	1	2	037c9e244c1d	STAY	inline-scoped		0				0
tools/lib/install-env.ps1	36	36	1	3	ac714361580c	STAY	inline-scoped		0				0
tools/lib/install-env.ps1	46	47	2	26	8ba6c76b050b	STAY	midsize-why		0				0
tools/lib/install-env.ps1	54	55	2	21	8b87a301c865	STAY	local-scoped		0				0
tools/lib/path-refactor.py	1	3	3	22	fed871b48004	STAY	ai-header		0				0
tools/lib/quote-mios.py	1	3	3	29	43cb6745d072	STAY	ai-header		0				0
tools/lib/quote-mios.py	26	26	1	5	3199a326228d	STAY	local-scoped		0				0
tools/lib/userenv.sh	1	3	3	27	9a27d77790cc	STAY	ai-header		0				0
tools/lib/userenv.sh	26	26	1	7	f6170cade9d9	STAY	local-scoped		0				0
tools/lib/userenv.sh	41	41	1	4	fa00558fccc4	STAY	local-scoped		0				0
tools/lib/userenv.sh	49	49	1	5	978f6a2b1664	STAY	local-scoped		0				0
tools/lib/userenv.sh	109	109	1	6	e8febde2fd74	STAY	inline-scoped		0				0
tools/log-to-bootstrap.sh	1	3	3	27	b7320297fc75	STAY	ai-header		0				0
tools/mios-overlay.sh	1	4	4	37	7505e03a85f7	STAY	ai-header		0				0
tools/mios-sysext-pack.sh	1	3	3	26	7b05607d03cd	STAY	ai-header		0				0
tools/mios-sysext-pack.sh	12	12	1	4	f54205d690b4	STAY	inline-scoped		0				0
tools/mios-upstream-monitor.sh	1	3	3	31	a105c05f6948	STAY	ai-header		0				0
tools/mios-upstream-monitor.sh	45	45	1	2	888a2c18ceff	DROP	banner		0				0
tools/native/.cargo/config.toml	1	1	1	7	9fae6ec841d2	STAY	ai-header		0				0
tools/native/Cargo.toml	1	1	1	11	15154034aab4	STAY	ai-header		0				0
tools/native/deny.toml	1	2	2	12	15892284c12c	STAY	ai-header		0				0
tools/native/generate-names-registry/Cargo.toml	1	1	1	8	648d11821194	STAY	ai-header		0				0
tools/native/generate-names-registry/src/main.rs	1	1	1	9	b5a77632845a	STAY	ai-header		0				0
tools/native/generate-names-registry/src/main.rs	105	105	1	3	d124ddfb4250	STAY	local-scoped		0				0
tools/native/mios-aiplane-lint/Cargo.toml	1	1	1	9	4efb79a134f6	STAY	ai-header		0				0
tools/native/mios-aiplane-lint/src/main.rs	1	1	1	12	71ae1424deea	STAY	ai-header		0				0
tools/native/mios-bake-plan/Cargo.toml	1	1	1	7	8bae9675dc26	STAY	ai-header		0				0
tools/native/mios-bake-plan/src/main.rs	1	1	1	15	99d4acc4e5fd	STAY	ai-header		0				0
tools/native/mios-comment-lex/Cargo.toml	1	1	1	11	5069a5ba4158	STAY	ai-header		0				0
tools/native/mios-comment-lex/src/main.rs	1	1	1	11	95c2168078b1	STAY	ai-header		0				0
tools/native/mios-comment-lex/src/main.rs	12	12	1	3	da7780dd97bf	STAY	local-scoped		0				0
tools/native/mios-comment-lex/src/main.rs	16	16	1	3	a8ced5037c20	STAY	local-scoped		0				0
tools/native/mios-comment-lex/src/main.rs	59	59	1	0	8a331fdde703	DROP	banner		0				0
tools/native/mios-comment-lex/src/main.rs	68	68	1	2	3b4341818181	DROP	commented-out-code		0				0
tools/native/mios-comment-lex/src/main.rs	128	128	1	2	3b4341818181	DROP	commented-out-code		0				0
tools/native/mios-comment-lex/src/main.rs	198	198	1	5	98af980d324f	STAY	inline-scoped		0				0
tools/native/mios-drift-runner/Cargo.toml	1	2	2	13	67d25df14034	STAY	ai-header		0				0
tools/native/mios-drift-runner/src/main.rs	1	2	2	19	482ec1f80319	STAY	ai-header		0				0
tools/native/mios-resolver/Cargo.toml	1	2	2	22	71013faeff41	STAY	ai-header		0				0
tools/native/mios-resolver/src/aliases.rs	1	2	2	20	a492eee19209	STAY	ai-header		0				0
tools/native/mios-resolver/src/aliases.rs	217	217	1	5	6e392ef823c2	STAY	local-scoped		0				0
tools/native/mios-resolver/src/aliases.rs	278	278	1	3	281bd30a0bd6	STAY	local-scoped		0				0
tools/native/mios-resolver/src/db_overlay.rs	1	2	2	18	ed211ff3ccec	STAY	ai-header		0				0
tools/native/mios-resolver/src/db_overlay.rs	13	13	1	15	71af84aafb38	STAY	local-scoped		0				0
tools/native/mios-resolver/src/emit.rs	1	2	2	18	b393dc7113d0	STAY	ai-header		0				0
tools/native/mios-resolver/src/emit.rs	34	34	1	3	e9e371bfdd54	STAY	local-scoped		0				0
tools/native/mios-resolver/src/emit.rs	65	65	1	1	04ab30d91100	STAY	inline-scoped		0				0
tools/native/mios-resolver/src/emit.rs	72	72	1	2	62670c137a54	DROP	banner		0				0
tools/native/mios-resolver/src/emit.rs	73	73	1	1	6c7cbc301f91	STAY	inline-scoped		0				0
tools/native/mios-resolver/src/emit_install_env.rs	1	2	2	17	7471c6293f7a	STAY	ai-header		0				0
tools/native/mios-resolver/src/emit_json.rs	1	2	2	22	0754d09b01b2	STAY	ai-header		0				0
tools/native/mios-resolver/src/emit_ps.rs	1	2	2	18	b0843734fb7a	STAY	ai-header		0				0
tools/native/mios-resolver/src/emit_shell.rs	1	2	2	19	20f8c04ea1fb	STAY	ai-header		0				0
tools/native/mios-resolver/src/emit_shell.rs	25	25	1	5	2b8123aa4fe0	STAY	local-scoped		0				0
tools/native/mios-resolver/src/emit_shell.rs	60	60	1	3	190504696cae	STAY	local-scoped		0				0
tools/native/mios-resolver/src/error.rs	1	2	2	22	bdf9e0bfaf60	STAY	ai-header		0				0
tools/native/mios-resolver/src/layers.rs	1	2	2	23	22f187317b89	STAY	ai-header		0				0
tools/native/mios-resolver/src/layers.rs	76	78	3	24	88be67c90449	STAY	midsize-why		0				0
tools/native/mios-resolver/src/lib.rs	1	2	2	19	3563417530a8	STAY	ai-header		0				0
tools/native/mios-resolver/src/main.rs	1	2	2	22	6335f27798db	STAY	ai-header		0				0
tools/native/mios-resolver/src/main.rs	34	35	2	19	7d3cb73b5815	STAY	local-scoped		0				0
tools/native/mios-resolver/src/main.rs	79	79	1	8	0929d171b6a8	STAY	local-scoped		0				0
tools/native/mios-resolver/src/main.rs	82	83	2	19	39733b030890	STAY	local-scoped		0				0
tools/native/mios-resolver/src/merge.rs	3	6	4	36	2d90ed4227a9	STAY	midsize-why		0				0
tools/native/mios-resolver/src/model.rs	1	2	2	17	a418cbfc2a66	STAY	ai-header		0				0
tools/native/mios-resolver/src/palette.rs	1	2	2	20	d59b6d54caeb	STAY	ai-header		0				0
tools/native/mios-resolver/src/ports.rs	93	93	1	10	df57f5896db0	STAY	local-scoped		0				0
tools/native/mios-resolver/src/ports.rs	108	108	1	6	69e1ea5d2954	STAY	local-scoped		0				0
tools/native/mios-resolver/src/walk.rs	3	4	2	17	6ca62c4a714b	STAY	local-scoped		0				0
tools/native/mios-resolver/src/walk.rs	36	37	2	15	cce3545f2820	STAY	local-scoped		0				0
tools/native/mios-resolver/src/walk.rs	55	59	5	27	5aba529b80e3	STAY	midsize-why		0				0
tools/native/mios-resolver/src/walk.rs	114	117	4	31	8964f725599e	STAY	midsize-why		0				0
tools/native/mios-resolver/src/walk.rs	162	162	1	2	6f22bfeea3ba	STAY	inline-scoped		0				0
tools/native/mios-resolver/src/walk.rs	163	163	1	2	9bf9d98fda0f	STAY	inline-scoped		0				0
tools/native/mios-resolver/tests/cli.rs	1	2	2	12	dd5c0db7aeaa	STAY	ai-header		0				0
tools/native/mios-resolver/tests/cli.rs	16	19	4	31	ffc4b049346d	STAY	midsize-why		0				0
tools/native/mios-resolver/tests/differential.rs	1	2	2	19	96b9467900a5	STAY	ai-header		0				0
tools/native/mios-resolver/tests/fixtures/vendor_host.toml	1	1	1	9	247f37e341c0	STAY	ai-header		0				0
tools/native/mios-resolver/tests/fixtures/vendor_only.toml	1	1	1	9	71bf214ceb1b	STAY	ai-header		0				0
tools/native/mios-ssot-lint/Cargo.toml	1	1	1	15	ecbe5b8a56fe	STAY	ai-header		0				0
tools/native/mios-ssot-lint/Cargo.toml	8	8	1	7	4a35b6dccddb	STAY	local-scoped		0				0
tools/native/mios-ssot-lint/src/main.rs	1	2	2	6	b34530786091	STAY	local-scoped		0				0
tools/native/mios-ssot-lint/src/main.rs	58	58	1	3	a7a2bbdea565	STAY	inline-scoped		0				0
tools/native/mios-ssot-lint/src/main.rs	60	60	1	4	4401dc7c9cd7	STAY	inline-scoped		0				0
tools/native/mios-ssot-lint/src/main.rs	97	97	1	10	ce4761fd8d4b	STAY	local-scoped		0				0
tools/native/mios-ssot-lint/src/main.rs	118	118	1	8	005dbc612045	STAY	local-scoped		0				0
tools/native/mios-ssot-lint/src/main.rs	132	132	1	10	da64c2f58e17	STAY	local-scoped		0				0
tools/native/mios-ssot-walk/Cargo.toml	1	1	1	7	f8aeced30fec	STAY	ai-header		0				0
tools/native/mios-ssot-walk/src/lib.rs	1	1	1	10	2ff3ec172a54	STAY	ai-header		0				0
tools/native/mios-template-compile/Cargo.toml	1	1	1	9	eda1775defd2	STAY	ai-header		0				0
tools/native/mios-template-compile/src/main.rs	1	2	2	11	f79224a6024b	STAY	ai-header		0				0
tools/native/mios-template-compile/src/main.rs	88	88	1	10	2e9a0e129498	STAY	local-scoped		0				0
tools/native/mios-template-conform/Cargo.toml	1	1	1	9	1abc478daea5	STAY	ai-header		0				0
tools/native/mios-template-conform/src/main.rs	1	2	2	11	5dd125ef64f6	STAY	ai-header		0				0
tools/native/mios-unit-gen/Cargo.toml	1	1	1	17	3f03fa7b90fc	STAY	ai-header		0				0
tools/native/mios-unit-gen/src/lib.rs	1	1	1	8	580e2c983b73	STAY	local-scoped		0				0
tools/native/mios-unit-gen/src/lib.rs	35	35	1	13	3235fe49c2dd	STAY	local-scoped		0				0
tools/native/mios-unit-gen/src/lib.rs	62	64	3	18	5180ff1bb16c	STAY	midsize-why		0				0
tools/native/mios-unit-gen/src/lib.rs	68	70	3	23	2353ffa8a174	STAY	midsize-why		0				0
tools/native/mios-unit-gen/src/lib.rs	99	100	2	14	b72e5fd53449	STAY	local-scoped		0				0
tools/native/mios-unit-gen/src/lib.rs	114	116	3	18	c78fb5770e26	STAY	midsize-why		0				0
tools/native/mios-unit-gen/src/lib.rs	130	132	3	29	14599a407d1a	STAY	midsize-why		0				0
tools/native/mios-unit-gen/src/lib.rs	141	141	1	8	03f798e1a921	STAY	local-scoped		0				0
tools/native/mios-unit-gen/src/lib.rs	144	144	1	8	39ae6554b6df	STAY	local-scoped		0				0
tools/native/mios-unit-gen/src/lib.rs	146	146	1	10	097ef588f0b8	STAY	local-scoped		0				0
tools/native/mios-unit-gen/src/lib.rs	148	148	1	10	1b43d1b0b1f0	STAY	local-scoped		0				0
tools/native/mios-unit-gen/src/lib.rs	150	150	1	10	47903b89642f	STAY	local-scoped		0				0
tools/native/mios-unit-gen/src/lib.rs	158	162	5	48	c39804ecc3d2	STAY	midsize-why		0				0
tools/native/mios-unit-gen/src/lib.rs	197	197	1	14	81b5ea2dcbc4	STAY	local-scoped		0				0
tools/native/mios-unit-gen/src/lib.rs	228	229	2	21	289e5ff81d14	STAY	local-scoped		0				0
tools/native/mios-unit-gen/src/lib.rs	257	258	2	23	a981d9cabe81	STAY	local-scoped		0				0
tools/native/mios-unit-gen/src/lib.rs	274	276	3	38	d71e57f4a92c	STAY	midsize-why		0				0
tools/native/mios-unit-gen/src/lib.rs	299	300	2	27	1a315bf76008	STAY	midsize-why		0				0
tools/native/mios-unit-gen/src/lib.rs	315	315	1	14	25b6f5d51dd5	STAY	local-scoped		0				0
tools/native/mios-unit-gen/src/lib.rs	329	330	2	19	25f44a611e52	STAY	local-scoped		0				0
tools/native/mios-unit-gen/src/main.rs	6	8	3	37	7f583649d9d5	STAY	midsize-why		0				0
tools/native/mios-unit-gen/src/main.rs	36	37	2	22	106d58f93e54	STAY	local-scoped		0				0
tools/native/mios-unit-gen/src/main.rs	57	58	2	23	be45e513ee99	STAY	local-scoped		0				0
tools/native/mios-unit-gen/src/main.rs	69	70	2	23	03468a39cdc0	STAY	local-scoped		0				0
tools/native/mios-unit-gen/tests/projection.rs	1	5	5	52	52c1af4d140f	STAY	midsize-why		0				0
tools/native/mios-unit-gen/tests/projection.rs	55	56	2	23	17b773fc45cc	STAY	local-scoped		0				0
tools/native/mios-version-check/src/main.rs	1	2	2	23	bf1dc3d0f871	STAY	ai-header		0				0
tools/native/mios-wallpaperd/Cargo.toml	1	2	2	20	f95997201b00	STAY	ai-header		0				0
tools/native/mios-wallpaperd/src/guiwatch.rs	44	44	1	5	ba303858ac90	STAY	inline-scoped		0				0
tools/native/mios-wallpaperd/src/host.rs	1	4	4	57	4785bd7c4508	STAY	midsize-why		0				0
tools/native/mios-wallpaperd/src/host.rs	16	16	1	11	9296868d371a	STAY	local-scoped		0				0
tools/native/mios-wallpaperd/src/host.rs	38	38	1	14	102378bbd049	STAY	local-scoped		0				0
tools/native/mios-wallpaperd/src/host.rs	44	44	1	8	9d5371d8af1d	STAY	local-scoped		0				0
tools/native/mios-wallpaperd/src/host.rs	52	52	1	15	b1034249675d	STAY	local-scoped		0				0
tools/native/mios-wallpaperd/src/main.rs	1	13	13	129	0d6d907a715f	MIGRATE	narrative-history		0				0
tools/native/mios-wallpaperd/src/main.rs	14	14	1	4	16ce0c56899f	STAY	inline-scoped		0				0
tools/native/mios-wallpaperd/src/main.rs	26	27	2	26	64a434ea616f	STAY	midsize-why		0				0
tools/native/mios-wallpaperd/src/main.rs	30	30	1	1	9578784d141a	DROP	commented-out-code		0				0
tools/native/mios-wallpaperd/src/main.rs	37	37	1	11	328e7b181147	STAY	local-scoped		0				0
tools/native/mios-wallpaperd/src/main.rs	40	41	2	26	ea17245b7cd1	STAY	midsize-why		0				0
tools/native/mios-wallpaperd/src/main.rs	48	49	2	33	158bb4c4f29c	STAY	midsize-why		0				0
tools/native/mios-wallpaperd/src/main.rs	93	93	1	13	7d7faeb77201	STAY	local-scoped		0				0
tools/native/mios-wallpaperd/src/main.rs	109	110	2	25	a4dddcf8c06f	STAY	local-scoped		0				0
tools/native/mios-wallpaperd/src/main.rs	149	149	1	6	dc4bf9386a7a	STAY	inline-scoped		0				0
tools/native/mios-wallpaperd/src/main.rs	190	190	1	10	71c5f8780501	STAY	local-scoped		0				0
tools/native/mios-wallpaperd/src/main.rs	223	223	1	14	3caff6c3f66f	STAY	local-scoped		0				0
tools/native/mios-wallpaperd/src/workerw.rs	1	3	3	43	2dd9d44aa39d	STAY	midsize-why		0				0
tools/native/mios-wallpaperd/src/workerw.rs	13	13	1	10	6dcdf58a7c34	STAY	local-scoped		0				0
tools/native/mios-wallpaperd/src/workerw.rs	25	25	1	8	712154f65820	STAY	local-scoped		0				0
tools/native/mios-wallpaperd/src/workerw.rs	32	33	2	23	e846dd19db00	STAY	local-scoped		0				0
tools/native/mios-wallpaperd/src/workerw.rs	50	50	1	2	b024b8bfe668	STAY	inline-scoped		0				0
tools/native/xtask/Cargo.toml	1	2	2	15	aba60ed75a18	STAY	ai-header		0				0
tools/native/xtask/src/main.rs	1	2	2	14	6f539d8754c7	STAY	ai-header		0				0
tools/pipe-parity-check.py	1	2	2	13	c7d4fa5040b4	STAY	ai-header		0				0
tools/pipe-parity-check.py	3	3	1	9	fb9f64273bb8	STAY	local-scoped		0				0
tools/pipe-parity-check.py	17	17	1	7	6953809d8c36	STAY	local-scoped		0				0
tools/pipe-parity-check.py	44	44	1	8	72f4c5369a2b	STAY	local-scoped		0				0
tools/preflight.sh	1	3	3	30	126e4d7de904	STAY	ai-header		0				0
tools/profile-compare.sh	1	3	3	26	97e32e56ed4f	STAY	ai-header		0				0
tools/profile-compare.sh	78	78	1	3	90199b199df7	STAY	inline-scoped		0				0
tools/provision-agent-mtls.py	1	3	3	18	3d25d1d413bb	STAY	ai-header		0				0
tools/provision-agent-mtls.py	4	19	15	126	1655be81ab25	MIGRATE	narrative-rationale		0				0
tools/provision-agent-mtls.py	33	33	1	2	652a73c43ff5	STAY	inline-scoped		0				0
tools/provision-agent-mtls.py	70	70	1	13	c2475d54af32	STAY	local-scoped		0				0
tools/provision-agent-mtls.py	104	104	1	11	7009b108b292	STAY	local-scoped		0				0
tools/provision-agent-mtls.py	134	134	1	2	458f7e85be09	STAY	inline-scoped		0				0
tools/refresh-env.py	1	2	2	24	0a0f223a3072	STAY	ai-header		0				0
tools/refresh-flatpak-shortcuts.ps1	1	2	2	27	67a30505b330	STAY	ai-header		0				0
tools/refresh-flatpak-shortcuts.ps1	20	20	1	7	1b6cfc2298b6	STAY	local-scoped		0				0
tools/refresh-flatpak-shortcuts.ps1	30	30	1	15	c724b7f1cd84	STAY	local-scoped		0				0
tools/refresh-flatpak-shortcuts.ps1	36	36	1	6	24c57657c344	STAY	local-scoped		0				0
tools/refresh-flatpak-shortcuts.ps1	39	40	2	18	8aa75f13aef3	STAY	local-scoped		0				0
tools/refresh-flatpak-shortcuts.ps1	46	46	1	9	2fbc5264329c	STAY	local-scoped		0				0
tools/refresh-flatpak-shortcuts.ps1	52	52	1	9	dccdfd72431b	STAY	local-scoped		0				0
tools/refresh-flatpak-shortcuts.ps1	59	59	1	11	7100eb870582	STAY	local-scoped		0				0
tools/refresh-flatpak-shortcuts.ps1	76	76	1	12	237fa6432213	STAY	local-scoped		0				0
tools/refresh-flatpak-shortcuts.ps1	79	79	1	13	6d2d53af7846	STAY	local-scoped		0				0
tools/render-desktop.py	1	3	3	24	eb994ae00f97	STAY	ai-header		0				0
tools/render-desktop.py	4	9	5	24	6862f42e1f1d	STAY	midsize-why		0				0
tools/render-desktop.py	22	22	1	2	652a73c43ff5	STAY	inline-scoped		0				0
tools/render-desktop.py	106	108	3	34	51c718f83216	STAY	midsize-why		0				0
tools/render-globals.py	1	3	3	22	fa483acc9492	STAY	ai-header		0				0
tools/render-globals.py	4	19	15	107	a14177eaae8b	MIGRATE	narrative-history		0				0
tools/render-globals.py	31	31	1	2	8fd01c634ab8	STAY	inline-scoped		0				0
tools/render-globals.py	36	36	1	13	89c2ffab3de0	STAY	local-scoped		0				0
tools/render-globals.py	41	41	1	7	199c8b8812ad	STAY	local-scoped		0				0
tools/render-globals.py	46	46	1	9	f774e51256d4	STAY	local-scoped		0				0
tools/render-globals.py	51	51	1	9	10632cfefc8b	STAY	local-scoped		0				0
tools/render-globals.py	62	65	4	35	f4a632a89cb7	STAY	midsize-why		0				0
tools/render-globals.py	83	87	5	43	d5d7331ecdf9	STAY	midsize-why		0				0
tools/render-globals.py	95	95	1	9	516bc038307a	STAY	local-scoped		0				0
tools/render-globals.py	125	125	1	12	f5d1e0edb806	STAY	local-scoped		0				0
tools/render-globals.py	159	160	2	17	ffe192593319	STAY	local-scoped		0				0
tools/render-globals.py	214	215	2	19	64f276799ead	STAY	local-scoped		0				0
tools/render-globals.py	230	230	1	8	560ab7525bb0	STAY	local-scoped		0				0
tools/render-globals.py	235	242	8	53	e7e3421e3913	MIGRATE	narrative-rationale		0				0
tools/render-globals.py	244	246	3	36	ea6d3604444b	MIGRATE	midsize-narrative		0				0
tools/render-globals.py	252	252	1	11	5de0b9e74430	STAY	local-scoped		0				0
tools/render-globals.py	266	267	2	19	f792e9391825	STAY	local-scoped		0				0
tools/render-globals.py	272	275	4	38	e2afa2eb3d30	STAY	midsize-why		0				0
tools/render-globals.py	289	289	1	8	f94c46776fc9	STAY	local-scoped		0				0
tools/render-globals.py	331	334	4	41	30bfd8d8dd9b	STAY	midsize-why		0				0
tools/render-globals.py	338	338	1	2	1ba300c69641	STAY	inline-scoped		0				0
tools/render-ports.py	1	3	3	27	dcb69b264f1f	STAY	ai-header		0				0
tools/render-ports.py	4	17	13	73	11affdf550ad	MIGRATE	narrative-rationale		0				0
tools/render-ports.py	26	26	1	2	23c73b0535ee	STAY	inline-scoped		0				0
tools/render-ports.py	27	27	1	2	652a73c43ff5	STAY	inline-scoped		0				0
tools/render-ports.py	39	44	6	37	8f8b661954a5	MIGRATE	narrative-rationale		0				0
tools/render-ports.py	52	53	2	21	cb8e9394fac0	STAY	local-scoped		0				0
tools/render-ports.py	63	63	1	9	892cca025a7e	STAY	local-scoped		0				0
tools/render-ports.py	73	74	2	12	a4dc45176cb1	STAY	local-scoped		0				0
tools/render-ports.py	80	80	1	8	cd2d64f64a87	STAY	local-scoped		0				0
tools/render-ports.py	87	87	1	8	edf9d7e20a7a	STAY	inline-scoped		0				0
tools/render-ports.py	105	105	1	7	856977f1f093	STAY	local-scoped		0				0
tools/render-ports.py	114	114	1	6	7bb83f5e3858	STAY	local-scoped		0				0
tools/render-ports.py	126	126	1	9	61ba9a409904	STAY	local-scoped		0				0
tools/render-ports.py	140	141	2	16	bba13099e92d	STAY	local-scoped		0				0
tools/render-ports.py	162	162	1	11	0eb48354e82f	STAY	local-scoped		0				0
tools/render-ports.py	175	175	1	8	a41234748707	STAY	local-scoped		0				0
tools/render-ports.py	179	180	2	26	3b978d537a18	STAY	midsize-why		0				0
tools/render-ports.py	200	202	3	29	8d84ef72541b	MIGRATE	midsize-narrative		0				0
tools/render-ports.py	250	251	2	21	bfbff0bacab0	STAY	local-scoped		0				0
tools/render-ports.py	269	269	1	7	ce4297b47888	STAY	local-scoped		0				0
tools/roadmap-index.py	1	1	1	2	c8a5e92d1c7b	STAY	local-scoped		0				0
tools/roadmap-index.py	12	12	1	2	23c73b0535ee	STAY	inline-scoped		0				0
tools/roadmap-index.py	13	13	1	2	652a73c43ff5	STAY	inline-scoped		0				0
tools/roadmap-index.py	192	193	2	29	496bea7f53df	STAY	midsize-why		0				0
tools/rtx4090-vfio-configurator.sh	1	3	3	23	e284689fd16c	STAY	ai-header		0				0
tools/rtx4090-vfio-configurator.sh	11	11	1	2	bd1275524ecf	DROP	banner		0				0
tools/run-agent-pipe-tests.sh	1	2	2	12	d0354fb4fa91	STAY	ai-header		0				0
tools/run-all-profilers.sh	1	3	3	22	29e40920b572	STAY	ai-header		0				0
tools/sign-powershell.ps1	1	1	1	10	28d481468769	STAY	ai-header		0				0
tools/sign-powershell.ps1	5	8	4	28	dd7ea04cf959	STAY	midsize-why		0				0
tools/sign-powershell.ps1	18	18	1	8	a4848ae63ae6	STAY	local-scoped		0				0
tools/sign-powershell.ps1	35	38	4	36	49a994854bf8	STAY	midsize-why		0				0
tools/sign-powershell.ps1	53	53	1	7	66a735b428da	STAY	local-scoped		0				0
tools/sign-powershell.ps1	70	70	1	8	e9ffb74001bb	STAY	local-scoped		0				0
tools/standardize-docs.py	1	2	2	29	62ad67996432	STAY	ai-header		0				0
tools/sync-bootstrap.py	1	3	3	25	938897ac67f6	STAY	ai-header		0				0
tools/sync-bootstrap.py	4	7	3	12	2d659e36d796	MIGRATE	midsize-narrative		0				0
tools/sync-bootstrap.py	19	19	1	3	c4eab4cecb60	STAY	inline-scoped		0				0
tools/sync-bootstrap.py	20	20	1	2	652a73c43ff5	STAY	inline-scoped		0				0
tools/sync-bootstrap.py	38	38	1	10	b70ce1dddd99	STAY	local-scoped		0				0
tools/sync-bootstrap.py	56	60	5	34	b2787db29dff	STAY	midsize-why		0				0
tools/sync-bootstrap.py	84	84	1	12	8cfc9f6a7113	STAY	local-scoped		0				0
tools/sync-bootstrap.py	138	138	1	12	75ad1ecda7fe	STAY	local-scoped		0				0
tools/sync-generated.sh	1	3	3	24	fd460f711eef	STAY	ai-header		0				0
tools/sync-generated.sh	9	22	14	124	4cf964f45b77	MIGRATE	narrative-rationale		0				0
tools/sync-generated.sh	26	26	1	10	4147b14ec471	STAY	local-scoped		0				0
tools/sync-generated.sh	44	49	6	65	7173c25c3b4b	MIGRATE	narrative-rationale		0				0
tools/sync-generated.sh	62	65	4	53	31cef5cc147e	STAY	midsize-why		0				0
tools/sync-generated.sh	99	101	3	31	2e5bb3040842	STAY	midsize-why		0				0
tools/sync-generated.sh	114	115	2	22	7865acffeeb4	STAY	local-scoped		0				0
tools/sync-generated.sh	133	135	3	31	15461f205c8d	STAY	midsize-why		0				0
tools/sync-generated.sh	138	140	3	35	b211e9d47c7a	STAY	midsize-why		0				0
tools/sync-wiki.py	1	2	2	30	3258087e0f28	STAY	ai-header		0				0
tools/sync-wiki.py	47	47	1	7	afb8bea10331	STAY	inline-scoped		0				0
tools/system-profiler.sh	1	3	3	28	eac215bef9a5	STAY	ai-header		0				0
tools/system-profiler.sh	15	15	1	2	bd1275524ecf	DROP	banner		0				0
tools/system-profiler.sh	77	77	1	4	a7a75e27c29c	STAY	inline-scoped		0				0
tools/system-profiler.sh	186	186	1	3	d39ea7cd6503	STAY	inline-scoped		0				0
tools/system-profiler.sh	188	188	1	0	94e220b2522b	DROP	banner		0				0
tools/system-profiler.sh	570	570	1	3	a7324a0ba198	DROP	banner		0				0
tools/system-profiler.sh	571	571	1	1	bf54cc0e3ed0	DROP	banner		0				0
tools/system-profiler.sh	572	572	1	1	34f86dbb5a48	DROP	banner		0				0
tools/test_audit_version_literals.py	1	3	3	21	6ce3c237de84	STAY	ai-header		0				0
tools/test_check-blade-coverage.py	1	3	3	9	ccbc4024992d	STAY	ai-header		0				0
tools/test_check-blade-coverage.py	4	4	1	6	4f401d3fd0c0	STAY	local-scoped		0				0
tools/test_check-blade-coverage.py	12	13	2	22	f216b94e925b	STAY	local-scoped		0				0
tools/test_check-blade-coverage.py	20	20	1	3	c4eab4cecb60	STAY	inline-scoped		0				0
tools/test_check-blade-coverage.py	21	21	1	2	652a73c43ff5	STAY	inline-scoped		0				0
tools/test_check-blade-coverage.py	96	96	1	15	e3866cbe7cb1	STAY	local-scoped		0				0
tools/test_check-blade-coverage.py	100	102	3	33	23509dd43a0e	STAY	midsize-why		0				0
tools/test_check-blade-coverage.py	111	112	2	23	b126e83f492b	STAY	local-scoped		0				0
tools/test_check-blade-coverage.py	116	116	1	5	fc2945c3adf0	STAY	inline-scoped		0				0
tools/test_check-blade-coverage.py	123	123	1	12	eb5c796a6e2c	STAY	local-scoped		0				0
tools/test_check-blade-coverage.py	127	129	3	33	477aa5e0a988	STAY	midsize-why		0				0
tools/test_check-blade-coverage.py	133	134	2	24	1a7c419beaa0	STAY	local-scoped		0				0
tools/test_check-blade-coverage.py	145	145	1	2	f027f588bb55	STAY	inline-scoped		0				0
tools/test_check-blade-coverage.py	147	147	1	2	8a13647ebcd0	STAY	inline-scoped		0				0
tools/test_check-blade-coverage.py	160	160	1	12	ada2c1d0dd23	STAY	local-scoped		0				0
tools/test_check-blade-coverage.py	194	194	1	13	d273b3a4c985	STAY	local-scoped		0				0
tools/test_check-comment-lex-equivalence.py	1	4	4	30	55cde668b437	MIGRATE_HEADER	overlong-hint		0				0
tools/test_check-comment-lex-equivalence.py	5	9	4	35	385add9fd404	MIGRATE	midsize-narrative		0				0
tools/test_check-comment-lex-equivalence.py	46	51	6	49	2a391675b742	MIGRATE	narrative-rationale		0				0
tools/test_check-comment-lex-equivalence.py	61	61	1	11	821dc270fdb6	STAY	local-scoped		0				0
tools/test_check-comment-ratchet.py	1	4	4	30	8b9c514c3446	MIGRATE_HEADER	overlong-hint		0				0
tools/test_check-comment-ratchet.py	5	9	4	35	385add9fd404	MIGRATE	midsize-narrative		0				0
tools/test_check-comment-ratchet.py	46	51	6	49	2a391675b742	MIGRATE	narrative-rationale		0				0
tools/test_check-comment-ratchet.py	61	61	1	11	821dc270fdb6	STAY	local-scoped		0				0
tools/test_check-container-names.py	1	3	3	10	ac9c478b575e	STAY	ai-header		0				0
tools/test_check-container-names.py	31	31	1	8	b4e01c619022	STAY	local-scoped		0				0
tools/test_check-credential-literals.py	1	3	3	21	63627b53ef0a	STAY	ai-header		0				0
tools/test_check-credential-literals.py	4	4	1	9	4c7af1b8aceb	STAY	local-scoped		0				0
tools/test_check-daemon-governor.py	1	3	3	23	31cd65cf1d7d	STAY	ai-header		0				0
tools/test_check-daemon-governor.py	4	4	1	11	5e5dabd04683	STAY	local-scoped		0				0
tools/test_check-doc-ratchet-monotone.py	1	4	4	30	a508215205a2	MIGRATE_HEADER	overlong-hint		0				0
tools/test_check-doc-ratchet-monotone.py	5	9	4	35	385add9fd404	MIGRATE	midsize-narrative		0				0
tools/test_check-doc-ratchet-monotone.py	46	51	6	49	2a391675b742	MIGRATE	narrative-rationale		0				0
tools/test_check-doc-ratchet-monotone.py	61	61	1	11	821dc270fdb6	STAY	local-scoped		0				0
tools/test_check-firstboot-provisioners.py	1	3	3	10	9ba56897e352	STAY	ai-header		0				0
tools/test_check-fleet-safety.py	1	3	3	97	f584b8e4e4f7	MIGRATE_HEADER	overlong-hint		0				0
tools/test_check-fleet-safety.py	4	4	1	6	1a00dc6a38ab	STAY	local-scoped		0				0
tools/test_check-fleet-safety.py	19	19	1	3	c4eab4cecb60	STAY	inline-scoped		0				0
tools/test_check-fleet-safety.py	20	20	1	2	652a73c43ff5	STAY	inline-scoped		0				0
tools/test_check-fleet-safety.py	81	81	1	12	5d4375461d40	STAY	local-scoped		0				0
tools/test_check-fleet-safety.py	86	86	1	9	bc5660dd0bfa	STAY	local-scoped		0				0
tools/test_check-fleet-safety.py	142	143	2	20	35ce7e12187a	STAY	local-scoped		0				0
tools/test_check-fleet-safety.py	196	197	2	18	33c191c7e9f1	STAY	local-scoped		0				0
tools/test_check-manual-links.py	1	3	3	28	514a6866ed9f	STAY	ai-header		0				0
tools/test_check-manual-links.py	4	4	1	12	768ae6e67084	STAY	local-scoped		0				0
tools/test_check-manual-links.py	60	61	2	19	8b59b8a627f9	STAY	local-scoped		0				0
tools/test_check-module-length.py	1	3	3	16	fb6324af0a2d	STAY	ai-header		0				0
tools/test_check-module-length.py	4	4	1	9	079b4e0dd69b	STAY	local-scoped		0				0
tools/test_check-module-length.py	31	31	1	9	a4dc93bf40f5	STAY	local-scoped		0				0
tools/test_check-module-length.py	70	70	1	12	5db030f44a36	STAY	local-scoped		0				0
tools/test_check-module-length.py	89	91	3	30	82b5e7fe9a2e	STAY	midsize-why		0				0
tools/test_check-module-length.py	101	101	1	12	ff1655abddcd	STAY	local-scoped		0				0
tools/test_check-no-generated-prose-in-resolvers.py	1	4	4	32	6b2ac73c78d9	MIGRATE_HEADER	overlong-hint		0				0
tools/test_check-no-generated-prose-in-resolvers.py	5	10	5	45	137aaeb86c7f	STAY	midsize-why		0				0
tools/test_check-node-pool.py	1	3	3	9	baadf0ce6ac7	STAY	ai-header		0				0
tools/test_check-node-pool.py	4	4	1	6	90332d866c0e	STAY	local-scoped		0				0
tools/test_check-node-pool.py	17	17	1	3	c4eab4cecb60	STAY	inline-scoped		0				0
tools/test_check-node-pool.py	18	18	1	2	652a73c43ff5	STAY	inline-scoped		0				0
tools/test_check-node-pool.py	36	36	1	7	e45b0be004bb	STAY	local-scoped		0				0
tools/test_check-node-pool.py	74	74	1	11	1c6d52a0618b	STAY	local-scoped		0				0
tools/test_check-node-pool.py	115	115	1	12	054119a3c4f0	STAY	local-scoped		0				0
tools/test_check-port-fallbacks.py	1	3	3	9	047842ae5515	STAY	ai-header		0				0
tools/test_check-port-fallbacks.py	4	4	1	5	5e34839765f8	STAY	local-scoped		0				0
tools/test_check-port-fallbacks.py	18	18	1	3	c4eab4cecb60	STAY	inline-scoped		0				0
tools/test_check-port-fallbacks.py	19	19	1	2	652a73c43ff5	STAY	inline-scoped		0				0
tools/test_check-port-fallbacks.py	44	44	1	9	3a59b9b6e16b	STAY	local-scoped		0				0
tools/test_check-port-fallbacks.py	50	52	3	24	0759322fe2cd	STAY	midsize-why		0				0
tools/test_check-port-fallbacks.py	59	60	2	25	6324fe311bc6	STAY	local-scoped		0				0
tools/test_check-port-fallbacks.py	100	100	1	13	8c4b8ae1d5ed	STAY	local-scoped		0				0
tools/test_check-port-fallbacks.py	123	123	1	11	de86decdc4f6	STAY	local-scoped		0				0
tools/test_check-ports-bound.py	1	3	3	9	c84e8a96100a	STAY	ai-header		0				0
tools/test_check-ports-bound.py	4	4	1	6	ceb96e8b766b	STAY	local-scoped		0				0
tools/test_check-ports-bound.py	17	17	1	3	c4eab4cecb60	STAY	inline-scoped		0				0
tools/test_check-ports-bound.py	18	18	1	2	652a73c43ff5	STAY	inline-scoped		0				0
tools/test_check-ports-bound.py	49	49	1	10	f86ab29af41b	STAY	local-scoped		0				0
tools/test_check-ports-bound.py	70	70	1	11	3c3f96c32889	STAY	local-scoped		0				0
tools/test_check-ports-bound.py	95	95	1	13	89876c749dca	STAY	local-scoped		0				0
tools/test_check-redact-coverage.py	1	3	3	22	b6d227546705	STAY	ai-header		0				0
tools/test_check-redact-coverage.py	4	4	1	10	48dc9edf7fbe	STAY	local-scoped		0				0
tools/test_check-role-ssot.py	1	3	3	9	59aade08fca0	STAY	ai-header		0				0
tools/test_check-role-ssot.py	4	4	1	6	97d401b572fb	STAY	local-scoped		0				0
tools/test_check-role-ssot.py	20	20	1	3	c4eab4cecb60	STAY	inline-scoped		0				0
tools/test_check-role-ssot.py	21	21	1	2	652a73c43ff5	STAY	inline-scoped		0				0
tools/test_check-role-ssot.py	27	28	2	17	e747e4f7fc2d	STAY	local-scoped		0				0
tools/test_check-role-ssot.py	36	36	1	5	484f35f4eef0	STAY	local-scoped		0				0
tools/test_check-role-ssot.py	59	59	1	11	1a20b2bf6527	STAY	local-scoped		0				0
tools/test_check-role-ssot.py	121	121	1	9	cac3597d20c7	STAY	local-scoped		0				0
tools/test_check-role-ssot.py	172	172	1	9	d76b39e8a0a2	STAY	local-scoped		0				0
tools/test_check-role-ssot.py	210	212	3	31	b7ac0bbe1a26	STAY	midsize-why		0				0
tools/test_check-role-ssot.py	224	225	2	16	c24480bd0324	STAY	local-scoped		0				0
tools/test_check-role-ssot.py	276	277	2	27	4b46045d32c6	STAY	midsize-why		0				0
tools/test_check-role-ssot.py	296	296	1	7	1d69cf6945bd	STAY	local-scoped		0				0
tools/test_check-schema-consumers.py	1	3	3	10	3a7d1246521a	STAY	ai-header		0				0
tools/test_check-schema-consumers.py	31	32	2	19	bbda5e237d16	STAY	local-scoped		0				0
tools/test_check-schema-consumers.py	97	98	2	25	ba690422dc65	STAY	local-scoped		0				0
tools/test_check-schema-consumers.py	108	110	3	28	83335777e1d2	STAY	midsize-why		0				0
tools/test_check-service-urls.py	1	3	3	9	6e735df00837	STAY	ai-header		0				0
tools/test_check-service-urls.py	4	4	1	5	a4acba38968e	STAY	local-scoped		0				0
tools/test_check-service-urls.py	18	18	1	3	c4eab4cecb60	STAY	inline-scoped		0				0
tools/test_check-service-urls.py	19	19	1	2	652a73c43ff5	STAY	inline-scoped		0				0
tools/test_check-service-urls.py	47	47	1	10	f2d7a1252493	STAY	local-scoped		0				0
tools/test_check-service-urls.py	98	99	2	23	19dc3854c492	STAY	local-scoped		0				0
tools/test_check-service-urls.py	106	106	1	10	1e5926b6d920	STAY	local-scoped		0				0
tools/test_check-service-urls.py	117	118	2	19	cac03212fd72	STAY	local-scoped		0				0
tools/test_check-service-urls.py	138	139	2	21	dfbbb5324e9b	STAY	local-scoped		0				0
tools/test_check-service-urls.py	164	165	2	16	0007a533f0fa	STAY	local-scoped		0				0
tools/test_check-ssot-consumer-keys.py	1	3	3	9	95cdcf45ad6f	STAY	ai-header		0				0
tools/test_check-ssot-consumer-keys.py	4	4	1	7	01d64c97724b	STAY	local-scoped		0				0
tools/test_check-ssot-consumer-keys.py	20	20	1	3	c4eab4cecb60	STAY	inline-scoped		0				0
tools/test_check-ssot-consumer-keys.py	21	21	1	2	652a73c43ff5	STAY	inline-scoped		0				0
tools/test_check-ssot-consumer-keys.py	25	25	1	10	3bcf768e78e2	STAY	local-scoped		0				0
tools/test_check-ssot-consumer-keys.py	73	73	1	10	8cd60776aca8	STAY	local-scoped		0				0
tools/test_check-ssot-consumer-keys.py	158	159	2	18	53f206909393	STAY	local-scoped		0				0
tools/test_check-ssot-consumer-keys.py	171	171	1	8	11d17d021105	STAY	local-scoped		0				0
tools/test_check-tasks-status-parity.py	1	3	3	10	4c2aa2e30d9e	STAY	ai-header		0				0
tools/test_check-tasks-status-parity.py	31	31	1	10	ddd5ae6e0e8b	STAY	local-scoped		0				0
tools/test_check-unit-projection.py	1	3	3	9	4f08dcb5568d	STAY	ai-header		0				0
tools/test_check-unit-projection.py	4	4	1	7	e7eb9f58dec0	STAY	local-scoped		0				0
tools/test_check-unit-projection.py	17	17	1	3	c4eab4cecb60	STAY	inline-scoped		0				0
tools/test_check-unit-projection.py	18	18	1	2	652a73c43ff5	STAY	inline-scoped		0				0
tools/test_check-unit-projection.py	20	20	1	11	960fde478629	STAY	local-scoped		0				0
tools/test_check-unit-projection.py	54	54	1	13	dbb2ee25abd6	STAY	local-scoped		0				0
tools/test_check-unit-projection.py	85	86	2	24	0b3af87c6cc9	STAY	local-scoped		0				0
tools/test_check-unit-projection.py	97	99	3	29	91cb4102f81b	STAY	midsize-why		0				0
tools/test_check-unit-projection.py	129	129	1	11	76e76796b5c2	STAY	local-scoped		0				0
tools/test_conformance_golden.py	1	4	4	19	1fd4806c1331	STAY	ai-header		0				0
tools/test_conformance_golden.py	20	20	1	6	ec2f637946cd	STAY	local-scoped		0				0
tools/test_conformance_golden.py	39	39	1	5	ae56749c92d9	STAY	local-scoped		0				0
tools/test_generate-adr-index.py	1	3	3	11	3f541f41f2a7	STAY	ai-header		0				0
tools/test_generate-adr-index.py	31	31	1	7	c8726ebb0f23	STAY	local-scoped		0				0
tools/test_generate-adr-index.py	48	48	1	12	345c2ce59d2d	STAY	local-scoped		0				0
tools/test_generate-blade-karg.py	1	3	3	9	e6630f1d581e	STAY	ai-header		0				0
tools/test_generate-blade-karg.py	4	4	1	7	00166fa9ea08	STAY	local-scoped		0				0
tools/test_generate-blade-karg.py	17	17	1	3	c4eab4cecb60	STAY	inline-scoped		0				0
tools/test_generate-blade-karg.py	18	18	1	2	652a73c43ff5	STAY	inline-scoped		0				0
tools/test_generate-blade-karg.py	30	32	3	35	b774b5c2dca2	STAY	midsize-why		0				0
tools/test_generate-blade-karg.py	69	71	3	32	89ed59383826	STAY	midsize-why		0				0
tools/test_generate-mini-vs-hosted.py	1	3	3	10	fa27fdf02465	STAY	ai-header		0				0
tools/test_generate-mini-vs-hosted.py	4	4	1	6	bcb8c671878c	STAY	local-scoped		0				0
tools/test_generate-mini-vs-hosted.py	17	17	1	3	c4eab4cecb60	STAY	inline-scoped		0				0
tools/test_generate-mini-vs-hosted.py	18	18	1	2	652a73c43ff5	STAY	inline-scoped		0				0
tools/test_generate-mini-vs-hosted.py	49	49	1	11	981b51cf77de	STAY	local-scoped		0				0
tools/test_generate-mini-vs-hosted.py	64	64	1	8	109f349631ab	STAY	local-scoped		0				0
tools/test_generate-mini-vs-hosted.py	71	72	2	18	c1fa04ba0b34	STAY	local-scoped		0				0
tools/test_generate-mini-vs-hosted.py	81	83	3	35	d9912222fd13	STAY	midsize-why		0				0
tools/test_generate-mini-vs-hosted.py	103	104	2	25	d2cf9b4afef4	STAY	local-scoped		0				0
tools/test_generate-mini-vs-hosted.py	132	132	1	13	e798e5aebc9b	STAY	local-scoped		0				0
tools/test_generate-mini-vs-hosted.py	157	157	1	12	1acaa45c20e0	STAY	local-scoped		0				0
tools/test_generate-mini-vs-hosted.py	166	167	2	15	4b80804488d6	STAY	local-scoped		0				0
tools/test_generate-mini-vs-hosted.py	187	188	2	20	93d8d9d4fb02	STAY	local-scoped		0				0
tools/test_generate-mini-vs-hosted.py	191	193	3	24	384ddd62cc73	STAY	midsize-why		0				0
tools/test_generate-mini-vs-hosted.py	221	222	2	21	3364356b9656	STAY	local-scoped		0				0
tools/test_generate-mini-vs-hosted.py	235	235	1	12	8879a058a886	STAY	local-scoped		0				0
tools/test_generate-mini-vs-hosted.py	249	250	2	22	c3c1a2ed6225	STAY	local-scoped		0				0
tools/test_generate-mini-vs-hosted.py	260	261	2	23	9f4586f0d458	STAY	local-scoped		0				0
tools/test_generate-mini-vs-hosted.py	280	281	2	23	7224a0aec552	STAY	local-scoped		0				0
tools/test_generate-mini-vs-hosted.py	293	293	1	12	4adcf27c5492	STAY	local-scoped		0				0
tools/test_generate-mini-vs-hosted.py	305	305	1	10	8126a4594628	STAY	local-scoped		0				0
tools/test_generate-mini-vs-hosted.py	310	311	2	24	78a629636589	STAY	local-scoped		0				0
tools/test_generate-mini-vs-hosted.py	319	320	2	19	9a0778d1a123	STAY	local-scoped		0				0
tools/test_generate-mini-vs-hosted.py	329	330	2	17	32ab1c0a0a78	STAY	local-scoped		0				0
tools/test_generate-mini-vs-hosted.py	345	347	3	30	60a4a1ba90ee	MIGRATE	midsize-narrative		0				0
tools/test_generate-mini-vs-hosted.py	357	357	1	10	1bbe71ab3408	STAY	local-scoped		0				0
tools/test_generate-mini-vs-hosted.py	372	373	2	27	0cce099ae8ee	STAY	midsize-why		0				0
tools/test_generate-mini-vs-hosted.py	396	398	3	31	6e1242944299	STAY	midsize-why		0				0
tools/test_generate-mini-vs-hosted.py	407	407	1	10	c063a090cd32	STAY	local-scoped		0				0
tools/test_generate-mini-vs-hosted.py	415	415	1	11	d6d98cc64841	STAY	local-scoped		0				0
tools/test_generate-mini-vs-hosted.py	427	427	1	11	b4371919e936	STAY	local-scoped		0				0
tools/test_generate-mini-vs-hosted.py	439	440	2	21	843b5172141b	STAY	local-scoped		0				0
tools/test_generate-mini-vs-hosted.py	452	453	2	21	0db5ed75a24d	STAY	local-scoped		0				0
tools/test_generate-mini-vs-hosted.py	461	463	3	29	97bc20636fa9	STAY	midsize-why		0				0
tools/test_generate-mini-vs-hosted.py	470	471	2	15	9bbe030c7150	STAY	local-scoped		0				0
tools/test_render-desktop.py	1	4	4	35	55e7e1836ee4	MIGRATE_HEADER	overlong-hint		0				0
tools/test_render-desktop.py	5	10	5	38	a44982b23533	MIGRATE	midsize-narrative		0				0
tools/test_render-desktop.py	37	37	1	9	85307596b66a	STAY	local-scoped		0				0
tools/test_render-desktop.py	42	42	1	10	5c711d60765e	STAY	local-scoped		0				0
tools/test_render-desktop.py	61	61	1	11	282ab4277b95	STAY	local-scoped		0				0
tools/test_render_globals.py	1	3	3	24	dfef8602fbab	STAY	ai-header		0				0
tools/test_render_globals.py	26	26	1	10	0366619e9244	STAY	local-scoped		0				0
tools/test_render_globals.py	31	31	1	10	c03816312f08	STAY	local-scoped		0				0
tools/test_render_globals.py	37	37	1	9	163a3ab38515	STAY	local-scoped		0				0
tools/test_render_globals.py	55	55	1	5	ef2c01b8ffa9	STAY	local-scoped		0				0
tools/test_render_globals.py	83	84	2	16	8a75dc5bf963	STAY	local-scoped		0				0
tools/test_render_globals.py	113	115	3	24	1fd0c107e2a9	STAY	midsize-why		0				0
tools/test_render_ports.py	1	3	3	24	4fe5fd865a9a	STAY	ai-header		0				0
tools/test_render_ports.py	67	67	1	6	69e1ea5d2954	STAY	local-scoped		0				0
tools/test_render_ports.py	149	150	2	21	97a015958c60	STAY	local-scoped		0				0
tools/test_render_ports.py	162	162	1	10	bd4062703ca9	STAY	local-scoped		0				0
tools/test_sync-bootstrap.py	1	4	4	44	b2ff609b2b64	MIGRATE_HEADER	overlong-hint		0				0
tools/test_sync-bootstrap.py	5	10	5	42	54cdb331075a	MIGRATE	midsize-narrative		0				0
tools/test_sync-bootstrap.py	39	39	1	5	05ec5b5501ec	STAY	inline-scoped		0				0
tools/test_sync-bootstrap.py	41	41	1	12	14f9cf8fc67b	STAY	local-scoped		0				0
tools/test_sync-bootstrap.py	48	48	1	9	24e5722f510b	STAY	local-scoped		0				0
tools/test_sync-bootstrap.py	64	64	1	11	bf9eb82b8ebc	STAY	local-scoped		0				0
tools/test_sync-bootstrap.py	75	75	1	11	a0fd4cee8ea1	STAY	local-scoped		0				0
tools/test_templates_golden.py	1	3	3	18	259e9710d825	STAY	ai-header		0				0
tools/test_templates_golden.py	16	16	1	4	eb1bb3e47b59	STAY	local-scoped		0				0
tools/verb-template-check.py	1	2	2	16	da4c4200d0a1	STAY	ai-header		0				0
tools/vfio-verify.sh	1	3	3	26	5691db672550	STAY	ai-header		0				0
tools/vfio-verify.sh	9	9	1	2	bd1275524ecf	DROP	banner		0				0
tools/vm-cpu-pin-manager.sh	1	3	3	27	49905674eeaf	STAY	ai-header		0				0
tools/windows/Build-MiOS.ps1	1	2	2	31	6aa0791d9fb3	STAY	ai-header		0				0
tools/windows/Build-MiOS.ps1	3	3	1	0	e3b0c44298fc	STAY	inline-scoped		0				0
tools/windows/Build-MiOS.ps1	24	24	1	0	62b67e1f685b	DROP	banner		0				0
tools/windows/Build-MiOS.ps1	44	44	1	1	fb035637c639	DROP	banner		0				0
tools/windows/Build-MiOS.ps1	63	63	1	2	7cdd0f2fd8c6	STAY	local-scoped		0				0
tools/windows/Build-MiOS.ps1	66	66	1	9	8ee63e6bcef3	STAY	local-scoped		0				0
tools/windows/Build-MiOS.ps1	74	77	4	36	6c5f0c294af7	STAY	midsize-why		0				0
tools/windows/Build-MiOS.ps1	79	79	1	0	c476af259b41	DROP	commented-out-code		0				0
tools/windows/Build-MiOS.ps1	89	89	1	6	fb4a7f654567	STAY	local-scoped		0				0
tools/windows/Build-MiOS.ps1	99	99	1	3	2c21d4a4f5ab	STAY	local-scoped		0				0
tools/windows/Build-MiOS.ps1	122	122	1	1	a0784d415871	STAY	local-scoped		0				0
tools/windows/Build-MiOS.ps1	128	128	1	6	bd8f12644297	STAY	local-scoped		0				0
tools/windows/Build-MiOS.ps1	136	136	1	5	e0e90dce4f02	STAY	local-scoped		0				0
tools/windows/Build-MiOS.ps1	160	160	1	3	d1b866f1cde1	STAY	local-scoped		0				0
usr/lib/NetworkManager/conf.d/22-wifi-mac-addr.conf	1	24	24	143	70cd7488ae33	MIGRATE	narrative-rationale		0				0
usr/lib/NetworkManager/conf.d/99-nvme-nbft-no-ignore-carrier.conf	1	7	7	45	9fd0b9654d48	MIGRATE	narrative-rationale		0				0
usr/lib/NetworkManager/conf.d/99-nvme-nbft-no-ignore-carrier.conf	11	11	1	5	d735287ed94e	STAY	local-scoped		0				0
usr/lib/NetworkManager/conf.d/99-nvme-nbft-no-ignore-carrier.conf	14	14	1	5	826f7e97d362	STAY	local-scoped		0				0
usr/lib/NetworkManager/dispatcher.d/99-nvme-nbft-connect.sh	1	1	1	1	cd95d72c4a97	DROP	banner		0				0
usr/lib/bootc/install/00-mios.toml	1	1	1	23	160e654185cf	STAY	ai-header		0				0
usr/lib/bootc/kargs.d/00-mios.toml	1	2	2	23	95f1c707e445	STAY	ai-header		0				0
usr/lib/bootc/kargs.d/01-mios-hardening.toml	1	2	2	30	1d9ea20d519c	STAY	ai-header		0				0
usr/lib/bootc/kargs.d/01-mios-hardening.toml	5	7	3	6	af0429f2762b	DROP	banner		0				0
usr/lib/bootc/kargs.d/01-mios-hardening.toml	11	15	5	39	6c0a5e380c87	STAY	midsize-why		0				0
usr/lib/bootc/kargs.d/01-mios-vfio.toml	1	2	2	27	684d2195a06e	STAY	ai-header		0				0
usr/lib/bootc/kargs.d/02-mios-gpu.toml	1	2	2	32	304a762d5e0e	STAY	ai-header		0				0
usr/lib/bootc/kargs.d/05-mios-blade.toml	1	3	3	54	47dc230e81c0	MIGRATE_HEADER	overlong-hint		0				0
usr/lib/bootc/kargs.d/10-mios-console.toml	1	2	2	22	ac00833f070c	STAY	ai-header		0				0
usr/lib/bootc/kargs.d/10-mios-verbose.toml	1	2	2	26	05695ed39f80	STAY	ai-header		0				0
usr/lib/bootc/kargs.d/10-mios.toml	1	2	2	22	0035bebe4ff1	STAY	ai-header		0				0
usr/lib/bootc/kargs.d/10-nvidia.toml	1	2	2	25	86e4ccec3228	STAY	ai-header		0				0
usr/lib/bootc/kargs.d/12-intel-xe.toml	1	2	2	24	bafdb61df9cf	STAY	ai-header		0				0
usr/lib/bootc/kargs.d/13-rtx50-vfio-workaround.toml	1	2	2	33	acd7da824f77	STAY	ai-header		0				0
usr/lib/bootc/kargs.d/15-rootflags.toml	1	2	2	31	146d6bbdf787	STAY	ai-header		0				0
usr/lib/bootc/kargs.d/16-nested-virt.toml	1	2	2	22	a4bc9d6e702c	STAY	ai-header		0				0
usr/lib/bootc/kargs.d/20-vfio.toml	1	2	2	30	35dbdc19b711	STAY	ai-header		0				0
usr/lib/bootc/kargs.d/30-security.toml	1	2	2	22	bc5cecb0f95b	STAY	ai-header		0				0
usr/lib/bootc/kargs.d/31-secureblue-extended.toml	1	2	2	20	548b97e8ba07	STAY	ai-header		0				0
usr/lib/bootc/kargs.d/32-mios-ws7-uki.toml	1	2	2	23	19ad9c7b2573	STAY	ai-header		0				0
usr/lib/bootc/kargs.d/32-mios-ws7-uki.toml	5	8	4	41	920496a37851	STAY	midsize-why		0				0
usr/lib/bootc/kargs.d/32-mios-ws7-uki.toml	10	28	19	127	26ab3272add0	MIGRATE	narrative-rationale		0				0
usr/lib/cockpit/cockpit.conf	1	1	1	20	33b63fd4c7c5	STAY	ai-header		0				0
usr/lib/cockpit/cockpit.conf.d/10-mios-unencrypted.conf	1	1	1	20	3982f6058138	STAY	ai-header		0				0
usr/lib/containers/registries.d/ghcr.io-mios-dev.yaml	1	2	2	24	0038779b3688	STAY	ai-header		0				0
usr/lib/containers/registries.d/ghcr.io.yaml	1	1	1	23	9eb9fa31f166	STAY	ai-header		0				0
usr/lib/dnf/dnf.conf	1	1	1	28	6884ea51d997	STAY	ai-header		0				0
usr/lib/dracut/dracut.conf.d/10-mios-generic.conf	1	1	1	23	7b8816b24c35	STAY	ai-header		0				0
usr/lib/dracut/dracut.conf.d/50-mios-hyperv.conf	1	1	1	28	fb00431e5445	STAY	ai-header		0				0
usr/lib/dracut/dracut.conf.d/51-mios-virtio.conf	1	1	1	28	639b351efe1c	STAY	ai-header		0				0
usr/lib/dracut/dracut.conf.d/52-mios-nvidia-exclude.conf	1	1	1	27	dc37bc29d509	STAY	ai-header		0				0
usr/lib/environment.d/50-mios.conf	6	9	4	27	f6ac74b9da24	STAY	midsize-why		0				0
usr/lib/environment.d/50-mios.conf	12	12	1	7	672439ad8113	STAY	local-scoped		0				0
usr/lib/environment.d/50-mios.conf	18	18	1	7	8645ecb0c282	STAY	local-scoped		0				0
usr/lib/environment.d/50-mios.conf	22	22	1	2	a8e666248ac1	DROP	banner		0				0
usr/lib/environment.d/50-mios.conf	25	25	1	8	04fbd1c8dbe7	STAY	local-scoped		0				0
usr/lib/environment.d/50-mios.conf	28	28	1	2	5bca90dc74d3	DROP	banner		0				0
usr/lib/environment.d/50-mios.conf	31	31	1	7	249019a9b7a0	STAY	local-scoped		0				0
usr/lib/environment.d/60-mios-qt-adwaita.conf	1	1	1	24	b10bf0c9de24	STAY	ai-header		0				0
usr/lib/environment.d/70-mios-theme.conf	1	2	2	30	238d49262850	STAY	ai-header		0				0
usr/lib/greenboot/check/required.d/10-mios-composefs.sh	1	3	3	25	10bb6749298f	STAY	ai-header		0				0
usr/lib/greenboot/check/required.d/10-mios-role.sh	1	3	3	22	518c9a637cd6	STAY	ai-header		0				0
usr/lib/greenboot/check/required.d/15-composefs-verity.sh	1	2	2	29	5acf38794420	STAY	ai-header		0				0
usr/lib/greenboot/check/required.d/20-podman.sh	1	3	3	21	27d73db34526	STAY	ai-header		0				0
usr/lib/greenboot/check/required.d/30-network.sh	1	3	3	31	bcfe64fcc69e	STAY	ai-header		0				0
usr/lib/greenboot/check/required.d/40-mios-ai-plane.sh	1	3	3	22	84bb5f005ffa	STAY	ai-header		0				0
usr/lib/greenboot/check/required.d/40-mios-ai-plane.sh	6	6	1	10	d011b8638f30	STAY	inline-scoped		0				0
usr/lib/greenboot/check/required.d/40-mios-ai-plane.sh	7	7	1	4	a51697ac1fc1	STAY	inline-scoped		0				0
usr/lib/greenboot/check/required.d/40-mios-ai-plane.sh	8	8	1	3	86983e5b16cd	STAY	inline-scoped		0				0
usr/lib/greenboot/check/required.d/40-mios-ai-plane.sh	9	9	1	7	88f6adc1bcdf	STAY	inline-scoped		0				0
usr/lib/greenboot/check/required.d/40-mios-ai-plane.sh	15	15	1	6	88adc9199040	STAY	local-scoped		0				0
usr/lib/greenboot/check/required.d/40-mios-ai-plane.sh	17	17	1	3	0bbc9621dbe4	STAY	local-scoped		0				0
usr/lib/greenboot/check/required.d/40-mios-ai-plane.sh	24	24	1	11	09a41938a243	STAY	local-scoped		0				0
usr/lib/greenboot/check/required.d/40-mios-ai-plane.sh	43	43	1	6	0f604047cedb	STAY	inline-scoped		0				0
usr/lib/greenboot/check/required.d/40-mios-ai-plane.sh	44	44	1	5	6120f4ef1722	STAY	inline-scoped		0				0
usr/lib/greenboot/check/required.d/40-mios-ai-plane.sh	48	49	2	12	a4d3ccccec78	STAY	local-scoped		0				0
usr/lib/greenboot/check/required.d/40-mios-ai-plane.sh	53	53	1	0	f3d41c5e4be6	DROP	banner		0				0
usr/lib/greenboot/check/required.d/40-mios-ai-plane.sh	55	55	1	4	3a354c92b69a	STAY	inline-scoped		0				0
usr/lib/greenboot/check/required.d/40-mios-ai-plane.sh	57	57	1	2	38c3dfbe717d	STAY	inline-scoped		0				0
usr/lib/greenboot/check/required.d/40-mios-ai-plane.sh	60	60	1	3	52781ca6b551	STAY	inline-scoped		0				0
usr/lib/greenboot/check/required.d/40-mios-ai-plane.sh	75	75	1	1	53995087405a	DROP	banner		0				0
usr/lib/greenboot/check/required.d/40-mios-ai-plane.sh	88	89	2	22	f556c2074da8	STAY	local-scoped		0				0
usr/lib/greenboot/check/required.d/40-mios-ai-plane.sh	93	93	1	13	4a056e95b8ec	STAY	local-scoped		0				0
usr/lib/greenboot/check/required.d/40-mios-ai-plane.sh	97	97	1	4	3cde96fabc27	STAY	inline-scoped		0				0
usr/lib/greenboot/check/required.d/40-mios-ai-plane.sh	142	142	1	8	04fd341975f3	STAY	local-scoped		0				0
usr/lib/greenboot/check/required.d/40-mios-ai-plane.sh	162	162	1	11	5b127a0ac5cf	STAY	local-scoped		0				0
usr/lib/greenboot/check/wanted.d/30-nvidia-cdi.sh	1	2	2	26	140662951f1b	STAY	ai-header		0				0
usr/lib/greenboot/check/wanted.d/31-kernel-lockdown.sh	1	3	3	20	76b149b89824	STAY	ai-header		0				0
usr/lib/greenboot/check/wanted.d/40-role-target.sh	1	3	3	29	9ee4e5a60fbe	STAY	ai-header		0				0
usr/lib/greenboot/check/wanted.d/50-mios-ha-cluster.sh	1	3	3	30	a9d2100bc2f1	STAY	ai-header		0				0
usr/lib/greenboot/check/wanted.d/60-k3s.sh	1	3	3	29	d7ada4b87c24	STAY	ai-header		0				0
usr/lib/greenboot/fail.d/00-log-fail.sh	1	2	2	25	be86929b0a50	STAY	ai-header		0				0
usr/lib/greenboot/greenboot.conf	4	4	1	8	8b2527c77c78	STAY	local-scoped		0				0
usr/lib/greenboot/greenboot.conf	7	7	1	8	de4e11d6c177	STAY	local-scoped		0				0
usr/lib/greenboot/greenboot.conf	10	11	2	22	121981ccf608	STAY	local-scoped		0				0
usr/lib/libvirt/qemu.conf.d/10-mios.conf	1	1	1	19	f1582be73a95	STAY	ai-header		0				0
usr/lib/locale.conf	1	1	1	24	44cb93f4741b	STAY	ai-header		0				0
usr/lib/mios/agent-pipe/mios_a2a.py	1	1	1	5	24aef9afafa9	STAY	ai-header		0				0
usr/lib/mios/agent-pipe/mios_a2a_client.py	1	1	1	5	4066a58232e9	STAY	ai-header		0				0
usr/lib/mios/agent-pipe/mios_a2a_principal.py	1	1	1	5	3e543a40fd1b	STAY	ai-header		0				0
usr/lib/mios/agent-pipe/mios_aci.py	1	1	1	5	84799de93a1c	STAY	ai-header		0				0
usr/lib/mios/agent-pipe/mios_agent_call.py	1	1	1	5	fbe5633e08d1	STAY	ai-header		0				0
usr/lib/mios/agent-pipe/mios_agentreg.py	1	1	1	5	f0d6ceffa307	STAY	ai-header		0				0
usr/lib/mios/agent-pipe/mios_arbiter.py	1	1	1	5	240fb65706fc	STAY	ai-header		0				0
usr/lib/mios/agent-pipe/mios_argval.py	1	2	2	23	9fc116056d7f	STAY	ai-header		0				0
usr/lib/mios/agent-pipe/mios_argval.py	17	20	4	33	11a92d7891b9	STAY	midsize-why		0				0
usr/lib/mios/agent-pipe/mios_argval.py	55	55	1	7	c8153bc2be4c	STAY	inline-scoped		0				0
usr/lib/mios/agent-pipe/mios_audit.py	1	1	1	5	c9d802083d9f	STAY	ai-header		0				0
usr/lib/mios/agent-pipe/mios_batch.py	1	1	1	5	f4420dc7513e	STAY	ai-header		0				0
usr/lib/mios/agent-pipe/mios_bench.py	1	1	1	5	742d5cfd8a5a	STAY	ai-header		0				0
usr/lib/mios/agent-pipe/mios_blades.py	1	1	1	5	9233a8a2f247	STAY	ai-header		0				0
usr/lib/mios/agent-pipe/mios_capreg.py	1	1	1	5	07eed937ea03	STAY	ai-header		0				0
usr/lib/mios/agent-pipe/mios_chat.py	1	1	1	5	ebcc1bc5496c	STAY	ai-header		0				0
usr/lib/mios/agent-pipe/mios_classify.py	1	1	1	5	0cc263602552	STAY	ai-header		0				0
usr/lib/mios/agent-pipe/mios_clusterhealth.py	1	1	1	5	9d03edd62641	STAY	ai-header		0				0
usr/lib/mios/agent-pipe/mios_codemode.py	1	2	2	22	aa726fe50f7d	STAY	ai-header		0				0
usr/lib/mios/agent-pipe/mios_codemode.py	22	23	2	21	dfeb6ecc6527	STAY	local-scoped		0				0
usr/lib/mios/agent-pipe/mios_codemode.py	35	36	2	20	fe8c2dc37eae	STAY	local-scoped		0				0
usr/lib/mios/agent-pipe/mios_codemode.py	49	52	4	44	1fe561a28d5f	STAY	midsize-why		0				0
usr/lib/mios/agent-pipe/mios_codemode.py	58	60	3	27	85a43e15da26	STAY	midsize-why		0				0
usr/lib/mios/agent-pipe/mios_codemode.py	100	102	3	30	09293d9d3f7c	STAY	midsize-why		0				0
usr/lib/mios/agent-pipe/mios_codemode.py	117	121	5	57	82b06cf5f2ce	STAY	midsize-why		0				0
usr/lib/mios/agent-pipe/mios_codemode.py	138	140	3	36	1ca305813dc1	STAY	midsize-why		0				0
usr/lib/mios/agent-pipe/mios_codemode.py	149	149	1	6	8326bd5181a9	STAY	inline-scoped		0				0
usr/lib/mios/agent-pipe/mios_codemode.py	154	155	2	22	072a4fdeeb21	STAY	local-scoped		0				0
usr/lib/mios/agent-pipe/mios_codemode.py	161	164	4	44	fd118a6c2425	STAY	midsize-why		0				0
usr/lib/mios/agent-pipe/mios_codemode.py	175	177	3	28	fa2b8a36e910	STAY	midsize-why		0				0
usr/lib/mios/agent-pipe/mios_cold_evict.py	1	1	1	11	5b48ce23923b	STAY	ai-header		0				0
usr/lib/mios/agent-pipe/mios_compact.py	1	1	1	5	f8f39d1fe80c	STAY	ai-header		0				0
usr/lib/mios/agent-pipe/mios_config.py	1	1	1	5	bc77b45f755b	STAY	ai-header		0				0
usr/lib/mios/agent-pipe/mios_cost.py	1	1	1	5	2def86f9f7d3	STAY	ai-header		0				0
usr/lib/mios/agent-pipe/mios_council_diversity.py	1	1	1	5	a2936407ccfe	STAY	ai-header		0				0
usr/lib/mios/agent-pipe/mios_crl.py	1	1	1	5	bd5b56a04fc7	STAY	ai-header		0				0
usr/lib/mios/agent-pipe/mios_ctxpack.py	1	1	1	5	243a8d9a6344	STAY	ai-header		0				0
usr/lib/mios/agent-pipe/mios_cua.py	1	1	1	5	406411ecdb26	STAY	ai-header		0				0
usr/lib/mios/agent-pipe/mios_daemons.py	1	1	1	5	2f1d02cc5756	STAY	ai-header		0				0
usr/lib/mios/agent-pipe/mios_dag_exec.py	1	1	1	5	fc70761bfb91	STAY	ai-header		0				0
usr/lib/mios/agent-pipe/mios_dci.py	1	1	1	5	b571c37c2070	STAY	ai-header		0				0
usr/lib/mios/agent-pipe/mios_dispatch.py	1	2	2	14	54f0aa909368	STAY	ai-header		0				0
usr/lib/mios/agent-pipe/mios_dispatch.py	23	23	1	6	3f5cf0e83f19	STAY	inline-scoped		0				0
usr/lib/mios/agent-pipe/mios_dispatch.py	27	27	1	7	57846466ac62	STAY	inline-scoped		0				0
usr/lib/mios/agent-pipe/mios_dispatch.py	28	28	1	6	1de9363fce44	STAY	inline-scoped		0				0
usr/lib/mios/agent-pipe/mios_dispatch.py	85	87	3	30	8fde84daf390	STAY	midsize-why		0				0
usr/lib/mios/agent-pipe/mios_dispatch.py	116	116	1	9	550e293e744d	STAY	inline-scoped		0				0
usr/lib/mios/agent-pipe/mios_dispatch.py	134	138	5	51	fdcf07d1af7c	STAY	midsize-why		0				0
usr/lib/mios/agent-pipe/mios_dispatch.py	216	217	2	21	915ac92952c0	STAY	local-scoped		0				0
usr/lib/mios/agent-pipe/mios_dispatch.py	223	224	2	18	9bfa15544d9e	STAY	local-scoped		0				0
usr/lib/mios/agent-pipe/mios_dispatch.py	225	225	1	2	8fd01c634ab8	STAY	inline-scoped		0				0
usr/lib/mios/agent-pipe/mios_dispatch.py	226	226	1	3	240fa1f7442d	STAY	inline-scoped		0				0
usr/lib/mios/agent-pipe/mios_dispatch.py	374	374	1	3	0ea4e31b7d96	STAY	inline-scoped		0				0
usr/lib/mios/agent-pipe/mios_dispatch.py	377	377	1	3	df2a309192b5	DROP	banner		0				0
usr/lib/mios/agent-pipe/mios_dispatch.py	383	383	1	2	f56ee1e18c22	STAY	inline-scoped		0				0
usr/lib/mios/agent-pipe/mios_dispatch.py	397	397	1	3	9d8b7100cdb0	STAY	inline-scoped		0				0
usr/lib/mios/agent-pipe/mios_dispatch.py	457	457	1	8	7c0b8f3fa3d2	STAY	inline-scoped		0				0
usr/lib/mios/agent-pipe/mios_dispatch.py	477	477	1	9	c85a8d9c189f	STAY	inline-scoped		0				0
usr/lib/mios/agent-pipe/mios_dispatch.py	480	480	1	4	8c54c5cd3129	STAY	inline-scoped		0				0
usr/lib/mios/agent-pipe/mios_dispatch.py	486	486	1	2	f56ee1e18c22	STAY	inline-scoped		0				0
usr/lib/mios/agent-pipe/mios_dispatch.py	489	489	1	3	7c48238f663a	STAY	inline-scoped		0				0
usr/lib/mios/agent-pipe/mios_dispatch.py	493	493	1	9	82818d4b6a70	STAY	inline-scoped		0				0
usr/lib/mios/agent-pipe/mios_dispatch.py	499	499	1	8	08859ea51659	STAY	inline-scoped		0				0
usr/lib/mios/agent-pipe/mios_dispatch.py	520	520	1	8	7c0b8f3fa3d2	STAY	inline-scoped		0				0
usr/lib/mios/agent-pipe/mios_dispatch.py	550	550	1	7	92507c40bb51	STAY	inline-scoped		0				0
usr/lib/mios/agent-pipe/mios_dispatch.py	553	553	1	4	8c54c5cd3129	STAY	inline-scoped		0				0
usr/lib/mios/agent-pipe/mios_dispatch.py	559	559	1	2	f56ee1e18c22	STAY	inline-scoped		0				0
usr/lib/mios/agent-pipe/mios_dispatch.py	562	562	1	3	7c48238f663a	STAY	inline-scoped		0				0
usr/lib/mios/agent-pipe/mios_dispatch.py	566	566	1	9	82818d4b6a70	STAY	inline-scoped		0				0
usr/lib/mios/agent-pipe/mios_dispatch.py	572	572	1	8	08859ea51659	STAY	inline-scoped		0				0
usr/lib/mios/agent-pipe/mios_dispatch.py	736	736	1	2	f56ee1e18c22	STAY	inline-scoped		0				0
usr/lib/mios/agent-pipe/mios_dispatch.py	787	787	1	4	5269531b62a4	STAY	inline-scoped		0				0
usr/lib/mios/agent-pipe/mios_dispatch.py	805	808	4	30	5af16602c026	STAY	midsize-why		0				0
usr/lib/mios/agent-pipe/mios_dispatcher.py	1	1	1	5	6ff7e34a4584	STAY	ai-header		0				0
usr/lib/mios/agent-pipe/mios_embed_backfill.py	1	1	1	5	5d937feeb360	STAY	ai-header		0				0
usr/lib/mios/agent-pipe/mios_endpoints.py	1	2	2	14	8d7861a3c5f4	STAY	ai-header		0				0
usr/lib/mios/agent-pipe/mios_endpoints.py	13	16	4	48	5ce231d9d9b6	STAY	midsize-why		0				0
usr/lib/mios/agent-pipe/mios_endpoints.py	33	35	3	30	1306d99b9252	STAY	midsize-why		0				0
usr/lib/mios/agent-pipe/mios_endpoints.py	53	55	3	33	1803ddf40bc0	STAY	midsize-why		0				0
usr/lib/mios/agent-pipe/mios_endpoints.py	67	69	3	34	9b170e54b436	STAY	midsize-why		0				0
usr/lib/mios/agent-pipe/mios_evict.py	1	1	1	5	b75a7c75b77c	STAY	ai-header		0				0
usr/lib/mios/agent-pipe/mios_fanout.py	1	1	1	5	1011ec4e7aa4	STAY	ai-header		0				0
usr/lib/mios/agent-pipe/mios_firewall.py	1	1	1	5	139f9479f5cd	STAY	ai-header		0				0
usr/lib/mios/agent-pipe/mios_gateway_queue.py	1	2	2	12	5dffb596512e	STAY	ai-header		0				0
usr/lib/mios/agent-pipe/mios_gossip.py	1	1	1	5	5f282490cf62	STAY	ai-header		0				0
usr/lib/mios/agent-pipe/mios_grounding.py	1	1	1	5	4c28601a9267	STAY	ai-header		0				0
usr/lib/mios/agent-pipe/mios_hitl.py	1	1	1	5	52ce8736160f	STAY	ai-header		0				0
usr/lib/mios/agent-pipe/mios_hitlflow.py	1	1	1	5	7fed023549aa	STAY	ai-header		0				0
usr/lib/mios/agent-pipe/mios_hopbudget.py	1	1	1	5	8441631c45a7	STAY	ai-header		0				0
usr/lib/mios/agent-pipe/mios_http_caps.py	1	1	1	5	dfca7e96fe3c	STAY	ai-header		0				0
usr/lib/mios/agent-pipe/mios_interop.py	1	1	1	5	dd9b8a73a28d	STAY	ai-header		0				0
usr/lib/mios/agent-pipe/mios_jsonsalvage.py	1	1	1	5	fcfa6007904b	STAY	ai-header		0				0
usr/lib/mios/agent-pipe/mios_kernel.py	1	1	1	5	cd4717284d4f	STAY	ai-header		0				0
usr/lib/mios/agent-pipe/mios_knowledge.py	1	1	1	5	2408a9820ac7	STAY	ai-header		0				0
usr/lib/mios/agent-pipe/mios_kvfork.py	1	1	1	5	00a6efea7687	STAY	ai-header		0				0
usr/lib/mios/agent-pipe/mios_kvgc.py	1	1	1	5	40fc8bd9fbf7	STAY	ai-header		0				0
usr/lib/mios/agent-pipe/mios_lanes.py	1	1	1	5	520f0fd0ced1	STAY	ai-header		0				0
usr/lib/mios/agent-pipe/mios_lanes_resolver.py	1	1	1	5	d83715e991d0	STAY	ai-header		0				0
usr/lib/mios/agent-pipe/mios_manifest.py	1	1	1	5	1e3b9be7fbcc	STAY	ai-header		0				0
usr/lib/mios/agent-pipe/mios_mcp.py	1	1	1	5	ab5604febbe4	STAY	ai-header		0				0
usr/lib/mios/agent-pipe/mios_memguard.py	1	1	1	5	306966959b0a	STAY	ai-header		0				0
usr/lib/mios/agent-pipe/mios_memory.py	1	1	1	5	2035425d21a6	STAY	ai-header		0				0
usr/lib/mios/agent-pipe/mios_native_loop.py	1	1	1	5	78eb46ff27ab	STAY	ai-header		0				0
usr/lib/mios/agent-pipe/mios_oscontrol.py	1	1	1	5	d5b3e84f09a8	STAY	ai-header		0				0
usr/lib/mios/agent-pipe/mios_owui.py	1	1	1	5	c500def9fb48	STAY	ai-header		0				0
usr/lib/mios/agent-pipe/mios_pdp.py	1	1	1	5	cecc4d51bb36	STAY	ai-header		0				0
usr/lib/mios/agent-pipe/mios_pg.py	1	1	1	5	768191fb7727	STAY	ai-header		0				0
usr/lib/mios/agent-pipe/mios_pipe/__init__.py	1	1	1	13	13bf10c0af1b	STAY	ai-header		0				0
usr/lib/mios/agent-pipe/mios_pipe/access/__init__.py	1	1	1	4	d405ed8e75dd	STAY	ai-header		0				0
usr/lib/mios/agent-pipe/mios_pipe/access/arbiter.py	1	2	2	20	4ed2f8100b34	STAY	ai-header		0				0
usr/lib/mios/agent-pipe/mios_pipe/access/arbiter.py	27	27	1	5	17457fd43b80	STAY	inline-scoped		0				0
usr/lib/mios/agent-pipe/mios_pipe/access/arbiter.py	33	35	3	33	7bd0705a0589	STAY	midsize-why		0				0
usr/lib/mios/agent-pipe/mios_pipe/access/authn.py	1	2	2	10	9cbe5327e735	STAY	ai-header		0				0
usr/lib/mios/agent-pipe/mios_pipe/access/authn.py	3	3	1	6	766522735faa	STAY	local-scoped		0				0
usr/lib/mios/agent-pipe/mios_pipe/access/authn.py	24	24	1	6	a436cc344897	STAY	local-scoped		0				0
usr/lib/mios/agent-pipe/mios_pipe/access/authn.py	43	43	1	7	ba02cf850d75	STAY	local-scoped		0				0
usr/lib/mios/agent-pipe/mios_pipe/access/authn.py	59	59	1	10	d305f929c89b	STAY	local-scoped		0				0
usr/lib/mios/agent-pipe/mios_pipe/access/authn.py	77	77	1	6	7b4671c29d8e	STAY	local-scoped		0				0
usr/lib/mios/agent-pipe/mios_pipe/access/authn.py	96	96	1	12	6d5c460d62d4	STAY	local-scoped		0				0
usr/lib/mios/agent-pipe/mios_pipe/access/authn.py	118	118	1	12	8da09cd8a5b4	STAY	local-scoped		0				0
usr/lib/mios/agent-pipe/mios_pipe/access/authn.py	134	134	1	14	cfdd90511523	STAY	local-scoped		0				0
usr/lib/mios/agent-pipe/mios_pipe/access/firewall.py	1	2	2	14	fe2011b43ed8	STAY	ai-header		0				0
usr/lib/mios/agent-pipe/mios_pipe/access/firewall.py	59	59	1	5	45eb6bfb39ee	STAY	inline-scoped		0				0
usr/lib/mios/agent-pipe/mios_pipe/access/firewall.py	63	64	2	12	a2dad0f6eb91	STAY	local-scoped		0				0
usr/lib/mios/agent-pipe/mios_pipe/access/firewall.py	65	65	1	2	64605522d6f9	DROP	banner		0				0
usr/lib/mios/agent-pipe/mios_pipe/access/firewall.py	86	88	3	24	92bd83c458a7	STAY	midsize-why		0				0
usr/lib/mios/agent-pipe/mios_pipe/access/hitl.py	1	2	2	29	30a6cb881118	STAY	ai-header		0				0
usr/lib/mios/agent-pipe/mios_pipe/access/hitl.py	3	16	13	93	af720917be27	MIGRATE	narrative-rationale		0				0
usr/lib/mios/agent-pipe/mios_pipe/access/hitl.py	24	26	3	26	77ea58fb24c5	STAY	midsize-why		0				0
usr/lib/mios/agent-pipe/mios_pipe/access/hitl.py	34	34	1	10	b95e91fc91d3	STAY	local-scoped		0				0
usr/lib/mios/agent-pipe/mios_pipe/access/hitl.py	39	41	3	29	e0e4819aa725	STAY	midsize-why		0				0
usr/lib/mios/agent-pipe/mios_pipe/access/hitl.py	48	50	3	34	101035175224	STAY	midsize-why		0				0
usr/lib/mios/agent-pipe/mios_pipe/access/hitl.py	67	69	3	31	904389474b7f	STAY	midsize-why		0				0
usr/lib/mios/agent-pipe/mios_pipe/access/hitl.py	79	80	2	19	6027eace5af7	STAY	local-scoped		0				0
usr/lib/mios/agent-pipe/mios_pipe/access/hitl.py	89	104	16	170	52ccc6eeb8ae	MIGRATE	narrative-history		0				0
usr/lib/mios/agent-pipe/mios_pipe/access/hitlflow.py	1	2	2	16	88b0a04df9a1	STAY	ai-header		0				0
usr/lib/mios/agent-pipe/mios_pipe/access/hitlflow.py	3	21	18	126	68ed64864f19	MIGRATE	narrative-rationale		0				0
usr/lib/mios/agent-pipe/mios_pipe/access/hitlflow.py	36	36	1	10	243b8f41b380	STAY	inline-scoped		0				0
usr/lib/mios/agent-pipe/mios_pipe/access/hitlflow.py	78	80	3	32	02b3dee0d6a6	STAY	midsize-why		0				0
usr/lib/mios/agent-pipe/mios_pipe/access/hitlflow.py	132	135	4	27	b85d37d49372	STAY	midsize-why		0				0
usr/lib/mios/agent-pipe/mios_pipe/access/hitlflow.py	146	149	4	42	520824c6234d	STAY	midsize-why		0				0
usr/lib/mios/agent-pipe/mios_pipe/access/hitlflow.py	155	155	1	10	ed265d83a2bd	STAY	local-scoped		0				0
usr/lib/mios/agent-pipe/mios_pipe/access/hitlflow.py	172	172	1	2	f56ee1e18c22	STAY	inline-scoped		0				0
usr/lib/mios/agent-pipe/mios_pipe/access/hitlflow.py	179	180	2	14	b7484450f068	STAY	local-scoped		0				0
usr/lib/mios/agent-pipe/mios_pipe/access/hitlflow.py	182	182	1	1	3044f81eb950	DROP	banner		0				0
usr/lib/mios/agent-pipe/mios_pipe/access/hitlflow.py	192	192	1	5	329ab488a6fd	STAY	inline-scoped		0				0
usr/lib/mios/agent-pipe/mios_pipe/access/hitlflow.py	194	194	1	2	f56ee1e18c22	STAY	inline-scoped		0				0
usr/lib/mios/agent-pipe/mios_pipe/access/hitlflow.py	200	206	7	77	472346b93151	MIGRATE	narrative-history		0				0
usr/lib/mios/agent-pipe/mios_pipe/access/hitlflow.py	228	228	1	9	154e0d12b8f2	STAY	inline-scoped		0				0
usr/lib/mios/agent-pipe/mios_pipe/access/hitlflow.py	233	238	6	64	a5e3a762f92c	MIGRATE	narrative-history		0				0
usr/lib/mios/agent-pipe/mios_pipe/access/hitlflow.py	273	273	1	7	194d7e579ca0	STAY	inline-scoped		0				0
usr/lib/mios/agent-pipe/mios_pipe/access/hitlflow.py	279	280	2	21	7ee6445eef43	STAY	local-scoped		0				0
usr/lib/mios/agent-pipe/mios_pipe/access/hitlflow.py	297	297	1	3	7e32f42533e7	STAY	inline-scoped		0				0
usr/lib/mios/agent-pipe/mios_pipe/access/hitlflow.py	299	299	1	2	f56ee1e18c22	STAY	inline-scoped		0				0
usr/lib/mios/agent-pipe/mios_pipe/access/hitlflow.py	304	304	1	11	4e792531a26b	STAY	local-scoped		0				0
usr/lib/mios/agent-pipe/mios_pipe/access/hitlflow.py	312	312	1	2	f56ee1e18c22	STAY	inline-scoped		0				0
usr/lib/mios/agent-pipe/mios_pipe/access/hitlflow.py	318	319	2	21	1d1b3c264ee8	STAY	local-scoped		0				0
usr/lib/mios/agent-pipe/mios_pipe/access/hitlflow.py	339	342	4	45	6f3781435159	STAY	midsize-why		0				0
usr/lib/mios/agent-pipe/mios_pipe/access/hitlflow.py	360	360	1	7	5d2c744815a5	STAY	inline-scoped		0				0
usr/lib/mios/agent-pipe/mios_pipe/access/hitlflow.py	369	369	1	2	f56ee1e18c22	STAY	inline-scoped		0				0
usr/lib/mios/agent-pipe/mios_pipe/access/hitlflow.py	382	386	5	53	5011b5d04f9e	MIGRATE	midsize-narrative		0				0
usr/lib/mios/agent-pipe/mios_pipe/access/hitlflow.py	405	407	3	35	b8050f7f270e	STAY	midsize-why		0				0
usr/lib/mios/agent-pipe/mios_pipe/access/hitlflow.py	410	410	1	2	f56ee1e18c22	STAY	inline-scoped		0				0
usr/lib/mios/agent-pipe/mios_pipe/access/hitlflow.py	435	435	1	2	f56ee1e18c22	STAY	inline-scoped		0				0
usr/lib/mios/agent-pipe/mios_pipe/access/hitlflow.py	445	445	1	11	2fb49c1c57c3	STAY	local-scoped		0				0
usr/lib/mios/agent-pipe/mios_pipe/access/hitlflow.py	456	456	1	2	f56ee1e18c22	STAY	inline-scoped		0				0
usr/lib/mios/agent-pipe/mios_pipe/access/hitlflow.py	466	469	4	35	157050796c5c	STAY	midsize-why		0				0
usr/lib/mios/agent-pipe/mios_pipe/access/memguard.py	1	2	2	9	9b8b734c3534	STAY	ai-header		0				0
usr/lib/mios/agent-pipe/mios_pipe/access/memguard.py	3	30	27	227	70884b1cc1a3	MIGRATE	narrative-history		0				0
usr/lib/mios/agent-pipe/mios_pipe/access/memguard.py	53	54	2	23	b86827a7fc7b	STAY	local-scoped		0				0
usr/lib/mios/agent-pipe/mios_pipe/access/memguard.py	65	72	8	72	cab8bae7503a	MIGRATE	narrative-history		0				0
usr/lib/mios/agent-pipe/mios_pipe/access/memguard.py	91	95	5	57	96f90320abed	STAY	midsize-why		0				0
usr/lib/mios/agent-pipe/mios_pipe/access/memguard.py	100	100	1	7	918d3625b7c9	STAY	inline-scoped		0				0
usr/lib/mios/agent-pipe/mios_pipe/access/memguard.py	106	115	10	103	5e52985f75ad	MIGRATE	narrative-history		0				0
usr/lib/mios/agent-pipe/mios_pipe/access/memguard.py	151	151	1	8	8d3aefad9497	STAY	inline-scoped		0				0
usr/lib/mios/agent-pipe/mios_pipe/access/memguard.py	157	159	3	33	6d31505f1ce3	STAY	midsize-why		0				0
usr/lib/mios/agent-pipe/mios_pipe/access/memguard.py	161	161	1	4	8e47deaf38ff	STAY	inline-scoped		0				0
usr/lib/mios/agent-pipe/mios_pipe/access/memguard.py	167	182	16	129	c43a4af008b0	MIGRATE	narrative-history		0				0
usr/lib/mios/agent-pipe/mios_pipe/access/memguard.py	187	187	1	6	6bd845ace6a7	STAY	inline-scoped		0				0
usr/lib/mios/agent-pipe/mios_pipe/access/memguard.py	188	188	1	10	61bc939cfe81	STAY	inline-scoped		0				0
usr/lib/mios/agent-pipe/mios_pipe/access/memguard.py	197	197	1	9	cfc383e13593	STAY	inline-scoped		0				0
usr/lib/mios/agent-pipe/mios_pipe/access/pdp.py	1	2	2	22	5719e125114f	STAY	ai-header		0				0
usr/lib/mios/agent-pipe/mios_pipe/access/pdp.py	3	40	37	271	9ca01ba07d17	MIGRATE	narrative-rationale		0				0
usr/lib/mios/agent-pipe/mios_pipe/access/pdp.py	48	49	2	22	8a5991488336	STAY	local-scoped		0				0
usr/lib/mios/agent-pipe/mios_pipe/access/pdp.py	58	58	1	5	058a9d55276b	STAY	inline-scoped		0				0
usr/lib/mios/agent-pipe/mios_pipe/access/pdp.py	67	69	3	35	d6a49c9ef64d	STAY	midsize-why		0				0
usr/lib/mios/agent-pipe/mios_pipe/access/pdp.py	79	86	8	54	463678e6cce3	MIGRATE	narrative-rationale		0				0
usr/lib/mios/agent-pipe/mios_pipe/access/pdp.py	93	93	1	9	62b3a2715109	STAY	inline-scoped		0				0
usr/lib/mios/agent-pipe/mios_pipe/access/pdp.py	99	100	2	21	d3d00ac8692d	STAY	local-scoped		0				0
usr/lib/mios/agent-pipe/mios_pipe/access/policy.py	1	2	2	15	0524ac30b670	STAY	ai-header		0				0
usr/lib/mios/agent-pipe/mios_pipe/access/policy.py	3	21	18	150	d0f2431b5d62	MIGRATE	narrative-rationale		0				0
usr/lib/mios/agent-pipe/mios_pipe/access/policy.py	26	26	1	8	dfadc61258ec	STAY	inline-scoped		0				0
usr/lib/mios/agent-pipe/mios_pipe/access/policy.py	31	31	1	6	b4bc3e7bbb46	STAY	inline-scoped		0				0
usr/lib/mios/agent-pipe/mios_pipe/access/policy.py	32	32	1	7	5de9fc5e468e	STAY	inline-scoped		0				0
usr/lib/mios/agent-pipe/mios_pipe/access/policy.py	33	33	1	7	bd2abf32b9c7	STAY	inline-scoped		0				0
usr/lib/mios/agent-pipe/mios_pipe/access/policy.py	34	34	1	10	243b8f41b380	STAY	inline-scoped		0				0
usr/lib/mios/agent-pipe/mios_pipe/access/policy.py	35	35	1	4	0ee4b7d85dca	STAY	inline-scoped		0				0
usr/lib/mios/agent-pipe/mios_pipe/access/policy.py	61	63	3	29	9bd5f06895b8	STAY	midsize-why		0				0
usr/lib/mios/agent-pipe/mios_pipe/access/policy.py	103	105	3	36	5d2a329619fb	STAY	midsize-why		0				0
usr/lib/mios/agent-pipe/mios_pipe/access/policy.py	119	125	7	74	9316435d079d	MIGRATE	narrative-history		0				0
usr/lib/mios/agent-pipe/mios_pipe/access/policy.py	133	133	1	3	9d8b7100cdb0	STAY	inline-scoped		0				0
usr/lib/mios/agent-pipe/mios_pipe/access/policy.py	139	146	8	92	2767dbc352c3	MIGRATE	narrative-history		0				0
usr/lib/mios/agent-pipe/mios_pipe/access/policy.py	161	161	1	6	e3290caf9eb6	STAY	inline-scoped		0				0
usr/lib/mios/agent-pipe/mios_pipe/access/policy.py	170	170	1	2	f56ee1e18c22	STAY	inline-scoped		0				0
usr/lib/mios/agent-pipe/mios_pipe/access/policy.py	175	175	1	9	3f6cf2543a16	STAY	inline-scoped		0				0
usr/lib/mios/agent-pipe/mios_pipe/access/policy.py	185	187	3	28	58c6ac6a1c98	MIGRATE	midsize-narrative		0				0
usr/lib/mios/agent-pipe/mios_pipe/access/policy.py	193	193	1	6	a550116b50fe	STAY	inline-scoped		0				0
usr/lib/mios/agent-pipe/mios_pipe/access/policy.py	205	205	1	7	0fc0090ac2e2	STAY	inline-scoped		0				0
usr/lib/mios/agent-pipe/mios_pipe/access/policy.py	210	210	1	3	9d8b7100cdb0	STAY	inline-scoped		0				0
usr/lib/mios/agent-pipe/mios_pipe/access/policy.py	218	226	9	90	b8a1aaa7cac3	MIGRATE	narrative-rationale		0				0
usr/lib/mios/agent-pipe/mios_pipe/access/policy.py	252	256	5	47	e8759325b776	STAY	midsize-why		0				0
usr/lib/mios/agent-pipe/mios_pipe/access/policy.py	276	287	12	104	950e87369b91	MIGRATE	narrative-rationale		0				0
usr/lib/mios/agent-pipe/mios_pipe/access/policy.py	296	296	1	2	37352a91066b	STAY	inline-scoped		0				0
usr/lib/mios/agent-pipe/mios_pipe/access/policy.py	319	319	1	5	12a179389bb0	STAY	inline-scoped		0				0
usr/lib/mios/agent-pipe/mios_pipe/access/policy.py	320	320	1	8	1ac905839e2f	STAY	inline-scoped		0				0
usr/lib/mios/agent-pipe/mios_pipe/access/policy.py	324	326	3	21	250d83ce4259	STAY	midsize-why		0				0
usr/lib/mios/agent-pipe/mios_pipe/access/policy.py	331	331	1	3	9d8b7100cdb0	STAY	inline-scoped		0				0
usr/lib/mios/agent-pipe/mios_pipe/access/policy.py	352	352	1	9	a40798607891	STAY	local-scoped		0				0
usr/lib/mios/agent-pipe/mios_pipe/access/policy.py	359	359	1	8	e4a572652b99	STAY	inline-scoped		0				0
usr/lib/mios/agent-pipe/mios_pipe/access/policy.py	370	370	1	10	391c2ffdc4ac	STAY	local-scoped		0				0
usr/lib/mios/agent-pipe/mios_pipe/access/policy.py	379	379	1	3	9d8b7100cdb0	STAY	inline-scoped		0				0
usr/lib/mios/agent-pipe/mios_pipe/access/policy.py	384	384	1	9	3abf9b96c2b2	STAY	local-scoped		0				0
usr/lib/mios/agent-pipe/mios_pipe/access/policy.py	388	388	1	3	9d8b7100cdb0	STAY	inline-scoped		0				0
usr/lib/mios/agent-pipe/mios_pipe/access/policy.py	393	394	2	20	91b396afa214	STAY	local-scoped		0				0
usr/lib/mios/agent-pipe/mios_pipe/access/policy.py	407	411	5	55	940d7287c531	MIGRATE	midsize-narrative		0				0
usr/lib/mios/agent-pipe/mios_pipe/access/policy.py	427	427	1	9	c721636c588d	STAY	inline-scoped		0				0
usr/lib/mios/agent-pipe/mios_pipe/access/policy.py	432	439	8	80	5d1bfd67a70c	MIGRATE	narrative-history		0				0
usr/lib/mios/agent-pipe/mios_pipe/access/policy.py	468	468	1	9	e0a6eb14de6c	STAY	inline-scoped		0				0
usr/lib/mios/agent-pipe/mios_pipe/access/quarantine.py	1	2	2	20	35055e3f1328	STAY	ai-header		0				0
usr/lib/mios/agent-pipe/mios_pipe/access/quarantine.py	3	43	40	351	05f8230994f2	MIGRATE	narrative-history	adr-candidate	0				0
usr/lib/mios/agent-pipe/mios_pipe/access/quarantine.py	53	53	1	4	0f4a8a87c938	STAY	inline-scoped		0				0
usr/lib/mios/agent-pipe/mios_pipe/access/quarantine.py	54	54	1	5	9563614dcd03	STAY	inline-scoped		0				0
usr/lib/mios/agent-pipe/mios_pipe/access/quarantine.py	55	55	1	5	0dd796e7ec1c	STAY	inline-scoped		0				0
usr/lib/mios/agent-pipe/mios_pipe/access/quarantine.py	62	65	4	40	18e6b11e275d	MIGRATE	midsize-narrative		0				0
usr/lib/mios/agent-pipe/mios_pipe/access/quarantine.py	70	74	5	57	f274b016055b	STAY	midsize-why		0				0
usr/lib/mios/agent-pipe/mios_pipe/access/quarantine.py	104	117	14	108	eec468986ef1	MIGRATE	narrative-history		0				0
usr/lib/mios/agent-pipe/mios_pipe/access/quarantine.py	126	145	20	194	360c65b513a9	MIGRATE	narrative-history		0				0
usr/lib/mios/agent-pipe/mios_pipe/access/quota.py	1	2	2	23	2636b523a492	STAY	ai-header		0				0
usr/lib/mios/agent-pipe/mios_pipe/access/quota.py	3	16	13	102	cc5d12fd8551	MIGRATE	narrative-rationale		0				0
usr/lib/mios/agent-pipe/mios_pipe/access/quota.py	40	44	5	20	c72d45946d4b	STAY	midsize-why		0				0
usr/lib/mios/agent-pipe/mios_pipe/access/quota.py	53	53	1	3	bc77d07a7e95	STAY	inline-scoped		0				0
usr/lib/mios/agent-pipe/mios_pipe/access/quota.py	68	68	1	4	fabe8adaf4e1	STAY	inline-scoped		0				0
usr/lib/mios/agent-pipe/mios_pipe/access/quota.py	73	74	2	21	9affeae7faf0	STAY	local-scoped		0				0
usr/lib/mios/agent-pipe/mios_pipe/access/quota.py	77	77	1	1	c1740a55e988	STAY	inline-scoped		0				0
usr/lib/mios/agent-pipe/mios_pipe/access/quota.py	99	101	3	17	31b4a50d8246	STAY	midsize-why		0				0
usr/lib/mios/agent-pipe/mios_pipe/access/quota.py	110	112	3	16	8096892d6451	STAY	midsize-why		0				0
usr/lib/mios/agent-pipe/mios_pipe/access/sandbox.py	1	2	2	23	801052b71f33	STAY	ai-header		0				0
usr/lib/mios/agent-pipe/mios_pipe/access/sandbox.py	3	14	11	92	e45dd7beb84a	MIGRATE	narrative-history		0				0
usr/lib/mios/agent-pipe/mios_pipe/access/sandbox.py	30	30	1	7	611fbecd8df5	STAY	local-scoped		0				0
usr/lib/mios/agent-pipe/mios_pipe/access/sandbox.py	37	37	1	7	d7934e3ce627	STAY	inline-scoped		0				0
usr/lib/mios/agent-pipe/mios_pipe/access/sandbox.py	38	38	1	5	6b2fa7c74c2d	STAY	inline-scoped		0				0
usr/lib/mios/agent-pipe/mios_pipe/access/sandbox.py	54	59	6	42	55b5de7a0118	MIGRATE	narrative-rationale		0				0
usr/lib/mios/agent-pipe/mios_pipe/access/sandbox.py	65	65	1	3	28d06c5f44ba	STAY	inline-scoped		0				0
usr/lib/mios/agent-pipe/mios_pipe/access/sandbox.py	74	75	2	25	72caeb8ab3f8	STAY	local-scoped		0				0
usr/lib/mios/agent-pipe/mios_pipe/access/sandbox.py	85	91	7	78	d8830dfbc1b1	MIGRATE	narrative-rationale		0				0
usr/lib/mios/agent-pipe/mios_pipe/access/sandbox.py	106	126	21	159	d0ba2b5efdbb	MIGRATE	narrative-rationale		0				0
usr/lib/mios/agent-pipe/mios_pipe/access/sandbox.py	129	129	1	4	ed21a632ea60	STAY	inline-scoped		0				0
usr/lib/mios/agent-pipe/mios_pipe/access/seccomp.py	1	2	2	12	d1a8f1649ff5	STAY	ai-header		0				0
usr/lib/mios/agent-pipe/mios_pipe/access/seccomp.py	3	3	1	8	ca15b8f73bf0	STAY	local-scoped		0				0
usr/lib/mios/agent-pipe/mios_pipe/access/seccomp.py	10	10	1	8	f7d0a9d638d0	STAY	local-scoped		0				0
usr/lib/mios/agent-pipe/mios_pipe/access/seccomp.py	11	11	1	3	917e6a141a9f	DROP	banner		0				0
usr/lib/mios/agent-pipe/mios_pipe/access/seccomp.py	12	12	1	3	197896fcff81	DROP	banner		0				0
usr/lib/mios/agent-pipe/mios_pipe/access/seccomp.py	13	13	1	2	68b27ad36826	DROP	banner		0				0
usr/lib/mios/agent-pipe/mios_pipe/access/seccomp.py	15	15	1	4	8e6f1b8c33fe	STAY	local-scoped		0				0
usr/lib/mios/agent-pipe/mios_pipe/access/seccomp.py	21	21	1	10	2ddc9565332a	STAY	local-scoped		0				0
usr/lib/mios/agent-pipe/mios_pipe/access/seccomp.py	29	30	2	21	f66b5ac88c55	STAY	local-scoped		0				0
usr/lib/mios/agent-pipe/mios_pipe/access/seccomp.py	46	46	1	14	fc9c820128d4	STAY	local-scoped		0				0
usr/lib/mios/agent-pipe/mios_pipe/access/seccomp.py	57	57	1	7	41ebb6508e31	STAY	local-scoped		0				0
usr/lib/mios/agent-pipe/mios_pipe/access/seccomp.py	75	77	3	20	7f378d56a8aa	STAY	midsize-why		0				0
usr/lib/mios/agent-pipe/mios_pipe/access/seccomp.py	91	93	3	18	db9563e9484f	STAY	midsize-why		0				0
usr/lib/mios/agent-pipe/mios_pipe/access/seccomp.py	105	105	1	5	60b3a1ba6c1a	STAY	inline-scoped		0				0
usr/lib/mios/agent-pipe/mios_pipe/access/seccomp.py	109	109	1	4	984c7a683c1f	STAY	inline-scoped		0				0
usr/lib/mios/agent-pipe/mios_pipe/access/secset.py	1	2	2	21	e24baf35a268	STAY	ai-header		0				0
usr/lib/mios/agent-pipe/mios_pipe/access/secset.py	3	13	10	99	3843966bb641	MIGRATE	narrative-rationale		0				0
usr/lib/mios/agent-pipe/mios_pipe/access/secset.py	26	27	2	22	95f08ac1f95f	STAY	local-scoped		0				0
usr/lib/mios/agent-pipe/mios_pipe/access/secset.py	32	33	2	16	1c51afd937fa	STAY	local-scoped		0				0
usr/lib/mios/agent-pipe/mios_pipe/access/secset.py	38	39	2	18	6799b16e0601	STAY	local-scoped		0				0
usr/lib/mios/agent-pipe/mios_pipe/auth.py	1	1	1	5	e404b41b7c90	STAY	ai-header		0				0
usr/lib/mios/agent-pipe/mios_pipe/auth.py	2	2	1	4	062cb2a4a6d2	STAY	local-scoped		0				0
usr/lib/mios/agent-pipe/mios_pipe/auth.py	31	32	2	12	c4587fe7d5f4	STAY	local-scoped		0				0
usr/lib/mios/agent-pipe/mios_pipe/auth.py	70	70	1	12	dbb505b52f38	STAY	local-scoped		0				0
usr/lib/mios/agent-pipe/mios_pipe/context/__init__.py	1	1	1	4	e98141936849	STAY	ai-header		0				0
usr/lib/mios/agent-pipe/mios_pipe/context/compact.py	1	2	2	21	2d7803884b70	STAY	ai-header		0				0
usr/lib/mios/agent-pipe/mios_pipe/context/compact.py	3	18	15	104	a51b0ea20546	MIGRATE	narrative-rationale		0				0
usr/lib/mios/agent-pipe/mios_pipe/context/compact.py	28	28	1	10	d2fce0a27262	STAY	local-scoped		0				0
usr/lib/mios/agent-pipe/mios_pipe/context/compact.py	34	34	1	7	f35abdb05e44	STAY	inline-scoped		0				0
usr/lib/mios/agent-pipe/mios_pipe/context/compact.py	35	35	1	5	0b68d3b5a0c4	STAY	inline-scoped		0				0
usr/lib/mios/agent-pipe/mios_pipe/context/compact.py	36	36	1	5	9d8ed9ece596	STAY	inline-scoped		0				0
usr/lib/mios/agent-pipe/mios_pipe/context/compact.py	50	57	8	61	d0d1ebdb2522	MIGRATE	narrative-rationale		0				0
usr/lib/mios/agent-pipe/mios_pipe/context/ctxpack.py	1	2	2	11	14de1ffba828	STAY	ai-header		0				0
usr/lib/mios/agent-pipe/mios_pipe/context/ctxpack.py	3	17	14	105	b1519b918772	MIGRATE	narrative-rationale		0				0
usr/lib/mios/agent-pipe/mios_pipe/context/ctxpack.py	27	27	1	9	91cf8de09a9e	STAY	local-scoped		0				0
usr/lib/mios/agent-pipe/mios_pipe/context/ctxpack.py	50	55	6	50	e1ff87b7b627	MIGRATE	narrative-rationale		0				0
usr/lib/mios/agent-pipe/mios_pipe/context/ctxpack.py	65	65	1	4	bcbfc864038a	STAY	inline-scoped		0				0
usr/lib/mios/agent-pipe/mios_pipe/context/grounding.py	1	2	2	14	83205fa463db	STAY	ai-header		0				0
usr/lib/mios/agent-pipe/mios_pipe/context/grounding.py	3	14	11	77	371cad9fae1a	MIGRATE	narrative-rationale		0				0
usr/lib/mios/agent-pipe/mios_pipe/context/grounding.py	48	48	1	11	7ddd7561ed0f	STAY	local-scoped		0				0
usr/lib/mios/agent-pipe/mios_pipe/context/grounding.py	63	69	7	77	37a34aa81f04	MIGRATE	narrative-history		0				0
usr/lib/mios/agent-pipe/mios_pipe/context/grounding.py	103	118	16	134	83b29bd77a9a	MIGRATE	narrative-history		0				0
usr/lib/mios/agent-pipe/mios_pipe/context/grounding.py	123	123	1	7	5404a09aa25a	STAY	inline-scoped		0				0
usr/lib/mios/agent-pipe/mios_pipe/context/grounding.py	150	150	1	11	b5f7621f46c4	STAY	local-scoped		0				0
usr/lib/mios/agent-pipe/mios_pipe/context/grounding.py	233	238	6	63	1c1f53773b50	MIGRATE	narrative-history		0				0
usr/lib/mios/agent-pipe/mios_pipe/context/grounding.py	247	247	1	2	f56ee1e18c22	STAY	inline-scoped		0				0
usr/lib/mios/agent-pipe/mios_pipe/context/grounding.py	256	263	8	73	24eeb4ebff7a	MIGRATE	narrative-history		0				0
usr/lib/mios/agent-pipe/mios_pipe/context/grounding.py	351	360	10	92	f835ba87f897	MIGRATE	narrative-history		0				0
usr/lib/mios/agent-pipe/mios_pipe/context/grounding.py	391	395	5	55	ed5c59f67cb2	STAY	midsize-why		0				0
usr/lib/mios/agent-pipe/mios_pipe/context/grounding.py	432	440	9	96	ecf18a54098a	MIGRATE	narrative-rationale		0				0
usr/lib/mios/agent-pipe/mios_pipe/context/grounding.py	522	528	7	68	16c83df3c8e3	MIGRATE	narrative-rationale		0				0
usr/lib/mios/agent-pipe/mios_pipe/context/grounding.py	544	547	4	40	529acd856322	STAY	midsize-why		0				0
usr/lib/mios/agent-pipe/mios_pipe/context/grounding.py	553	553	1	7	7d19e2282940	STAY	inline-scoped		0				0
usr/lib/mios/agent-pipe/mios_pipe/context/grounding.py	558	564	7	77	dce689bf9d35	MIGRATE	narrative-history		0				0
usr/lib/mios/agent-pipe/mios_pipe/context/grounding.py	577	577	1	9	39b9a13313fd	STAY	inline-scoped		0				0
usr/lib/mios/agent-pipe/mios_pipe/context/grounding.py	582	589	8	67	fbeef67db77a	MIGRATE	narrative-rationale		0				0
usr/lib/mios/agent-pipe/mios_pipe/context/grounding.py	705	705	1	5	c8cfa29505a6	STAY	inline-scoped		0				0
usr/lib/mios/agent-pipe/mios_pipe/context/grounding.py	714	714	1	2	f56ee1e18c22	STAY	inline-scoped		0				0
usr/lib/mios/agent-pipe/mios_pipe/context/grounding.py	725	725	1	5	7e678a492864	STAY	inline-scoped		0				0
usr/lib/mios/agent-pipe/mios_pipe/context/grounding.py	730	730	1	7	2957ced75db6	STAY	inline-scoped		0				0
usr/lib/mios/agent-pipe/mios_pipe/context/grounding.py	736	740	5	54	462d85580302	MIGRATE	midsize-narrative		0				0
usr/lib/mios/agent-pipe/mios_pipe/context/kvfork.py	1	2	2	20	888d3f92118a	STAY	ai-header		0				0
usr/lib/mios/agent-pipe/mios_pipe/context/kvfork.py	3	42	39	328	6516b5d1056a	MIGRATE	narrative-rationale		0				0
usr/lib/mios/agent-pipe/mios_pipe/context/kvfork.py	56	59	4	35	7155bf0153bc	STAY	midsize-why		0				0
usr/lib/mios/agent-pipe/mios_pipe/context/kvfork.py	65	68	4	46	95495ea5dc90	STAY	midsize-why		0				0
usr/lib/mios/agent-pipe/mios_pipe/context/kvfork.py	73	80	8	61	962dc2464cfb	MIGRATE	narrative-history		0				0
usr/lib/mios/agent-pipe/mios_pipe/context/kvfork.py	96	105	10	91	2fb25ef2d788	MIGRATE	narrative-rationale		0				0
usr/lib/mios/agent-pipe/mios_pipe/context/kvfork.py	115	121	7	72	1cbbaa9b2af5	MIGRATE	narrative-rationale		0				0
usr/lib/mios/agent-pipe/mios_pipe/context/kvfork.py	131	132	2	19	b6a0396a2712	STAY	local-scoped		0				0
usr/lib/mios/agent-pipe/mios_pipe/context/kvfork.py	146	148	3	36	f700757174a4	STAY	midsize-why		0				0
usr/lib/mios/agent-pipe/mios_pipe/context/kvgc.py	1	2	2	21	3c580b98cb9c	STAY	ai-header		0				0
usr/lib/mios/agent-pipe/mios_pipe/context/kvgc.py	3	11	9	85	3d8f6b3bf4d6	MIGRATE	narrative-rationale		0				0
usr/lib/mios/agent-pipe/mios_pipe/context/kvgc.py	19	19	1	13	d2c49c53f6e9	STAY	local-scoped		0				0
usr/lib/mios/agent-pipe/mios_pipe/context/kvgc.py	27	27	1	3	97fa66c2218d	STAY	inline-scoped		0				0
usr/lib/mios/agent-pipe/mios_pipe/context/kvgc.py	40	48	9	66	8a7d91922954	MIGRATE	narrative-rationale		0				0
usr/lib/mios/agent-pipe/mios_pipe/context/promptfmt.py	1	2	2	17	3968356ea8b0	STAY	ai-header		0				0
usr/lib/mios/agent-pipe/mios_pipe/context/promptfmt.py	3	3	1	7	0614c1be824b	STAY	local-scoped		0				0
usr/lib/mios/agent-pipe/mios_pipe/context/promptfmt.py	11	17	7	72	17120f99c511	MIGRATE	narrative-history		0				0
usr/lib/mios/agent-pipe/mios_pipe/context/promptfmt.py	95	104	10	66	61db4666603a	MIGRATE	narrative-rationale		0				0
usr/lib/mios/agent-pipe/mios_pipe/context/promptfmt.py	156	159	4	39	5012dd72a750	MIGRATE	midsize-narrative		0				0
usr/lib/mios/agent-pipe/mios_pipe/context/promptver.py	1	2	2	15	324b54cd3e68	STAY	ai-header		0				0
usr/lib/mios/agent-pipe/mios_pipe/context/promptver.py	3	20	17	130	784582ea411c	MIGRATE	narrative-history		0				0
usr/lib/mios/agent-pipe/mios_pipe/context/promptver.py	28	28	1	9	debf28e1a0f2	STAY	local-scoped		0				0
usr/lib/mios/agent-pipe/mios_pipe/context/promptver.py	34	35	2	19	07d8a6d178b1	STAY	local-scoped		0				0
usr/lib/mios/agent-pipe/mios_pipe/context/promptver.py	38	38	1	5	64d7a204480b	STAY	inline-scoped		0				0
usr/lib/mios/agent-pipe/mios_pipe/context/promptver.py	39	39	1	4	a1f68bde7d9f	STAY	inline-scoped		0				0
usr/lib/mios/agent-pipe/mios_pipe/context/promptver.py	43	46	4	46	dbd14944cad4	STAY	midsize-why		0				0
usr/lib/mios/agent-pipe/mios_pipe/context/promptver.py	51	51	1	3	41b2f5cfee66	STAY	inline-scoped		0				0
usr/lib/mios/agent-pipe/mios_pipe/context/promptver.py	70	72	3	34	daaf06806a62	STAY	midsize-why		0				0
usr/lib/mios/agent-pipe/mios_pipe/context/promptver.py	80	81	2	17	6884a3b5d164	STAY	local-scoped		0				0
usr/lib/mios/agent-pipe/mios_pipe/context/scratchpad.py	1	2	2	10	b74e29ead21a	STAY	ai-header		0				0
usr/lib/mios/agent-pipe/mios_pipe/context/scratchpad.py	3	3	1	4	721edea8499f	STAY	local-scoped		0				0
usr/lib/mios/agent-pipe/mios_pipe/context/scratchpad.py	32	32	1	8	b8da029b00b4	STAY	local-scoped		0				0
usr/lib/mios/agent-pipe/mios_pipe/context/scratchpad.py	60	60	1	6	a3c7e26320a9	STAY	local-scoped		0				0
usr/lib/mios/agent-pipe/mios_pipe/context/scratchpad.py	79	80	2	21	d458844571f9	STAY	local-scoped		0				0
usr/lib/mios/agent-pipe/mios_pipe/context/scratchpad.py	116	116	1	12	b9cb8dfa4fea	STAY	local-scoped		0				0
usr/lib/mios/agent-pipe/mios_pipe/context/scratchpad.py	136	137	2	21	588fca7a27b5	STAY	local-scoped		0				0
usr/lib/mios/agent-pipe/mios_pipe/context/tokenize.py	1	2	2	21	9c9a015a7fbd	STAY	ai-header		0				0
usr/lib/mios/agent-pipe/mios_pipe/context/tokenize.py	3	28	25	214	0758ca1a1d24	MIGRATE	narrative-rationale		0				0
usr/lib/mios/agent-pipe/mios_pipe/context/tokenize.py	38	38	1	11	a14b68415cc8	STAY	local-scoped		0				0
usr/lib/mios/agent-pipe/mios_pipe/context/tokenize.py	51	59	9	92	4162f1ffe678	MIGRATE	narrative-rationale		0				0
usr/lib/mios/agent-pipe/mios_pipe/context/tokenize.py	66	66	1	5	b35d443d7c54	STAY	inline-scoped		0				0
usr/lib/mios/agent-pipe/mios_pipe/context/tokenize.py	84	88	5	46	f1955f28dd41	STAY	midsize-why		0				0
usr/lib/mios/agent-pipe/mios_pipe/context/tokenize.py	93	93	1	2	58a8d29067a3	STAY	inline-scoped		0				0
usr/lib/mios/agent-pipe/mios_pipe/context/tokenize.py	114	118	5	55	e64dc75cf6ee	MIGRATE	midsize-narrative		0				0
usr/lib/mios/agent-pipe/mios_pipe/context/tokenize.py	125	133	9	74	ab2ca8730788	MIGRATE	narrative-rationale		0				0
usr/lib/mios/agent-pipe/mios_pipe/context/tokenize.py	142	142	1	8	d107f2acda9c	STAY	inline-scoped		0				0
usr/lib/mios/agent-pipe/mios_pipe/context/tokenize.py	156	156	1	6	bbce1ddfd61e	STAY	local-scoped		0				0
usr/lib/mios/agent-pipe/mios_pipe/context/tokenize.py	159	159	1	6	0927900539e2	STAY	inline-scoped		0				0
usr/lib/mios/agent-pipe/mios_pipe/context/tokenize.py	165	172	8	80	be235b09b59c	MIGRATE	narrative-rationale		0				0
usr/lib/mios/agent-pipe/mios_pipe/context/tokenize.py	184	186	3	31	6da908ddb01c	STAY	midsize-why		0				0
usr/lib/mios/agent-pipe/mios_pipe/context/tokenize.py	197	197	1	7	15ff4f4719ca	STAY	inline-scoped		0				0
usr/lib/mios/agent-pipe/mios_pipe/context/tokenize.py	235	239	5	52	a3a2c577f7a8	STAY	midsize-why		0				0
usr/lib/mios/agent-pipe/mios_pipe/context/tokenize.py	240	240	1	5	699a7f38610e	STAY	inline-scoped		0				0
usr/lib/mios/agent-pipe/mios_pipe/db.py	1	1	1	5	5c2973059861	STAY	ai-header		0				0
usr/lib/mios/agent-pipe/mios_pipe/db.py	2	2	1	5	a8e8fdfe0671	STAY	local-scoped		0				0
usr/lib/mios/agent-pipe/mios_pipe/dbwrite.py	1	2	2	10	62ce8df39801	STAY	ai-header		0				0
usr/lib/mios/agent-pipe/mios_pipe/dbwrite.py	3	3	1	4	6df69026b1cc	STAY	local-scoped		0				0
usr/lib/mios/agent-pipe/mios_pipe/dbwrite.py	25	25	1	4	dbd7bb7e73c6	STAY	local-scoped		0				0
usr/lib/mios/agent-pipe/mios_pipe/dbwrite.py	44	44	1	5	e6be4f93a4f1	STAY	local-scoped		0				0
usr/lib/mios/agent-pipe/mios_pipe/dbwrite.py	54	54	1	11	2631e430dc27	STAY	local-scoped		0				0
usr/lib/mios/agent-pipe/mios_pipe/dbwrite.py	70	70	1	9	2205d2a50eb0	STAY	local-scoped		0				0
usr/lib/mios/agent-pipe/mios_pipe/dbwrite.py	108	108	1	7	ff58bc54de3e	STAY	local-scoped		0				0
usr/lib/mios/agent-pipe/mios_pipe/federation/__init__.py	1	1	1	4	a1f66d42841a	STAY	ai-header		0				0
usr/lib/mios/agent-pipe/mios_pipe/federation/a2a.py	1	2	2	15	d8bcca48186b	STAY	ai-header		0				0
usr/lib/mios/agent-pipe/mios_pipe/federation/a2a.py	3	22	19	148	fae559cdf10a	MIGRATE	narrative-rationale		0				0
usr/lib/mios/agent-pipe/mios_pipe/federation/a2a.py	93	97	5	47	2bf80c114c7a	STAY	midsize-why		0				0
usr/lib/mios/agent-pipe/mios_pipe/federation/a2a.py	177	177	1	12	e6cfb08ba4d7	STAY	local-scoped		0				0
usr/lib/mios/agent-pipe/mios_pipe/federation/a2a.py	183	185	3	30	fd66986f0ce5	STAY	midsize-why		0				0
usr/lib/mios/agent-pipe/mios_pipe/federation/a2a.py	219	223	5	42	7959960761b0	STAY	midsize-why		0				0
usr/lib/mios/agent-pipe/mios_pipe/federation/a2a.py	305	306	2	18	7dce62a7bccd	STAY	local-scoped		0				0
usr/lib/mios/agent-pipe/mios_pipe/federation/a2a.py	312	315	4	35	8b2024d8a89a	STAY	midsize-why		0				0
usr/lib/mios/agent-pipe/mios_pipe/federation/a2a.py	409	412	4	31	057b59ac5cea	STAY	midsize-why		0				0
usr/lib/mios/agent-pipe/mios_pipe/federation/a2a.py	492	492	1	6	8c9f55437408	STAY	inline-scoped		0				0
usr/lib/mios/agent-pipe/mios_pipe/federation/a2a.py	493	493	1	3	e41511220b22	STAY	inline-scoped		0				0
usr/lib/mios/agent-pipe/mios_pipe/federation/a2a.py	508	508	1	10	5ecbe55ac5cd	STAY	local-scoped		0				0
usr/lib/mios/agent-pipe/mios_pipe/federation/a2a.py	512	512	1	2	f56ee1e18c22	STAY	inline-scoped		0				0
usr/lib/mios/agent-pipe/mios_pipe/federation/a2a.py	535	535	1	6	a6291d025d1b	STAY	inline-scoped		0				0
usr/lib/mios/agent-pipe/mios_pipe/federation/a2a.py	542	547	6	68	bc71d7a62799	MIGRATE	narrative-rationale		0				0
usr/lib/mios/agent-pipe/mios_pipe/federation/a2a.py	572	573	2	18	73246b4d7c86	STAY	local-scoped		0				0
usr/lib/mios/agent-pipe/mios_pipe/federation/a2a.py	583	596	14	106	9fa99e9f93ac	MIGRATE	narrative-history		0				0
usr/lib/mios/agent-pipe/mios_pipe/federation/a2a.py	613	616	4	46	3136a8fafd09	MIGRATE	midsize-narrative		0				0
usr/lib/mios/agent-pipe/mios_pipe/federation/a2a.py	624	624	1	8	5b593f1b40e3	STAY	inline-scoped		0				0
usr/lib/mios/agent-pipe/mios_pipe/federation/a2a.py	630	632	3	29	77d9f5b4e997	STAY	midsize-why		0				0
usr/lib/mios/agent-pipe/mios_pipe/federation/a2a.py	647	650	4	40	e0b55c90dc58	MIGRATE	midsize-narrative		0				0
usr/lib/mios/agent-pipe/mios_pipe/federation/a2a.py	658	658	1	6	da4fdf92a700	STAY	inline-scoped		0				0
usr/lib/mios/agent-pipe/mios_pipe/federation/a2a.py	664	667	4	46	4c6350f4162f	STAY	midsize-why		0				0
usr/lib/mios/agent-pipe/mios_pipe/federation/a2a.py	672	674	3	42	1d3460c45762	STAY	midsize-why		0				0
usr/lib/mios/agent-pipe/mios_pipe/federation/a2a.py	680	683	4	48	1bb9b1d067fb	STAY	midsize-why		0				0
usr/lib/mios/agent-pipe/mios_pipe/federation/a2a.py	696	696	1	5	7628d61649e6	STAY	inline-scoped		0				0
usr/lib/mios/agent-pipe/mios_pipe/federation/a2a.py	698	698	1	2	798579422b91	STAY	inline-scoped		0				0
usr/lib/mios/agent-pipe/mios_pipe/federation/a2a.py	704	704	1	2	5ecd042ec17e	STAY	inline-scoped		0				0
usr/lib/mios/agent-pipe/mios_pipe/federation/a2a.py	705	705	1	7	9db9fa477377	STAY	inline-scoped		0				0
usr/lib/mios/agent-pipe/mios_pipe/federation/a2a.py	710	714	5	60	aaa9caa545f7	MIGRATE	narrative-history		0				0
usr/lib/mios/agent-pipe/mios_pipe/federation/a2a.py	717	717	1	6	bc32411dc6e2	STAY	inline-scoped		0				0
usr/lib/mios/agent-pipe/mios_pipe/federation/a2a.py	729	729	1	3	9d8b7100cdb0	STAY	inline-scoped		0				0
usr/lib/mios/agent-pipe/mios_pipe/federation/a2a.py	734	737	4	42	599d73b8d5f1	STAY	midsize-why		0				0
usr/lib/mios/agent-pipe/mios_pipe/federation/a2a.py	748	748	1	2	6869b665709d	STAY	inline-scoped		0				0
usr/lib/mios/agent-pipe/mios_pipe/federation/a2a.py	752	757	6	64	e90ec7eb4efd	MIGRATE	narrative-rationale		0				0
usr/lib/mios/agent-pipe/mios_pipe/federation/a2a.py	765	765	1	2	f56ee1e18c22	STAY	inline-scoped		0				0
usr/lib/mios/agent-pipe/mios_pipe/federation/a2a.py	782	788	7	56	f931f6f8c0df	MIGRATE	narrative-history		0				0
usr/lib/mios/agent-pipe/mios_pipe/federation/a2a.py	798	798	1	8	4d9693988553	STAY	inline-scoped		0				0
usr/lib/mios/agent-pipe/mios_pipe/federation/a2a.py	823	827	5	51	51de50159569	STAY	midsize-why		0				0
usr/lib/mios/agent-pipe/mios_pipe/federation/a2a.py	843	846	4	40	772ec31b84c8	STAY	midsize-why		0				0
usr/lib/mios/agent-pipe/mios_pipe/federation/a2a.py	864	864	1	11	b488dbda1a4b	STAY	local-scoped		0				0
usr/lib/mios/agent-pipe/mios_pipe/federation/a2a.py	876	876	1	4	52b938b3109e	STAY	inline-scoped		0				0
usr/lib/mios/agent-pipe/mios_pipe/federation/a2a.py	900	903	4	39	0ed52d865951	STAY	midsize-why		0				0
usr/lib/mios/agent-pipe/mios_pipe/federation/a2a.py	925	925	1	2	f56ee1e18c22	STAY	inline-scoped		0				0
usr/lib/mios/agent-pipe/mios_pipe/federation/a2a.py	930	935	6	55	057501f97288	MIGRATE	narrative-rationale		0				0
usr/lib/mios/agent-pipe/mios_pipe/federation/a2a.py	975	975	1	6	435dcd9c6fd0	STAY	inline-scoped		0				0
usr/lib/mios/agent-pipe/mios_pipe/federation/a2a.py	991	995	5	57	f6706b6445c2	STAY	midsize-why		0				0
usr/lib/mios/agent-pipe/mios_pipe/federation/a2a.py	1028	1028	1	5	cf6d3ded0fe7	STAY	inline-scoped		0				0
usr/lib/mios/agent-pipe/mios_pipe/federation/a2a.py	1033	1033	1	6	40d5a5e52fe3	STAY	inline-scoped		0				0
usr/lib/mios/agent-pipe/mios_pipe/federation/a2a.py	1034	1034	1	5	dad3325d8974	STAY	inline-scoped		0				0
usr/lib/mios/agent-pipe/mios_pipe/federation/a2a.py	1192	1192	1	8	4fbd64991ac1	STAY	local-scoped		0				0
usr/lib/mios/agent-pipe/mios_pipe/federation/a2a.py	1202	1208	7	75	694c7ac11cca	MIGRATE	narrative-rationale		0				0
usr/lib/mios/agent-pipe/mios_pipe/federation/a2a.py	1226	1226	1	3	7ae226135a60	STAY	inline-scoped		0				0
usr/lib/mios/agent-pipe/mios_pipe/federation/a2a.py	1228	1228	1	6	89a903a61d3a	STAY	inline-scoped		0				0
usr/lib/mios/agent-pipe/mios_pipe/federation/a2a.py	1229	1229	1	6	e131bbb9bf91	STAY	inline-scoped		0				0
usr/lib/mios/agent-pipe/mios_pipe/federation/a2a.py	1237	1240	4	30	fa9d60361998	STAY	midsize-why		0				0
usr/lib/mios/agent-pipe/mios_pipe/federation/a2a.py	1243	1243	1	2	f56ee1e18c22	STAY	inline-scoped		0				0
usr/lib/mios/agent-pipe/mios_pipe/federation/a2a.py	1249	1249	1	2	6a285c0f28c7	STAY	inline-scoped		0				0
usr/lib/mios/agent-pipe/mios_pipe/federation/a2a.py	1262	1264	3	29	477a1e339816	STAY	midsize-why		0				0
usr/lib/mios/agent-pipe/mios_pipe/federation/a2a.py	1284	1287	4	38	67f286db8a16	STAY	midsize-why		0				0
usr/lib/mios/agent-pipe/mios_pipe/federation/a2a.py	1290	1290	1	2	f56ee1e18c22	STAY	inline-scoped		0				0
usr/lib/mios/agent-pipe/mios_pipe/federation/a2a.py	1322	1324	3	26	b3545618647b	STAY	midsize-why		0				0
usr/lib/mios/agent-pipe/mios_pipe/federation/a2a.py	1351	1353	3	25	d659aebd0d28	STAY	midsize-why		0				0
usr/lib/mios/agent-pipe/mios_pipe/federation/a2a.py	1377	1386	10	95	2d1eee7d4df7	MIGRATE	narrative-history		0				0
usr/lib/mios/agent-pipe/mios_pipe/federation/a2a.py	1392	1397	6	57	7203f8552f2d	MIGRATE	narrative-history		0				0
usr/lib/mios/agent-pipe/mios_pipe/federation/a2a.py	1403	1403	1	8	f9608f69fb7d	STAY	local-scoped		0				0
usr/lib/mios/agent-pipe/mios_pipe/federation/a2a.py	1409	1413	5	46	61ace7948741	STAY	midsize-why		0				0
usr/lib/mios/agent-pipe/mios_pipe/federation/a2a.py	1419	1420	2	15	2d993c36bbcb	STAY	local-scoped		0				0
usr/lib/mios/agent-pipe/mios_pipe/federation/a2a.py	1426	1427	2	18	3122826385b6	STAY	local-scoped		0				0
usr/lib/mios/agent-pipe/mios_pipe/federation/a2a.py	1439	1442	4	34	0cd1f5ebede0	STAY	midsize-why		0				0
usr/lib/mios/agent-pipe/mios_pipe/federation/a2a.py	1450	1450	1	7	1891330ca6be	STAY	local-scoped		0				0
usr/lib/mios/agent-pipe/mios_pipe/federation/a2a.py	1456	1456	1	6	ee7619b7548d	STAY	local-scoped		0				0
usr/lib/mios/agent-pipe/mios_pipe/federation/a2a.py	1462	1464	3	22	7b2d941e5a6e	STAY	midsize-why		0				0
usr/lib/mios/agent-pipe/mios_pipe/federation/a2a.py	1470	1472	3	26	2840f709e787	STAY	midsize-why		0				0
usr/lib/mios/agent-pipe/mios_pipe/federation/a2a.py	1478	1481	4	37	fa7a94eb23a3	STAY	midsize-why		0				0
usr/lib/mios/agent-pipe/mios_pipe/federation/a2a.py	1496	1496	1	1	e6bd96903fc0	DROP	banner		0				0
usr/lib/mios/agent-pipe/mios_pipe/federation/a2a.py	1501	1503	3	25	3822223ee9ea	STAY	midsize-why		0				0
usr/lib/mios/agent-pipe/mios_pipe/federation/a2a.py	1509	1513	5	38	422dd5968e95	STAY	midsize-why		0				0
usr/lib/mios/agent-pipe/mios_pipe/federation/a2a.py	1519	1521	3	25	c4d588393f8c	STAY	midsize-why		0				0
usr/lib/mios/agent-pipe/mios_pipe/federation/a2a.py	1527	1530	4	27	a8eba841bce0	STAY	midsize-why		0				0
usr/lib/mios/agent-pipe/mios_pipe/federation/a2a.py	1536	1537	2	13	79ffb8eddfc8	STAY	local-scoped		0				0
usr/lib/mios/agent-pipe/mios_pipe/federation/a2a.py	1543	1543	1	7	49bfc61ac77c	STAY	local-scoped		0				0
usr/lib/mios/agent-pipe/mios_pipe/federation/a2a_client.py	1	2	2	15	dcec91201859	STAY	ai-header		0				0
usr/lib/mios/agent-pipe/mios_pipe/federation/a2a_client.py	3	24	21	158	a5096accbfb4	MIGRATE	narrative-rationale		0				0
usr/lib/mios/agent-pipe/mios_pipe/federation/a2a_client.py	59	59	1	8	10b05601326e	STAY	local-scoped		0				0
usr/lib/mios/agent-pipe/mios_pipe/federation/a2a_client.py	68	70	3	23	d2ddbe822ab9	STAY	midsize-why		0				0
usr/lib/mios/agent-pipe/mios_pipe/federation/a2a_client.py	97	104	8	91	f235ade235ad	MIGRATE	narrative-history		0				0
usr/lib/mios/agent-pipe/mios_pipe/federation/a2a_client.py	113	115	3	33	bdf2e789b889	STAY	midsize-why		0				0
usr/lib/mios/agent-pipe/mios_pipe/federation/a2a_client.py	147	148	2	22	2ba02799a869	STAY	local-scoped		0				0
usr/lib/mios/agent-pipe/mios_pipe/federation/a2a_client.py	223	228	6	57	54b4f984c03e	MIGRATE	narrative-rationale		0				0
usr/lib/mios/agent-pipe/mios_pipe/federation/a2a_client.py	244	244	1	4	51c8a51e4847	STAY	inline-scoped		0				0
usr/lib/mios/agent-pipe/mios_pipe/federation/a2a_client.py	247	247	1	3	f95eb106250d	STAY	inline-scoped		0				0
usr/lib/mios/agent-pipe/mios_pipe/federation/a2a_client.py	250	250	1	2	f56ee1e18c22	STAY	inline-scoped		0				0
usr/lib/mios/agent-pipe/mios_pipe/federation/a2a_client.py	260	264	5	56	ecedcd420174	MIGRATE	midsize-narrative		0				0
usr/lib/mios/agent-pipe/mios_pipe/federation/a2a_client.py	287	289	3	32	d313cd6a2696	STAY	midsize-why		0				0
usr/lib/mios/agent-pipe/mios_pipe/federation/a2a_client.py	359	359	1	2	f56ee1e18c22	STAY	inline-scoped		0				0
usr/lib/mios/agent-pipe/mios_pipe/federation/a2a_client.py	366	371	6	52	0371e1296483	MIGRATE	narrative-rationale		0				0
usr/lib/mios/agent-pipe/mios_pipe/federation/a2a_client.py	397	399	3	27	4ebda9d87efc	STAY	midsize-why		0				0
usr/lib/mios/agent-pipe/mios_pipe/federation/a2a_client.py	422	424	3	28	749039d61e52	STAY	midsize-why		0				0
usr/lib/mios/agent-pipe/mios_pipe/federation/a2a_client.py	484	486	3	24	e4b6917aaba5	STAY	midsize-why		0				0
usr/lib/mios/agent-pipe/mios_pipe/federation/agentcard_sign.py	1	2	2	12	1af2b8a69d4c	STAY	ai-header		0				0
usr/lib/mios/agent-pipe/mios_pipe/federation/agentcard_sign.py	3	3	1	11	53321bf15e88	STAY	local-scoped		0				0
usr/lib/mios/agent-pipe/mios_pipe/federation/agentcard_sign.py	19	19	1	7	46f789e39ed5	STAY	local-scoped		0				0
usr/lib/mios/agent-pipe/mios_pipe/federation/agentcard_sign.py	24	25	2	15	48e200e564bb	STAY	local-scoped		0				0
usr/lib/mios/agent-pipe/mios_pipe/federation/agentcard_sign.py	31	33	3	20	defa239faaba	STAY	midsize-why		0				0
usr/lib/mios/agent-pipe/mios_pipe/federation/agentcard_sign.py	39	40	2	18	5049da8d5895	STAY	local-scoped		0				0
usr/lib/mios/agent-pipe/mios_pipe/federation/agentcard_sign.py	46	47	2	21	21c62997b756	STAY	local-scoped		0				0
usr/lib/mios/agent-pipe/mios_pipe/federation/agentcard_sign.py	61	61	1	3	9d8b7100cdb0	STAY	inline-scoped		0				0
usr/lib/mios/agent-pipe/mios_pipe/federation/agentcard_sign.py	67	68	2	15	9bfac39c3de6	STAY	local-scoped		0				0
usr/lib/mios/agent-pipe/mios_pipe/federation/agentcard_sign.py	79	79	1	2	f56ee1e18c22	STAY	inline-scoped		0				0
usr/lib/mios/agent-pipe/mios_pipe/federation/agentcard_sign.py	104	104	1	2	f56ee1e18c22	STAY	inline-scoped		0				0
usr/lib/mios/agent-pipe/mios_pipe/federation/http_caps.py	1	2	2	16	0f1f51b23a6f	STAY	ai-header		0				0
usr/lib/mios/agent-pipe/mios_pipe/federation/http_caps.py	3	19	16	134	13effd9ca4db	MIGRATE	narrative-rationale		0				0
usr/lib/mios/agent-pipe/mios_pipe/federation/http_caps.py	87	89	3	26	4d2b85d18035	STAY	midsize-why		0				0
usr/lib/mios/agent-pipe/mios_pipe/federation/http_caps.py	206	206	1	2	f56ee1e18c22	STAY	inline-scoped		0				0
usr/lib/mios/agent-pipe/mios_pipe/federation/http_caps.py	222	222	1	6	4f3a5429e9d7	STAY	inline-scoped		0				0
usr/lib/mios/agent-pipe/mios_pipe/federation/http_caps.py	229	229	1	6	4f3a5429e9d7	STAY	inline-scoped		0				0
usr/lib/mios/agent-pipe/mios_pipe/federation/http_caps.py	284	284	1	2	f56ee1e18c22	STAY	inline-scoped		0				0
usr/lib/mios/agent-pipe/mios_pipe/federation/http_caps.py	294	294	1	6	a6291d025d1b	STAY	inline-scoped		0				0
usr/lib/mios/agent-pipe/mios_pipe/federation/http_caps.py	309	309	1	6	a6291d025d1b	STAY	inline-scoped		0				0
usr/lib/mios/agent-pipe/mios_pipe/federation/http_caps.py	322	322	1	2	f56ee1e18c22	STAY	inline-scoped		0				0
usr/lib/mios/agent-pipe/mios_pipe/federation/http_caps.py	335	335	1	6	4f3a5429e9d7	STAY	inline-scoped		0				0
usr/lib/mios/agent-pipe/mios_pipe/federation/http_caps.py	340	340	1	6	4f3a5429e9d7	STAY	inline-scoped		0				0
usr/lib/mios/agent-pipe/mios_pipe/federation/http_caps.py	377	377	1	2	f56ee1e18c22	STAY	inline-scoped		0				0
usr/lib/mios/agent-pipe/mios_pipe/federation/http_caps.py	386	386	1	2	f56ee1e18c22	STAY	inline-scoped		0				0
usr/lib/mios/agent-pipe/mios_pipe/federation/http_caps.py	448	448	1	2	f56ee1e18c22	STAY	inline-scoped		0				0
usr/lib/mios/agent-pipe/mios_pipe/federation/http_caps.py	600	604	5	45	0c470923608b	STAY	midsize-why		0				0
usr/lib/mios/agent-pipe/mios_pipe/federation/http_caps.py	610	615	6	63	03b051f3ff57	MIGRATE	narrative-history		0				0
usr/lib/mios/agent-pipe/mios_pipe/federation/http_caps.py	621	623	3	29	519d4edac9de	MIGRATE	midsize-narrative		0				0
usr/lib/mios/agent-pipe/mios_pipe/federation/http_caps.py	629	635	7	58	cae0156b4870	MIGRATE	narrative-history		0				0
usr/lib/mios/agent-pipe/mios_pipe/federation/http_caps.py	641	647	7	74	bd259560fafd	MIGRATE	narrative-history		0				0
usr/lib/mios/agent-pipe/mios_pipe/federation/http_caps.py	653	657	5	44	22d504f82cd1	MIGRATE	midsize-narrative		0				0
usr/lib/mios/agent-pipe/mios_pipe/federation/http_caps.py	663	667	5	52	40c5444b116b	MIGRATE	midsize-narrative		0				0
usr/lib/mios/agent-pipe/mios_pipe/federation/http_caps.py	673	675	3	29	dcfd85a6ea6b	STAY	midsize-why		0				0
usr/lib/mios/agent-pipe/mios_pipe/federation/http_caps.py	681	681	1	11	0daed6b8d9bc	STAY	local-scoped		0				0
usr/lib/mios/agent-pipe/mios_pipe/federation/http_caps.py	687	690	4	31	0dec42d189cd	STAY	midsize-why		0				0
usr/lib/mios/agent-pipe/mios_pipe/federation/http_caps.py	696	700	5	37	e8f409970da0	MIGRATE	midsize-narrative		0				0
usr/lib/mios/agent-pipe/mios_pipe/federation/http_caps.py	706	708	3	23	32c9960b5121	STAY	midsize-why		0				0
usr/lib/mios/agent-pipe/mios_pipe/federation/http_caps.py	714	717	4	29	351e1906a9fa	STAY	midsize-why		0				0
usr/lib/mios/agent-pipe/mios_pipe/federation/http_caps.py	723	741	19	171	8cfecd74de47	MIGRATE	narrative-rationale		0				0
usr/lib/mios/agent-pipe/mios_pipe/federation/http_caps.py	747	767	21	145	176d90aab8c9	MIGRATE	narrative-history		0				0
usr/lib/mios/agent-pipe/mios_pipe/federation/http_caps.py	795	798	4	37	55570c093e3c	STAY	midsize-why		0				0
usr/lib/mios/agent-pipe/mios_pipe/federation/mcp.py	1	2	2	13	c5d5a1096ff1	STAY	ai-header		0				0
usr/lib/mios/agent-pipe/mios_pipe/federation/mcp.py	3	27	24	182	d7b2cccfa70c	MIGRATE	narrative-rationale		0				0
usr/lib/mios/agent-pipe/mios_pipe/federation/mcp.py	66	66	1	4	8ab56cff5024	STAY	inline-scoped		0				0
usr/lib/mios/agent-pipe/mios_pipe/federation/mcp.py	67	67	1	3	f12b785c776c	STAY	inline-scoped		0				0
usr/lib/mios/agent-pipe/mios_pipe/federation/mcp.py	68	68	1	2	51c347fd7b45	STAY	inline-scoped		0				0
usr/lib/mios/agent-pipe/mios_pipe/federation/mcp.py	72	72	1	8	10b05601326e	STAY	local-scoped		0				0
usr/lib/mios/agent-pipe/mios_pipe/federation/mcp.py	78	80	3	29	2cd398b4ebb4	STAY	midsize-why		0				0
usr/lib/mios/agent-pipe/mios_pipe/federation/mcp.py	96	96	1	1	630ba09448af	STAY	inline-scoped		0				0
usr/lib/mios/agent-pipe/mios_pipe/federation/mcp.py	97	97	1	1	4740ae6347b0	STAY	inline-scoped		0				0
usr/lib/mios/agent-pipe/mios_pipe/federation/mcp.py	98	98	1	1	04f8996da763	STAY	inline-scoped		0				0
usr/lib/mios/agent-pipe/mios_pipe/federation/mcp.py	100	100	1	4	03364096e58a	STAY	inline-scoped		0				0
usr/lib/mios/agent-pipe/mios_pipe/federation/mcp.py	101	101	1	4	a33be61e863b	STAY	inline-scoped		0				0
usr/lib/mios/agent-pipe/mios_pipe/federation/mcp.py	106	108	3	30	b81ca5cb9ce8	MIGRATE	midsize-narrative		0				0
usr/lib/mios/agent-pipe/mios_pipe/federation/mcp.py	126	126	1	10	ce4274f7568b	STAY	local-scoped		0				0
usr/lib/mios/agent-pipe/mios_pipe/federation/mcp.py	139	141	3	27	f935d0344e11	STAY	midsize-why		0				0
usr/lib/mios/agent-pipe/mios_pipe/federation/mcp.py	173	178	6	54	e7659031ee24	MIGRATE	narrative-rationale		0				0
usr/lib/mios/agent-pipe/mios_pipe/federation/mcp.py	187	187	1	2	7d81b854c2a4	STAY	inline-scoped		0				0
usr/lib/mios/agent-pipe/mios_pipe/federation/mcp.py	188	188	1	4	3e6eca197e66	STAY	inline-scoped		0				0
usr/lib/mios/agent-pipe/mios_pipe/federation/mcp.py	190	190	1	4	b7414bc48b7c	STAY	inline-scoped		0				0
usr/lib/mios/agent-pipe/mios_pipe/federation/mcp.py	200	200	1	3	12b6748c8ac5	STAY	inline-scoped		0				0
usr/lib/mios/agent-pipe/mios_pipe/federation/mcp.py	216	216	1	5	0423123ad368	STAY	inline-scoped		0				0
usr/lib/mios/agent-pipe/mios_pipe/federation/mcp.py	217	217	1	7	d4bbf68c29c8	STAY	inline-scoped		0				0
usr/lib/mios/agent-pipe/mios_pipe/federation/mcp.py	223	224	2	27	f2dca439aad7	MIGRATE	fat-inline-narrative	note	0				0
usr/lib/mios/agent-pipe/mios_pipe/federation/mcp.py	230	230	1	2	f56ee1e18c22	STAY	inline-scoped		0				0
usr/lib/mios/agent-pipe/mios_pipe/federation/mcp.py	245	245	1	4	0251d777464f	STAY	inline-scoped		0				0
usr/lib/mios/agent-pipe/mios_pipe/federation/mcp.py	352	353	2	21	03102de997d3	STAY	local-scoped		0				0
usr/lib/mios/agent-pipe/mios_pipe/federation/mcp.py	396	396	1	2	5752243f96b0	STAY	inline-scoped		0				0
usr/lib/mios/agent-pipe/mios_pipe/federation/mcp.py	399	399	1	3	e849148815b6	STAY	inline-scoped		0				0
usr/lib/mios/agent-pipe/mios_pipe/federation/mcp.py	405	405	1	7	aa0483aa4c5d	STAY	inline-scoped		0				0
usr/lib/mios/agent-pipe/mios_pipe/federation/mcp.py	411	413	3	30	f9b47ecba414	STAY	midsize-why		0				0
usr/lib/mios/agent-pipe/mios_pipe/federation/mcp.py	481	481	1	2	5752243f96b0	STAY	inline-scoped		0				0
usr/lib/mios/agent-pipe/mios_pipe/federation/mcp.py	484	484	1	3	e849148815b6	STAY	inline-scoped		0				0
usr/lib/mios/agent-pipe/mios_pipe/federation/mcp.py	490	490	1	7	aa0483aa4c5d	STAY	inline-scoped		0				0
usr/lib/mios/agent-pipe/mios_pipe/federation/mcp.py	496	497	2	23	1536d0955dbc	STAY	local-scoped		0				0
usr/lib/mios/agent-pipe/mios_pipe/federation/mcp.py	512	512	1	12	b01526b3e4a9	STAY	local-scoped		0				0
usr/lib/mios/agent-pipe/mios_pipe/federation/mcp.py	543	545	3	23	3452764df2a7	STAY	midsize-why		0				0
usr/lib/mios/agent-pipe/mios_pipe/federation/mcp.py	554	554	1	10	3670bfbc7acb	STAY	local-scoped		0				0
usr/lib/mios/agent-pipe/mios_pipe/federation/mcp.py	566	567	2	21	68c05fe676a4	STAY	local-scoped		0				0
usr/lib/mios/agent-pipe/mios_pipe/federation/mcp.py	570	570	1	2	f56ee1e18c22	STAY	inline-scoped		0				0
usr/lib/mios/agent-pipe/mios_pipe/federation/mcp.py	584	586	3	27	336b4cdd6d39	STAY	midsize-why		0				0
usr/lib/mios/agent-pipe/mios_pipe/federation/mcp.py	592	593	2	14	66032745bb1b	STAY	local-scoped		0				0
usr/lib/mios/agent-pipe/mios_pipe/federation/mcp.py	599	601	3	25	a1dfbcbdfc11	STAY	midsize-why		0				0
usr/lib/mios/agent-pipe/mios_pipe/health.py	1	1	1	11	6718fcc8d9f5	STAY	ai-header		0				0
usr/lib/mios/agent-pipe/mios_pipe/identity/__init__.py	1	1	1	4	dd6fd74a3131	STAY	ai-header		0				0
usr/lib/mios/agent-pipe/mios_pipe/identity/crl.py	1	2	2	21	d4311b3570bf	STAY	ai-header		0				0
usr/lib/mios/agent-pipe/mios_pipe/identity/crl.py	3	8	6	58	ef32b6d4c7c7	MIGRATE	narrative-history		0				0
usr/lib/mios/agent-pipe/mios_pipe/identity/crl.py	16	16	1	8	4e158716f63d	STAY	local-scoped		0				0
usr/lib/mios/agent-pipe/mios_pipe/identity/crl.py	33	33	1	11	0d3f25868e16	STAY	local-scoped		0				0
usr/lib/mios/agent-pipe/mios_pipe/identity/crl.py	45	47	3	34	a7e52f4bb9bc	MIGRATE	midsize-narrative		0				0
usr/lib/mios/agent-pipe/mios_pipe/identity/principal.py	1	2	2	11	69b746815acb	STAY	ai-header		0				0
usr/lib/mios/agent-pipe/mios_pipe/identity/principal.py	3	15	12	107	4ed4bee8554a	MIGRATE	narrative-history		0				0
usr/lib/mios/agent-pipe/mios_pipe/identity/principal.py	33	34	2	21	b0ec2fdc9f5c	STAY	local-scoped		0				0
usr/lib/mios/agent-pipe/mios_pipe/identity/principal.py	39	41	3	23	6a1f707222b1	STAY	midsize-why		0				0
usr/lib/mios/agent-pipe/mios_pipe/identity/principal.py	53	54	2	18	b7af41cd8d7a	STAY	local-scoped		0				0
usr/lib/mios/agent-pipe/mios_pipe/identity/principal.py	62	67	6	52	587c80d85c55	MIGRATE	narrative-rationale		0				0
usr/lib/mios/agent-pipe/mios_pipe/identity/principal.py	86	86	1	4	bb227f20c2c0	STAY	inline-scoped		0				0
usr/lib/mios/agent-pipe/mios_pipe/identity/principal.py	93	96	4	36	f9cc5aca21df	STAY	midsize-why		0				0
usr/lib/mios/agent-pipe/mios_pipe/identity/principal.py	109	111	3	20	d7b903a96eb0	STAY	midsize-why		0				0
usr/lib/mios/agent-pipe/mios_pipe/identity/principal.py	117	119	3	21	42db080d498e	STAY	midsize-why		0				0
usr/lib/mios/agent-pipe/mios_pipe/identity/principal.py	128	130	3	29	1f046d351b16	STAY	midsize-why		0				0
usr/lib/mios/agent-pipe/mios_pipe/identity/principal.py	166	166	1	10	db2189592d30	STAY	local-scoped		0				0
usr/lib/mios/agent-pipe/mios_pipe/identity/principal.py	177	179	3	24	9656d3f6c9bf	STAY	midsize-why		0				0
usr/lib/mios/agent-pipe/mios_pipe/identity/principal.py	197	201	5	48	19b1120f73c8	STAY	midsize-why		0				0
usr/lib/mios/agent-pipe/mios_pipe/identity/principal.py	230	232	3	19	21678b7b38e7	STAY	midsize-why		0				0
usr/lib/mios/agent-pipe/mios_pipe/identity/reputation.py	1	2	2	16	e042230a0ce2	STAY	ai-header		0				0
usr/lib/mios/agent-pipe/mios_pipe/identity/reputation.py	3	13	10	88	c577b95395e3	MIGRATE	narrative-rationale		0				0
usr/lib/mios/agent-pipe/mios_pipe/identity/reputation.py	27	27	1	7	c0b515d6123a	STAY	local-scoped		0				0
usr/lib/mios/agent-pipe/mios_pipe/identity/reputation.py	40	41	2	18	40e1f62fc48c	STAY	local-scoped		0				0
usr/lib/mios/agent-pipe/mios_pipe/identity/reputation.py	50	52	3	26	9a808ce42bb8	STAY	midsize-why		0				0
usr/lib/mios/agent-pipe/mios_pipe/identity/reputation.py	57	57	1	7	ac01467314b6	STAY	local-scoped		0				0
usr/lib/mios/agent-pipe/mios_pipe/identity/reputation.py	64	66	3	32	b5e98a83aa99	STAY	midsize-why		0				0
usr/lib/mios/agent-pipe/mios_pipe/identity/reputation.py	73	75	3	31	63a939dc0f53	MIGRATE	midsize-narrative		0				0
usr/lib/mios/agent-pipe/mios_pipe/kernel/__init__.py	1	1	1	4	dae07551cd82	STAY	ai-header		0				0
usr/lib/mios/agent-pipe/mios_pipe/kernel/clusterhealth.py	1	2	2	13	519d053f6089	STAY	ai-header		0				0
usr/lib/mios/agent-pipe/mios_pipe/kernel/clusterhealth.py	3	18	15	110	1571b9c075f3	MIGRATE	narrative-rationale		0				0
usr/lib/mios/agent-pipe/mios_pipe/kernel/clusterhealth.py	197	201	5	40	4d08f0f59f44	STAY	midsize-why		0				0
usr/lib/mios/agent-pipe/mios_pipe/kernel/clusterhealth.py	211	212	2	16	8abae425fd38	STAY	local-scoped		0				0
usr/lib/mios/agent-pipe/mios_pipe/kernel/clusterhealth.py	228	228	1	2	f56ee1e18c22	STAY	inline-scoped		0				0
usr/lib/mios/agent-pipe/mios_pipe/kernel/clusterhealth.py	234	236	3	24	4e43606b1d62	STAY	midsize-why		0				0
usr/lib/mios/agent-pipe/mios_pipe/kernel/clusterhealth.py	244	244	1	4	645cac1ddee3	STAY	inline-scoped		0				0
usr/lib/mios/agent-pipe/mios_pipe/kernel/clusterhealth.py	253	253	1	2	f56ee1e18c22	STAY	inline-scoped		0				0
usr/lib/mios/agent-pipe/mios_pipe/kernel/clusterhealth.py	259	259	1	8	21192aeaac59	STAY	local-scoped		0				0
usr/lib/mios/agent-pipe/mios_pipe/kernel/clusterhealth.py	272	278	7	69	7cc15e3f5be9	MIGRATE	narrative-rationale		0				0
usr/lib/mios/agent-pipe/mios_pipe/kernel/clusterhealth.py	308	312	5	47	13ff204d4176	STAY	midsize-why		0				0
usr/lib/mios/agent-pipe/mios_pipe/kernel/clusterhealth.py	392	392	1	2	f56ee1e18c22	STAY	inline-scoped		0				0
usr/lib/mios/agent-pipe/mios_pipe/kernel/clusterhealth.py	398	402	5	37	d9263915d926	MIGRATE	midsize-narrative		0				0
usr/lib/mios/agent-pipe/mios_pipe/kernel/clusterhealth.py	417	417	1	10	38eb6a1dfb48	STAY	local-scoped		0				0
usr/lib/mios/agent-pipe/mios_pipe/kernel/clusterhealth.py	570	574	5	41	184fb49be309	STAY	midsize-why		0				0
usr/lib/mios/agent-pipe/mios_pipe/kernel/clusterhealth.py	580	583	4	26	2a006c13613f	STAY	midsize-why		0				0
usr/lib/mios/agent-pipe/mios_pipe/kernel/clusterhealth.py	589	590	2	20	2611083987d1	STAY	local-scoped		0				0
usr/lib/mios/agent-pipe/mios_pipe/kernel/config.py	1	2	2	13	bd8eab88ab6c	STAY	ai-header		0				0
usr/lib/mios/agent-pipe/mios_pipe/kernel/config.py	3	9	6	49	bad8df8dfd78	MIGRATE	narrative-rationale		0				0
usr/lib/mios/agent-pipe/mios_pipe/kernel/config.py	20	21	2	17	2290d41e18e5	STAY	local-scoped		0				0
usr/lib/mios/agent-pipe/mios_pipe/kernel/config.py	47	48	2	19	70e9fcf3f343	STAY	local-scoped		0				0
usr/lib/mios/agent-pipe/mios_pipe/kernel/config.py	65	66	2	17	0a4a7807d837	STAY	local-scoped		0				0
usr/lib/mios/agent-pipe/mios_pipe/kernel/config.py	85	87	3	30	855a204b5c20	STAY	midsize-why		0				0
usr/lib/mios/agent-pipe/mios_pipe/kernel/config.py	104	104	1	13	8c7c98a43616	STAY	local-scoped		0				0
usr/lib/mios/agent-pipe/mios_pipe/kernel/config.py	117	117	1	6	31f1feea7cfe	STAY	inline-scoped		0				0
usr/lib/mios/agent-pipe/mios_pipe/kernel/config.py	120	120	1	10	9fdf82d88e49	STAY	local-scoped		0				0
usr/lib/mios/agent-pipe/mios_pipe/kernel/config.py	151	151	1	9	dd28f20d243e	STAY	local-scoped		0				0
usr/lib/mios/agent-pipe/mios_pipe/kernel/config.py	152	152	1	3	165024b99560	STAY	inline-scoped		0				0
usr/lib/mios/agent-pipe/mios_pipe/kernel/config.py	153	153	1	7	f9a37cdd700d	STAY	inline-scoped		0				0
usr/lib/mios/agent-pipe/mios_pipe/kernel/config.py	154	154	1	7	098f394a214d	STAY	inline-scoped		0				0
usr/lib/mios/agent-pipe/mios_pipe/kernel/config.py	165	165	1	6	f1a55742d8cc	STAY	inline-scoped		0				0
usr/lib/mios/agent-pipe/mios_pipe/kernel/config.py	166	167	2	22	31b268acb277	STAY	local-scoped		0				0
usr/lib/mios/agent-pipe/mios_pipe/kernel/config.py	183	183	1	2	4c371ad1c1cf	STAY	inline-scoped		0				0
usr/lib/mios/agent-pipe/mios_pipe/kernel/config.py	239	239	1	6	f1a55742d8cc	STAY	inline-scoped		0				0
usr/lib/mios/agent-pipe/mios_pipe/kernel/config.py	258	258	1	6	f1a55742d8cc	STAY	inline-scoped		0				0
usr/lib/mios/agent-pipe/mios_pipe/kernel/config.py	267	268	2	20	cc98ab72d75c	STAY	local-scoped		0				0
usr/lib/mios/agent-pipe/mios_pipe/kernel/config.py	313	314	2	23	e3487a220a55	STAY	local-scoped		0				0
usr/lib/mios/agent-pipe/mios_pipe/kernel/config.py	318	320	3	32	21b3801e2274	STAY	midsize-why		0				0
usr/lib/mios/agent-pipe/mios_pipe/kernel/config.py	410	410	1	4	80bf735dd495	STAY	inline-scoped		0				0
usr/lib/mios/agent-pipe/mios_pipe/kernel/config.py	415	427	13	82	8cbd4a5336ce	MIGRATE	narrative-history		0				0
usr/lib/mios/agent-pipe/mios_pipe/kernel/config.py	441	441	1	2	652a73c43ff5	STAY	inline-scoped		0				0
usr/lib/mios/agent-pipe/mios_pipe/kernel/config.py	469	469	1	9	8bc9eb9acc7b	STAY	inline-scoped		0				0
usr/lib/mios/agent-pipe/mios_pipe/kernel/config.py	481	481	1	9	e95b973fbd5a	STAY	local-scoped		0				0
usr/lib/mios/agent-pipe/mios_pipe/kernel/daemons.py	1	2	2	16	f98f3f798e74	STAY	ai-header		0				0
usr/lib/mios/agent-pipe/mios_pipe/kernel/daemons.py	18	18	1	7	7c4fc90f9041	STAY	inline-scoped		0				0
usr/lib/mios/agent-pipe/mios_pipe/kernel/daemons.py	19	19	1	9	9a060bc2044c	STAY	inline-scoped		0				0
usr/lib/mios/agent-pipe/mios_pipe/kernel/daemons.py	69	70	2	21	053cc93781af	STAY	local-scoped		0				0
usr/lib/mios/agent-pipe/mios_pipe/kernel/daemons.py	95	95	1	10	4e777a3a2e07	STAY	inline-scoped		0				0
usr/lib/mios/agent-pipe/mios_pipe/kernel/daemons.py	102	102	1	2	f56ee1e18c22	STAY	inline-scoped		0				0
usr/lib/mios/agent-pipe/mios_pipe/kernel/daemons.py	140	140	1	9	4bf98dedf0bb	STAY	inline-scoped		0				0
usr/lib/mios/agent-pipe/mios_pipe/kernel/daemons.py	152	152	1	7	e63574516dc5	STAY	inline-scoped		0				0
usr/lib/mios/agent-pipe/mios_pipe/kernel/daemons.py	158	159	2	21	8a91e62dbcbc	STAY	local-scoped		0				0
usr/lib/mios/agent-pipe/mios_pipe/kernel/daemons.py	169	169	1	7	0c7ff105bc48	STAY	inline-scoped		0				0
usr/lib/mios/agent-pipe/mios_pipe/kernel/daemons.py	174	175	2	18	6ca7ea08d64e	STAY	local-scoped		0				0
usr/lib/mios/agent-pipe/mios_pipe/kernel/daemons.py	186	186	1	10	e30dcf5d5eca	STAY	inline-scoped		0				0
usr/lib/mios/agent-pipe/mios_pipe/kernel/daemons.py	191	192	2	16	218992b18ec4	STAY	local-scoped		0				0
usr/lib/mios/agent-pipe/mios_pipe/kernel/daemons.py	204	204	1	3	9d8b7100cdb0	STAY	inline-scoped		0				0
usr/lib/mios/agent-pipe/mios_pipe/kernel/daemons.py	237	237	1	9	05d62539f4d3	STAY	inline-scoped		0				0
usr/lib/mios/agent-pipe/mios_pipe/kernel/daemons.py	271	271	1	6	b5aa94ff5f1b	STAY	inline-scoped		0				0
usr/lib/mios/agent-pipe/mios_pipe/kernel/daemons.py	289	289	1	9	2c9e6acdc77f	STAY	inline-scoped		0				0
usr/lib/mios/agent-pipe/mios_pipe/kernel/daemons.py	302	302	1	3	9d8b7100cdb0	STAY	inline-scoped		0				0
usr/lib/mios/agent-pipe/mios_pipe/kernel/daemons.py	310	310	1	2	f56ee1e18c22	STAY	inline-scoped		0				0
usr/lib/mios/agent-pipe/mios_pipe/kernel/daemons.py	336	336	1	7	f879bea44457	STAY	inline-scoped		0				0
usr/lib/mios/agent-pipe/mios_pipe/kernel/daemons.py	368	368	1	5	c7844c0b4562	STAY	inline-scoped		0				0
usr/lib/mios/agent-pipe/mios_pipe/kernel/daemons.py	373	374	2	16	1a5b22fae37a	STAY	local-scoped		0				0
usr/lib/mios/agent-pipe/mios_pipe/kernel/daemons.py	381	381	1	2	f56ee1e18c22	STAY	inline-scoped		0				0
usr/lib/mios/agent-pipe/mios_pipe/kernel/daemons.py	386	387	2	18	2084a1712956	STAY	local-scoped		0				0
usr/lib/mios/agent-pipe/mios_pipe/kernel/daemons.py	393	394	2	21	3be7003eaf4b	STAY	local-scoped		0				0
usr/lib/mios/agent-pipe/mios_pipe/kernel/daemons.py	403	403	1	5	23f3a388b4ea	STAY	inline-scoped		0				0
usr/lib/mios/agent-pipe/mios_pipe/kernel/daemons.py	415	415	1	2	f56ee1e18c22	STAY	inline-scoped		0				0
usr/lib/mios/agent-pipe/mios_pipe/kernel/daemons.py	424	425	2	23	8031516c9e88	STAY	local-scoped		0				0
usr/lib/mios/agent-pipe/mios_pipe/kernel/daemons.py	434	435	2	25	e435e64c391c	STAY	local-scoped		0				0
usr/lib/mios/agent-pipe/mios_pipe/kernel/daemons.py	462	463	2	13	9d88d59e347b	STAY	local-scoped		0				0
usr/lib/mios/agent-pipe/mios_pipe/kernel/daemons.py	472	472	1	2	f56ee1e18c22	STAY	inline-scoped		0				0
usr/lib/mios/agent-pipe/mios_pipe/kernel/daemons.py	481	483	3	27	16bd155eb048	STAY	midsize-why		0				0
usr/lib/mios/agent-pipe/mios_pipe/kernel/gossip.py	1	2	2	18	003c8c42041f	STAY	ai-header		0				0
usr/lib/mios/agent-pipe/mios_pipe/kernel/gossip.py	3	25	22	181	58549bf3c205	MIGRATE	narrative-rationale		0				0
usr/lib/mios/agent-pipe/mios_pipe/kernel/gossip.py	34	36	3	29	3e48e8aef95f	STAY	midsize-why		0				0
usr/lib/mios/agent-pipe/mios_pipe/kernel/gossip.py	55	56	2	19	c6b463ee7315	STAY	local-scoped		0				0
usr/lib/mios/agent-pipe/mios_pipe/kernel/gossip.py	62	64	3	28	f60509787b64	STAY	midsize-why		0				0
usr/lib/mios/agent-pipe/mios_pipe/kernel/gossip.py	74	78	5	47	20a8f7b691db	STAY	midsize-why		0				0
usr/lib/mios/agent-pipe/mios_pipe/kernel/gossip.py	87	87	1	3	f89abf5d79b3	STAY	inline-scoped		0				0
usr/lib/mios/agent-pipe/mios_pipe/kernel/gossip.py	96	96	1	12	f732abd962db	STAY	local-scoped		0				0
usr/lib/mios/agent-pipe/mios_pipe/kernel/gossip.py	103	104	2	21	2f17643d00d8	STAY	local-scoped		0				0
usr/lib/mios/agent-pipe/mios_pipe/kernel/gossip.py	114	115	2	21	d35ecee04406	STAY	local-scoped		0				0
usr/lib/mios/agent-pipe/mios_pipe/kernel/httpclient.py	1	2	2	21	cfa2c55233a3	STAY	ai-header		0				0
usr/lib/mios/agent-pipe/mios_pipe/kernel/httpclient.py	3	3	1	9	26a2af558676	STAY	local-scoped		0				0
usr/lib/mios/agent-pipe/mios_pipe/kernel/httpclient.py	29	29	1	9	2911320c1e67	STAY	local-scoped		0				0
usr/lib/mios/agent-pipe/mios_pipe/kernel/httpclient.py	40	40	1	10	fb38eb0850b7	STAY	local-scoped		0				0
usr/lib/mios/agent-pipe/mios_pipe/kernel/httpclient.py	45	45	1	10	9802a28843fa	STAY	local-scoped		0				0
usr/lib/mios/agent-pipe/mios_pipe/kernel/httpclient.py	57	59	3	21	60c5dc0712ce	STAY	midsize-why		0				0
usr/lib/mios/agent-pipe/mios_pipe/kernel/httpclient.py	67	67	1	7	1b8e6802ee73	STAY	inline-scoped		0				0
usr/lib/mios/agent-pipe/mios_pipe/kernel/httpclient.py	91	92	2	19	55bb82fb883e	STAY	local-scoped		0				0
usr/lib/mios/agent-pipe/mios_pipe/kernel/kernel.py	1	2	2	12	5e35affece8f	STAY	ai-header		0				0
usr/lib/mios/agent-pipe/mios_pipe/kernel/kernel.py	3	17	14	101	719fdeb5222b	MIGRATE	narrative-rationale		0				0
usr/lib/mios/agent-pipe/mios_pipe/kernel/kernel.py	25	25	1	8	6d780d55b4f4	STAY	local-scoped		0				0
usr/lib/mios/agent-pipe/mios_pipe/kernel/kernel.py	37	37	1	3	9d1cfdc09799	STAY	inline-scoped		0				0
usr/lib/mios/agent-pipe/mios_pipe/kernel/kernel.py	38	38	1	3	a3d56bcb0cc2	STAY	inline-scoped		0				0
usr/lib/mios/agent-pipe/mios_pipe/kernel/kernel.py	39	39	1	3	48e7e2748cf3	STAY	inline-scoped		0				0
usr/lib/mios/agent-pipe/mios_pipe/kernel/kernel.py	40	40	1	3	6a4a558784e1	STAY	inline-scoped		0				0
usr/lib/mios/agent-pipe/mios_pipe/kernel/kernel.py	41	41	1	3	1d15421c02a5	STAY	inline-scoped		0				0
usr/lib/mios/agent-pipe/mios_pipe/kernel/kernel.py	44	45	2	18	5af0730ba1b6	STAY	local-scoped		0				0
usr/lib/mios/agent-pipe/mios_pipe/kernel/kernel.py	50	50	1	8	c374f4cab8de	STAY	local-scoped		0				0
usr/lib/mios/agent-pipe/mios_pipe/lifecycle/__init__.py	1	1	1	4	daa8c72612fa	STAY	ai-header		0				0
usr/lib/mios/agent-pipe/mios_pipe/lifecycle/capreg.py	1	2	2	21	ed997489b08e	STAY	ai-header		0				0
usr/lib/mios/agent-pipe/mios_pipe/lifecycle/capreg.py	3	20	17	153	5f9d3c8c60c1	MIGRATE	narrative-rationale		0				0
usr/lib/mios/agent-pipe/mios_pipe/lifecycle/capreg.py	26	26	1	2	433ac58502c0	STAY	inline-scoped		0				0
usr/lib/mios/agent-pipe/mios_pipe/lifecycle/capreg.py	30	32	3	23	a62d3e6d4e88	STAY	midsize-why		0				0
usr/lib/mios/agent-pipe/mios_pipe/lifecycle/capreg.py	39	41	3	28	44c85861e297	STAY	midsize-why		0				0
usr/lib/mios/agent-pipe/mios_pipe/lifecycle/capreg.py	44	44	1	4	13d277136ef3	STAY	inline-scoped		0				0
usr/lib/mios/agent-pipe/mios_pipe/lifecycle/capreg.py	50	50	1	11	a134d3de54a1	STAY	local-scoped		0				0
usr/lib/mios/agent-pipe/mios_pipe/lifecycle/capreg.py	55	56	2	26	d160e2085191	STAY	midsize-why		0				0
usr/lib/mios/agent-pipe/mios_pipe/lifecycle/capreg.py	69	73	5	56	ef9c561a9343	STAY	midsize-why		0				0
usr/lib/mios/agent-pipe/mios_pipe/lifecycle/capreg.py	76	76	1	4	80096d4bbef8	STAY	inline-scoped		0				0
usr/lib/mios/agent-pipe/mios_pipe/lifecycle/capreg.py	86	86	1	3	8fe119fe4a11	STAY	inline-scoped		0				0
usr/lib/mios/agent-pipe/mios_pipe/lifecycle/capreg.py	99	108	10	102	d1c8003f0eba	MIGRATE	narrative-rationale		0				0
usr/lib/mios/agent-pipe/mios_pipe/lifecycle/capreg.py	125	125	1	7	fc4bf25d1ac4	STAY	inline-scoped		0				0
usr/lib/mios/agent-pipe/mios_pipe/lifecycle/capreg.py	147	147	1	8	34f1521618a1	STAY	local-scoped		0				0
usr/lib/mios/agent-pipe/mios_pipe/lifecycle/capreg.py	157	158	2	13	d638c54ad73d	STAY	local-scoped		0				0
usr/lib/mios/agent-pipe/mios_pipe/lifecycle/capreg.py	161	161	1	6	63574960a27f	STAY	inline-scoped		0				0
usr/lib/mios/agent-pipe/mios_pipe/lifecycle/capreg.py	163	163	1	2	652a73c43ff5	STAY	inline-scoped		0				0
usr/lib/mios/agent-pipe/mios_pipe/lifecycle/capreg.py	176	179	4	41	83ffa145d3a3	STAY	midsize-why		0				0
usr/lib/mios/agent-pipe/mios_pipe/lifecycle/capreg.py	204	209	6	65	fd397e9f3e92	MIGRATE	narrative-rationale		0				0
usr/lib/mios/agent-pipe/mios_pipe/lifecycle/capreg.py	253	253	1	7	64118ecad638	STAY	local-scoped		0				0
usr/lib/mios/agent-pipe/mios_pipe/lifecycle/capreg.py	261	265	5	40	13031df437b8	STAY	midsize-why		0				0
usr/lib/mios/agent-pipe/mios_pipe/lifecycle/capreg.py	268	268	1	3	49911dc6bd13	STAY	inline-scoped		0				0
usr/lib/mios/agent-pipe/mios_pipe/lifecycle/capreg.py	270	270	1	2	f56ee1e18c22	STAY	inline-scoped		0				0
usr/lib/mios/agent-pipe/mios_pipe/lifecycle/capreg.py	279	280	2	21	3521d40d23e7	STAY	local-scoped		0				0
usr/lib/mios/agent-pipe/mios_pipe/lifecycle/manifest.py	1	2	2	22	61173dc47313	STAY	ai-header		0				0
usr/lib/mios/agent-pipe/mios_pipe/lifecycle/manifest.py	3	21	18	138	58782077aa39	MIGRATE	narrative-history		0				0
usr/lib/mios/agent-pipe/mios_pipe/lifecycle/manifest.py	30	32	3	25	012578fabb75	STAY	midsize-why		0				0
usr/lib/mios/agent-pipe/mios_pipe/lifecycle/manifest.py	35	35	1	3	c4eab4cecb60	STAY	inline-scoped		0				0
usr/lib/mios/agent-pipe/mios_pipe/lifecycle/manifest.py	36	36	1	2	652a73c43ff5	STAY	inline-scoped		0				0
usr/lib/mios/agent-pipe/mios_pipe/lifecycle/manifest.py	49	52	4	44	8532313d215c	STAY	midsize-why		0				0
usr/lib/mios/agent-pipe/mios_pipe/lifecycle/manifest.py	81	81	1	4	8a5e2ac43243	STAY	inline-scoped		0				0
usr/lib/mios/agent-pipe/mios_pipe/lifecycle/manifest.py	82	82	1	4	ede1a596015f	STAY	inline-scoped		0				0
usr/lib/mios/agent-pipe/mios_pipe/lifecycle/manifest.py	90	93	4	35	8db73f25ba0d	STAY	midsize-why		0				0
usr/lib/mios/agent-pipe/mios_pipe/lifecycle/selfimprove.py	1	3	3	18	564289fe7873	STAY	ai-header		0				0
usr/lib/mios/agent-pipe/mios_pipe/lifecycle/selfimprove.py	4	12	8	83	f7ef37bfb8a1	MIGRATE	narrative-rationale		0				0
usr/lib/mios/agent-pipe/mios_pipe/lifecycle/selfimprove.py	19	20	2	19	ea090aa6de77	STAY	local-scoped		0				0
usr/lib/mios/agent-pipe/mios_pipe/lifecycle/selfimprove.py	44	46	3	25	b507d4592d37	STAY	midsize-why		0				0
usr/lib/mios/agent-pipe/mios_pipe/lifecycle/selfimprove_act.py	1	2	2	12	2274b272e6c9	STAY	ai-header		0				0
usr/lib/mios/agent-pipe/mios_pipe/lifecycle/selfimprove_act.py	3	40	37	345	242be2b4e1dd	MIGRATE	narrative-history	adr-candidate	0				0
usr/lib/mios/agent-pipe/mios_pipe/lifecycle/selfimprove_act.py	50	55	6	66	5283289e5765	MIGRATE	narrative-history		0				0
usr/lib/mios/agent-pipe/mios_pipe/lifecycle/selfimprove_act.py	67	74	8	73	2e96b10c7e81	MIGRATE	narrative-history		0				0
usr/lib/mios/agent-pipe/mios_pipe/lifecycle/selfimprove_act.py	89	92	4	43	27285a96e716	STAY	midsize-why		0				0
usr/lib/mios/agent-pipe/mios_pipe/lifecycle/selfimprove_act.py	97	99	3	39	e93156beec25	STAY	midsize-why		0				0
usr/lib/mios/agent-pipe/mios_pipe/lifecycle/selfimprove_act.py	104	110	7	63	9dd396861109	MIGRATE	narrative-history		0				0
usr/lib/mios/agent-pipe/mios_pipe/lifecycle/selfimprove_act.py	124	129	6	71	9035aa3695ff	MIGRATE	narrative-rationale		0				0
usr/lib/mios/agent-pipe/mios_pipe/lifecycle/selfimprove_act.py	136	144	9	66	16e8821b51af	MIGRATE	narrative-history		0				0
usr/lib/mios/agent-pipe/mios_pipe/lifecycle/selfimprove_act.py	155	171	17	113	be078fa0d95b	MIGRATE	narrative-history		0				0
usr/lib/mios/agent-pipe/mios_pipe/lifecycle/verity.py	1	2	2	13	1bc1ff354bde	STAY	ai-header		0				0
usr/lib/mios/agent-pipe/mios_pipe/lifecycle/verity.py	3	15	12	76	e58b1580e92d	MIGRATE	narrative-rationale		0				0
usr/lib/mios/agent-pipe/mios_pipe/lifecycle/verity.py	30	30	1	7	3d71b5729e37	STAY	inline-scoped		0				0
usr/lib/mios/agent-pipe/mios_pipe/lifecycle/verity.py	55	57	3	28	b8a8124fa36b	STAY	midsize-why		0				0
usr/lib/mios/agent-pipe/mios_pipe/lifecycle/verity.py	62	62	1	8	434cf95391de	STAY	inline-scoped		0				0
usr/lib/mios/agent-pipe/mios_pipe/lifecycle/verity.py	89	91	3	25	0bfcd8fb6cb3	STAY	midsize-why		0				0
usr/lib/mios/agent-pipe/mios_pipe/lifecycle/verity.py	145	150	6	65	2687d0c8001e	MIGRATE	narrative-history		0				0
usr/lib/mios/agent-pipe/mios_pipe/lifecycle/verity.py	183	183	1	6	b8d7b0e76558	STAY	inline-scoped		0				0
usr/lib/mios/agent-pipe/mios_pipe/lifecycle/verity.py	195	199	5	57	feb409d2d03a	STAY	midsize-why		0				0
usr/lib/mios/agent-pipe/mios_pipe/lifecycle/verity.py	229	229	1	3	9d23a76185cb	STAY	inline-scoped		0				0
usr/lib/mios/agent-pipe/mios_pipe/lifecycle/verity.py	234	234	1	6	042273fdd3a8	STAY	inline-scoped		0				0
usr/lib/mios/agent-pipe/mios_pipe/lifecycle/verity.py	251	251	1	2	f56ee1e18c22	STAY	inline-scoped		0				0
usr/lib/mios/agent-pipe/mios_pipe/lifecycle/verity.py	267	289	23	210	ff354421da5a	MIGRATE	narrative-rationale		0				0
usr/lib/mios/agent-pipe/mios_pipe/lifecycle/verity.py	296	296	1	8	b1dcacf5bf8f	STAY	inline-scoped		0				0
usr/lib/mios/agent-pipe/mios_pipe/lifecycle/verity.py	350	367	18	133	de560e3accca	MIGRATE	narrative-history		0				0
usr/lib/mios/agent-pipe/mios_pipe/lifecycle/verity.py	468	468	1	10	de4fb14d1e32	STAY	inline-scoped		0				0
usr/lib/mios/agent-pipe/mios_pipe/lifecycle/verity.py	479	479	1	10	fa5a60f65504	STAY	inline-scoped		0				0
usr/lib/mios/agent-pipe/mios_pipe/mcp_dispatch.py	1	1	1	9	435e6e72500d	STAY	ai-header		0				0
usr/lib/mios/agent-pipe/mios_pipe/memory/__init__.py	1	1	1	4	678baa0bd268	STAY	ai-header		0				0
usr/lib/mios/agent-pipe/mios_pipe/memory/embed_backfill.py	1	2	2	16	79b80c18c770	STAY	ai-header		0				0
usr/lib/mios/agent-pipe/mios_pipe/memory/embed_backfill.py	3	20	17	140	fd01946b3519	MIGRATE	narrative-rationale		0				0
usr/lib/mios/agent-pipe/mios_pipe/memory/embed_backfill.py	29	31	3	37	f3c5912f231f	STAY	midsize-why		0				0
usr/lib/mios/agent-pipe/mios_pipe/memory/embed_backfill.py	41	45	5	47	ee0ce8e937f5	STAY	midsize-why		0				0
usr/lib/mios/agent-pipe/mios_pipe/memory/embed_backfill.py	58	59	2	23	644c7998a19e	STAY	local-scoped		0				0
usr/lib/mios/agent-pipe/mios_pipe/memory/embed_backfill.py	68	69	2	21	190a0d4d504c	STAY	local-scoped		0				0
usr/lib/mios/agent-pipe/mios_pipe/memory/embed_backfill.py	75	75	1	9	a2575a2fed97	STAY	local-scoped		0				0
usr/lib/mios/agent-pipe/mios_pipe/memory/knowledge.py	1	2	2	15	efe97390944a	STAY	ai-header		0				0
usr/lib/mios/agent-pipe/mios_pipe/memory/knowledge.py	3	13	10	78	b382d8f44c00	MIGRATE	narrative-rationale		0				0
usr/lib/mios/agent-pipe/mios_pipe/memory/knowledge.py	112	116	5	36	2e91b4a8f034	STAY	midsize-why		0				0
usr/lib/mios/agent-pipe/mios_pipe/memory/knowledge.py	185	190	6	63	587d187df8ee	MIGRATE	narrative-rationale		0				0
usr/lib/mios/agent-pipe/mios_pipe/memory/knowledge.py	194	194	1	2	f56ee1e18c22	STAY	inline-scoped		0				0
usr/lib/mios/agent-pipe/mios_pipe/memory/knowledge.py	199	202	4	43	9e565f95bc3f	STAY	midsize-why		0				0
usr/lib/mios/agent-pipe/mios_pipe/memory/knowledge.py	218	218	1	4	331b734a3d03	STAY	inline-scoped		0				0
usr/lib/mios/agent-pipe/mios_pipe/memory/knowledge.py	227	227	1	6	0844a6d2bba2	STAY	inline-scoped		0				0
usr/lib/mios/agent-pipe/mios_pipe/memory/knowledge.py	232	233	2	26	7b67a8202310	STAY	midsize-why		0				0
usr/lib/mios/agent-pipe/mios_pipe/memory/knowledge.py	247	249	3	30	ec113ee80f31	MIGRATE	midsize-narrative		0				0
usr/lib/mios/agent-pipe/mios_pipe/memory/knowledge.py	258	258	1	2	f56ee1e18c22	STAY	inline-scoped		0				0
usr/lib/mios/agent-pipe/mios_pipe/memory/knowledge.py	263	275	13	139	6946733db188	MIGRATE	narrative-history		0				0
usr/lib/mios/agent-pipe/mios_pipe/memory/knowledge.py	287	287	1	6	ba7950b0e15d	STAY	inline-scoped		0				0
usr/lib/mios/agent-pipe/mios_pipe/memory/knowledge.py	292	295	4	37	b69551e94a16	MIGRATE	midsize-narrative		0				0
usr/lib/mios/agent-pipe/mios_pipe/memory/knowledge.py	319	325	7	66	5ba13de2aac3	MIGRATE	narrative-history		0				0
usr/lib/mios/agent-pipe/mios_pipe/memory/knowledge.py	333	333	1	2	f56ee1e18c22	STAY	inline-scoped		0				0
usr/lib/mios/agent-pipe/mios_pipe/memory/knowledge.py	348	355	8	75	01a5b6733049	MIGRATE	narrative-rationale		0				0
usr/lib/mios/agent-pipe/mios_pipe/memory/knowledge.py	366	366	1	6	0567bdadb5db	STAY	inline-scoped		0				0
usr/lib/mios/agent-pipe/mios_pipe/memory/knowledge.py	387	387	1	4	d7731da0cdcc	STAY	inline-scoped		0				0
usr/lib/mios/agent-pipe/mios_pipe/memory/knowledge.py	400	400	1	3	82716e004028	STAY	inline-scoped		0				0
usr/lib/mios/agent-pipe/mios_pipe/memory/knowledge.py	403	403	1	4	68f99a78c8c5	DROP	banner		0				0
usr/lib/mios/agent-pipe/mios_pipe/memory/knowledge.py	407	407	1	5	329ab488a6fd	STAY	inline-scoped		0				0
usr/lib/mios/agent-pipe/mios_pipe/memory/knowledge.py	413	416	4	43	8c17e2b9c5e4	MIGRATE	midsize-narrative		0				0
usr/lib/mios/agent-pipe/mios_pipe/memory/knowledge.py	424	424	1	7	e885f4b23c11	STAY	inline-scoped		0				0
usr/lib/mios/agent-pipe/mios_pipe/memory/knowledge.py	425	425	1	9	cc2b6b5e80ec	STAY	inline-scoped		0				0
usr/lib/mios/agent-pipe/mios_pipe/memory/knowledge.py	426	426	1	8	d913b603a7c2	STAY	inline-scoped		0				0
usr/lib/mios/agent-pipe/mios_pipe/memory/knowledge.py	473	473	1	2	f56ee1e18c22	STAY	inline-scoped		0				0
usr/lib/mios/agent-pipe/mios_pipe/memory/knowledge.py	478	483	6	63	c68cbcb0f334	MIGRATE	narrative-rationale		0				0
usr/lib/mios/agent-pipe/mios_pipe/memory/knowledge.py	491	491	1	2	f56ee1e18c22	STAY	inline-scoped		0				0
usr/lib/mios/agent-pipe/mios_pipe/memory/knowledge.py	555	555	1	2	f56ee1e18c22	STAY	inline-scoped		0				0
usr/lib/mios/agent-pipe/mios_pipe/memory/knowledge.py	582	584	3	27	39fe6d2c33a2	MIGRATE	midsize-narrative		0				0
usr/lib/mios/agent-pipe/mios_pipe/memory/knowledge.py	591	591	1	5	cfcfd78b4ffc	STAY	inline-scoped		0				0
usr/lib/mios/agent-pipe/mios_pipe/memory/knowledge.py	596	598	3	27	3ffb69eacad4	STAY	midsize-why		0				0
usr/lib/mios/agent-pipe/mios_pipe/memory/knowledge.py	610	611	2	17	26d11eefc3e4	STAY	local-scoped		0				0
usr/lib/mios/agent-pipe/mios_pipe/memory/knowledge.py	626	629	4	33	16c8e40746a6	MIGRATE	midsize-narrative		0				0
usr/lib/mios/agent-pipe/mios_pipe/memory/knowledge.py	688	688	1	8	bcb000bb8f49	STAY	inline-scoped		0				0
usr/lib/mios/agent-pipe/mios_pipe/memory/knowledge.py	694	694	1	11	1523dd5e4b3e	STAY	local-scoped		0				0
usr/lib/mios/agent-pipe/mios_pipe/memory/knowledge.py	741	742	2	19	7c7dd9650b70	STAY	local-scoped		0				0
usr/lib/mios/agent-pipe/mios_pipe/memory/knowledge.py	756	756	1	2	f56ee1e18c22	STAY	inline-scoped		0				0
usr/lib/mios/agent-pipe/mios_pipe/memory/knowledge.py	761	766	6	61	a3f0971490c4	MIGRATE	narrative-history		0				0
usr/lib/mios/agent-pipe/mios_pipe/memory/knowledge.py	774	774	1	6	7f8dd70422ec	STAY	inline-scoped		0				0
usr/lib/mios/agent-pipe/mios_pipe/memory/knowledge.py	779	792	14	135	900dc25a2291	MIGRATE	narrative-history		0				0
usr/lib/mios/agent-pipe/mios_pipe/memory/knowledge.py	798	798	1	6	18aa0417bb60	STAY	inline-scoped		0				0
usr/lib/mios/agent-pipe/mios_pipe/memory/knowledge.py	803	806	4	37	4ee216285bb7	MIGRATE	midsize-narrative		0				0
usr/lib/mios/agent-pipe/mios_pipe/memory/knowledge.py	816	816	1	6	341a8872480f	STAY	inline-scoped		0				0
usr/lib/mios/agent-pipe/mios_pipe/memory/knowledge.py	817	817	1	4	c8d48ead9220	DROP	banner		0				0
usr/lib/mios/agent-pipe/mios_pipe/memory/knowledge.py	818	818	1	4	4656fba34f00	STAY	inline-scoped		0				0
usr/lib/mios/agent-pipe/mios_pipe/memory/knowledge.py	845	845	1	3	9d8b7100cdb0	STAY	inline-scoped		0				0
usr/lib/mios/agent-pipe/mios_pipe/memory/knowledge.py	850	853	4	35	d57864a9d419	MIGRATE	midsize-narrative		0				0
usr/lib/mios/agent-pipe/mios_pipe/memory/knowledge.py	857	857	1	4	48fd7b6cde8c	STAY	inline-scoped		0				0
usr/lib/mios/agent-pipe/mios_pipe/memory/memory.py	1	2	2	21	c39e477d6dba	STAY	ai-header		0				0
usr/lib/mios/agent-pipe/mios_pipe/memory/memory.py	3	20	17	132	4d3f14779fe0	MIGRATE	narrative-rationale		0				0
usr/lib/mios/agent-pipe/mios_pipe/memory/memory.py	29	29	1	8	c764cf383f95	STAY	local-scoped		0				0
usr/lib/mios/agent-pipe/mios_pipe/memory/memory.py	33	34	2	16	f69920bb6318	STAY	local-scoped		0				0
usr/lib/mios/agent-pipe/mios_pipe/memory/memory.py	39	39	1	6	7c868a0208e8	STAY	local-scoped		0				0
usr/lib/mios/agent-pipe/mios_pipe/memory/memory.py	44	46	3	27	abb45092d96d	STAY	midsize-why		0				0
usr/lib/mios/agent-pipe/mios_pipe/memory/memory.py	64	64	1	8	5735d2e6337e	STAY	local-scoped		0				0
usr/lib/mios/agent-pipe/mios_pipe/memory/memory.py	69	72	4	40	9449c86859cf	STAY	midsize-why		0				0
usr/lib/mios/agent-pipe/mios_pipe/memory/pg.py	1	2	2	22	5713c5b9fdde	STAY	ai-header		0				0
usr/lib/mios/agent-pipe/mios_pipe/memory/pg.py	3	19	16	137	22543cd68850	MIGRATE	narrative-history		0				0
usr/lib/mios/agent-pipe/mios_pipe/memory/pg.py	41	41	1	9	291a2deb28d7	STAY	local-scoped		0				0
usr/lib/mios/agent-pipe/mios_pipe/memory/pg.py	47	47	1	8	545d0f6ac30a	STAY	inline-scoped		0				0
usr/lib/mios/agent-pipe/mios_pipe/memory/pg.py	50	50	1	9	7ae382615730	STAY	local-scoped		0				0
usr/lib/mios/agent-pipe/mios_pipe/memory/pg.py	57	57	1	9	74a2ab807e38	STAY	local-scoped		0				0
usr/lib/mios/agent-pipe/mios_pipe/memory/pg.py	79	88	10	104	adaca6b76fc4	MIGRATE	narrative-history		0				0
usr/lib/mios/agent-pipe/mios_pipe/memory/pg.py	99	100	2	17	c951302c5df6	STAY	local-scoped		0				0
usr/lib/mios/agent-pipe/mios_pipe/memory/pg.py	112	112	1	12	5aab4d2e6ea9	STAY	local-scoped		0				0
usr/lib/mios/agent-pipe/mios_pipe/memory/pg.py	119	120	2	22	83721e24f6ec	STAY	local-scoped		0				0
usr/lib/mios/agent-pipe/mios_pipe/memory/pg.py	125	126	2	23	f1358ced699b	STAY	local-scoped		0				0
usr/lib/mios/agent-pipe/mios_pipe/memory/pg.py	149	176	28	248	6ff8c56a2993	MIGRATE	narrative-history		0				0
usr/lib/mios/agent-pipe/mios_pipe/memory/pg.py	181	181	1	8	8ca1e17017bc	STAY	inline-scoped		0				0
usr/lib/mios/agent-pipe/mios_pipe/memory/pg.py	184	184	1	5	96fb4e872e00	STAY	inline-scoped		0				0
usr/lib/mios/agent-pipe/mios_pipe/memory/pg.py	203	203	1	11	2115d058e0a1	STAY	local-scoped		0				0
usr/lib/mios/agent-pipe/mios_pipe/memory/pg.py	210	210	1	2	c19fd46ec592	STAY	inline-scoped		0				0
usr/lib/mios/agent-pipe/mios_pipe/memory/pg.py	233	233	1	9	27a39cae727c	STAY	local-scoped		0				0
usr/lib/mios/agent-pipe/mios_pipe/memory/pg.py	285	285	1	9	d1ede9dcd8a8	STAY	local-scoped		0				0
usr/lib/mios/agent-pipe/mios_pipe/memory/pg.py	293	297	5	52	87cb2fb7e206	STAY	midsize-why		0				0
usr/lib/mios/agent-pipe/mios_pipe/memory/pg.py	304	308	5	53	3b424131b2d4	STAY	midsize-why		0				0
usr/lib/mios/agent-pipe/mios_pipe/memory/pg.py	314	323	10	106	15d0eefec29f	MIGRATE	narrative-history		0				0
usr/lib/mios/agent-pipe/mios_pipe/memory/pg.py	327	327	1	8	dea88c4f7d74	STAY	inline-scoped		0				0
usr/lib/mios/agent-pipe/mios_pipe/memory/pg.py	347	362	16	153	d84e4ed57bb5	MIGRATE	narrative-history		0				0
usr/lib/mios/agent-pipe/mios_pipe/memory/pg.py	373	375	3	31	86e0b8c99336	STAY	midsize-why		0				0
usr/lib/mios/agent-pipe/mios_pipe/memory/pg.py	391	393	3	29	a44803317717	STAY	midsize-why		0				0
usr/lib/mios/agent-pipe/mios_pipe/memory/pg.py	394	394	1	9	1dd83927abe4	STAY	inline-scoped		0				0
usr/lib/mios/agent-pipe/mios_pipe/memory/pg.py	400	409	10	96	997db546507a	MIGRATE	narrative-rationale		0				0
usr/lib/mios/agent-pipe/mios_pipe/memory/pg.py	417	417	1	4	f45a4e6a7c1b	STAY	inline-scoped		0				0
usr/lib/mios/agent-pipe/mios_pipe/memory/pg.py	430	430	1	4	96ae37c86e74	STAY	inline-scoped		0				0
usr/lib/mios/agent-pipe/mios_pipe/memory/pg.py	434	437	4	51	1b6c35a2993a	STAY	midsize-why		0				0
usr/lib/mios/agent-pipe/mios_pipe/memory/pg.py	440	440	1	8	8aaa2201f3d2	STAY	inline-scoped		0				0
usr/lib/mios/agent-pipe/mios_pipe/memory/pg.py	443	443	1	8	719673034069	STAY	inline-scoped		0				0
usr/lib/mios/agent-pipe/mios_pipe/memory/pg.py	447	449	3	24	ee728aad9dc4	MIGRATE	midsize-narrative		0				0
usr/lib/mios/agent-pipe/mios_pipe/memory/pg.py	461	461	1	5	1cac669df68a	STAY	inline-scoped		0				0
usr/lib/mios/agent-pipe/mios_pipe/memory/pg.py	469	472	4	44	f9f2fe18a108	MIGRATE	midsize-narrative		0				0
usr/lib/mios/agent-pipe/mios_pipe/memory/pg.py	479	479	1	5	4ffe7e4de606	STAY	inline-scoped		0				0
usr/lib/mios/agent-pipe/mios_pipe/memory/pg.py	486	486	1	5	7c0bc24b5c97	STAY	inline-scoped		0				0
usr/lib/mios/agent-pipe/mios_pipe/memory/pg.py	494	497	4	33	09bbb8d7d1b6	MIGRATE	midsize-narrative		0				0
usr/lib/mios/agent-pipe/mios_pipe/memory/pg.py	500	500	1	5	43dcc0ae32ba	STAY	inline-scoped		0				0
usr/lib/mios/agent-pipe/mios_pipe/memory/pg.py	507	507	1	4	dc2887bf64ae	STAY	inline-scoped		0				0
usr/lib/mios/agent-pipe/mios_pipe/memory/pg.py	512	512	1	10	7718781c8c39	STAY	local-scoped		0				0
usr/lib/mios/agent-pipe/mios_pipe/memory/pg.py	523	526	4	42	9340a077e0c1	STAY	midsize-why		0				0
usr/lib/mios/agent-pipe/mios_pipe/memory/pg.py	537	537	1	9	ea885383b2ed	STAY	local-scoped		0				0
usr/lib/mios/agent-pipe/mios_pipe/memory/pg.py	546	553	8	80	a106a4568520	MIGRATE	narrative-history		0				0
usr/lib/mios/agent-pipe/mios_pipe/memory/pg.py	554	554	1	7	24f6c21594ec	STAY	inline-scoped		0				0
usr/lib/mios/agent-pipe/mios_pipe/memory/pg.py	558	558	1	9	555b5d6fb676	STAY	inline-scoped		0				0
usr/lib/mios/agent-pipe/mios_pipe/memory/pg.py	567	567	1	5	96c485566974	STAY	inline-scoped		0				0
usr/lib/mios/agent-pipe/mios_pipe/memory/pg.py	585	593	9	86	27713e2677e8	MIGRATE	narrative-history		0				0
usr/lib/mios/agent-pipe/mios_pipe/memory/pg.py	618	618	1	2	f56ee1e18c22	STAY	inline-scoped		0				0
usr/lib/mios/agent-pipe/mios_pipe/memory/pg.py	626	626	1	10	693345431a8f	STAY	inline-scoped		0				0
usr/lib/mios/agent-pipe/mios_pipe/memory/pg.py	628	628	1	6	00c421c360f3	STAY	inline-scoped		0				0
usr/lib/mios/agent-pipe/mios_pipe/memory/pg.py	643	643	1	3	9d8b7100cdb0	STAY	inline-scoped		0				0
usr/lib/mios/agent-pipe/mios_pipe/memory/pg.py	652	655	4	46	ce08711b6560	MIGRATE	midsize-narrative		0				0
usr/lib/mios/agent-pipe/mios_pipe/memory/pg.py	670	677	8	86	d7a6b2222530	MIGRATE	narrative-history		0				0
usr/lib/mios/agent-pipe/mios_pipe/memory/pg.py	695	711	17	167	6e7309d758c6	MIGRATE	narrative-history		0				0
usr/lib/mios/agent-pipe/mios_pipe/memory/pg.py	717	717	1	2	f56ee1e18c22	STAY	inline-scoped		0				0
usr/lib/mios/agent-pipe/mios_pipe/memory/pg.py	788	788	1	3	9d8b7100cdb0	STAY	inline-scoped		0				0
usr/lib/mios/agent-pipe/mios_pipe/memory/worker_tools.py	1	2	2	17	8228abc026d1	STAY	ai-header		0				0
usr/lib/mios/agent-pipe/mios_pipe/memory/worker_tools.py	3	16	13	111	187e7f82a46b	MIGRATE	narrative-history		0				0
usr/lib/mios/agent-pipe/mios_pipe/memory/worker_tools.py	50	50	1	11	c459f5b9bc67	STAY	local-scoped		0				0
usr/lib/mios/agent-pipe/mios_pipe/memory/worker_tools.py	93	103	11	120	1479d1f92b97	MIGRATE	narrative-history		0				0
usr/lib/mios/agent-pipe/mios_pipe/memory/worker_tools.py	109	109	1	3	278e77af5898	STAY	inline-scoped		0				0
usr/lib/mios/agent-pipe/mios_pipe/memory/worker_tools.py	110	110	1	5	981c2f7dfcdd	STAY	inline-scoped		0				0
usr/lib/mios/agent-pipe/mios_pipe/memory/worker_tools.py	119	119	1	3	124b0551a6b7	STAY	inline-scoped		0				0
usr/lib/mios/agent-pipe/mios_pipe/memory/worker_tools.py	122	126	5	53	1b990a1ab89a	STAY	midsize-why		0				0
usr/lib/mios/agent-pipe/mios_pipe/memory/worker_tools.py	134	142	9	99	9f6fca09cf47	MIGRATE	narrative-rationale		0				0
usr/lib/mios/agent-pipe/mios_pipe/memory/worker_tools.py	147	147	1	4	cfcdbec7c300	STAY	inline-scoped		0				0
usr/lib/mios/agent-pipe/mios_pipe/memory/worker_tools.py	152	153	2	23	e04cd9687e26	STAY	local-scoped		0				0
usr/lib/mios/agent-pipe/mios_pipe/memory/worker_tools.py	157	158	2	22	c4052baf76d4	STAY	local-scoped		0				0
usr/lib/mios/agent-pipe/mios_pipe/memory/worker_tools.py	162	164	3	34	bee968c7f94f	STAY	midsize-why		0				0
usr/lib/mios/agent-pipe/mios_pipe/memory/worker_tools.py	189	191	3	34	4745b624ba80	STAY	midsize-why		0				0
usr/lib/mios/agent-pipe/mios_pipe/memory/worker_tools.py	211	211	1	13	2d4d49bfa537	STAY	local-scoped		0				0
usr/lib/mios/agent-pipe/mios_pipe/memory/worker_tools.py	219	222	4	47	c8c5f24a5e86	MIGRATE	midsize-narrative		0				0
usr/lib/mios/agent-pipe/mios_pipe/memory/worker_tools.py	244	244	1	8	627795f17967	STAY	inline-scoped		0				0
usr/lib/mios/agent-pipe/mios_pipe/memory/worker_tools.py	245	245	1	6	cf5566daab8c	STAY	inline-scoped		0				0
usr/lib/mios/agent-pipe/mios_pipe/memory/worker_tools.py	258	258	1	8	4ac08bcc7e0c	STAY	inline-scoped		0				0
usr/lib/mios/agent-pipe/mios_pipe/memory/worker_tools.py	266	266	1	5	d6126ab4c460	STAY	inline-scoped		0				0
usr/lib/mios/agent-pipe/mios_pipe/memory/worker_tools.py	273	273	1	6	e010fbb1ccbd	STAY	inline-scoped		0				0
usr/lib/mios/agent-pipe/mios_pipe/observability/__init__.py	1	1	1	4	49cf2c0ecb21	STAY	ai-header		0				0
usr/lib/mios/agent-pipe/mios_pipe/observability/audit.py	1	2	2	13	701763d148ed	STAY	ai-header		0				0
usr/lib/mios/agent-pipe/mios_pipe/observability/audit.py	3	44	41	362	67974cee6a6d	MIGRATE	narrative-history	adr-candidate	0				0
usr/lib/mios/agent-pipe/mios_pipe/observability/audit.py	55	55	1	10	14bec8c841a0	STAY	inline-scoped		0				0
usr/lib/mios/agent-pipe/mios_pipe/observability/audit.py	58	58	1	13	ca607b752caf	STAY	inline-scoped		0				0
usr/lib/mios/agent-pipe/mios_pipe/observability/audit.py	60	61	2	20	83467bc3bf26	STAY	local-scoped		0				0
usr/lib/mios/agent-pipe/mios_pipe/observability/audit.py	68	68	1	7	bd62976ec79f	STAY	inline-scoped		0				0
usr/lib/mios/agent-pipe/mios_pipe/observability/audit.py	71	71	1	2	288ec414ad5f	STAY	inline-scoped		0				0
usr/lib/mios/agent-pipe/mios_pipe/observability/audit.py	90	105	16	164	355a934641b9	MIGRATE	narrative-rationale		0				0
usr/lib/mios/agent-pipe/mios_pipe/observability/audit.py	113	113	1	8	82630ebfc088	STAY	inline-scoped		0				0
usr/lib/mios/agent-pipe/mios_pipe/observability/audit.py	132	132	1	9	cdc95133cd40	STAY	local-scoped		0				0
usr/lib/mios/agent-pipe/mios_pipe/observability/audit.py	137	140	4	42	e943b3a6cbd2	STAY	midsize-why		0				0
usr/lib/mios/agent-pipe/mios_pipe/observability/audit.py	152	154	3	34	4ba15450be59	STAY	midsize-why		0				0
usr/lib/mios/agent-pipe/mios_pipe/observability/audit.py	163	166	4	33	4e131c10dab5	MIGRATE	midsize-narrative		0				0
usr/lib/mios/agent-pipe/mios_pipe/observability/audit.py	169	169	1	6	57e4f02aa2ef	STAY	inline-scoped		0				0
usr/lib/mios/agent-pipe/mios_pipe/observability/audit.py	171	171	1	6	fa9b6978cce9	STAY	inline-scoped		0				0
usr/lib/mios/agent-pipe/mios_pipe/observability/audit.py	184	184	1	8	d266a7c5e5e1	STAY	inline-scoped		0				0
usr/lib/mios/agent-pipe/mios_pipe/observability/audit.py	194	194	1	10	baabd24cfc87	STAY	local-scoped		0				0
usr/lib/mios/agent-pipe/mios_pipe/observability/audit.py	199	199	1	11	22d21bfd0d91	STAY	local-scoped		0				0
usr/lib/mios/agent-pipe/mios_pipe/observability/audit.py	221	221	1	7	18076150d4e5	STAY	local-scoped		0				0
usr/lib/mios/agent-pipe/mios_pipe/observability/audit.py	271	271	1	12	d986cba5b169	STAY	local-scoped		0				0
usr/lib/mios/agent-pipe/mios_pipe/observability/audit.py	303	303	1	2	f56ee1e18c22	STAY	inline-scoped		0				0
usr/lib/mios/agent-pipe/mios_pipe/observability/audit.py	327	327	1	2	f56ee1e18c22	STAY	inline-scoped		0				0
usr/lib/mios/agent-pipe/mios_pipe/observability/audit.py	349	349	1	2	f56ee1e18c22	STAY	inline-scoped		0				0
usr/lib/mios/agent-pipe/mios_pipe/observability/audit.py	362	362	1	2	f56ee1e18c22	STAY	inline-scoped		0				0
usr/lib/mios/agent-pipe/mios_pipe/observability/cost.py	1	2	2	13	85b279b1c675	STAY	ai-header		0				0
usr/lib/mios/agent-pipe/mios_pipe/observability/cost.py	3	20	17	130	f8b5847cb1a2	MIGRATE	narrative-history		0				0
usr/lib/mios/agent-pipe/mios_pipe/observability/cost.py	25	25	1	9	11c45c9f9860	STAY	inline-scoped		0				0
usr/lib/mios/agent-pipe/mios_pipe/observability/cost.py	29	32	4	33	9a79979b1064	STAY	midsize-why		0				0
usr/lib/mios/agent-pipe/mios_pipe/observability/cost.py	46	49	4	30	66290dbaa323	STAY	midsize-why		0				0
usr/lib/mios/agent-pipe/mios_pipe/observability/cost.py	66	67	2	19	b56a43126955	STAY	local-scoped		0				0
usr/lib/mios/agent-pipe/mios_pipe/observability/cost.py	79	79	1	8	30ad1b8fe264	STAY	local-scoped		0				0
usr/lib/mios/agent-pipe/mios_pipe/observability/cost.py	98	98	1	13	ca80a3d740aa	STAY	local-scoped		0				0
usr/lib/mios/agent-pipe/mios_pipe/observability/drift_monitor.py	1	2	2	12	269b5800aac3	STAY	ai-header		0				0
usr/lib/mios/agent-pipe/mios_pipe/observability/drift_monitor.py	3	4	2	14	97a9948be303	STAY	local-scoped		0				0
usr/lib/mios/agent-pipe/mios_pipe/observability/drift_monitor.py	15	16	2	20	85a5868d504c	STAY	local-scoped		0				0
usr/lib/mios/agent-pipe/mios_pipe/observability/drift_monitor.py	46	47	2	19	2f3668a3f342	STAY	local-scoped		0				0
usr/lib/mios/agent-pipe/mios_pipe/observability/drift_monitor.py	64	65	2	27	a564dd1c1e5f	STAY	midsize-why		0				0
usr/lib/mios/agent-pipe/mios_pipe/observability/drift_monitor.py	77	78	2	19	fdd983ac2a2d	STAY	local-scoped		0				0
usr/lib/mios/agent-pipe/mios_pipe/observability/drift_monitor.py	101	102	2	24	4abd27ed6f40	STAY	local-scoped		0				0
usr/lib/mios/agent-pipe/mios_pipe/observability/session_events.py	1	2	2	11	67286941ca17	STAY	ai-header		0				0
usr/lib/mios/agent-pipe/mios_pipe/observability/session_events.py	3	3	1	7	2b6916648be5	STAY	local-scoped		0				0
usr/lib/mios/agent-pipe/mios_pipe/observability/session_events.py	22	22	1	4	3054f09618f3	STAY	local-scoped		0				0
usr/lib/mios/agent-pipe/mios_pipe/observability/session_events.py	35	37	3	26	b9b47a7fcd27	STAY	midsize-why		0				0
usr/lib/mios/agent-pipe/mios_pipe/observability/session_events.py	49	53	5	43	b92514c89802	STAY	midsize-why		0				0
usr/lib/mios/agent-pipe/mios_pipe/observability/trace.py	1	2	2	11	b735f6f9b0a0	STAY	ai-header		0				0
usr/lib/mios/agent-pipe/mios_pipe/observability/trace.py	3	39	36	274	a89e85f41262	MIGRATE	narrative-rationale		0				0
usr/lib/mios/agent-pipe/mios_pipe/observability/trace.py	50	50	1	7	187a8d70be8a	STAY	local-scoped		0				0
usr/lib/mios/agent-pipe/mios_pipe/observability/trace.py	55	55	1	7	1d778c607a03	STAY	local-scoped		0				0
usr/lib/mios/agent-pipe/mios_pipe/observability/trace.py	60	60	1	6	a2c1da91348d	STAY	local-scoped		0				0
usr/lib/mios/agent-pipe/mios_pipe/observability/trace.py	74	74	1	4	d6fcfd58e6de	STAY	inline-scoped		0				0
usr/lib/mios/agent-pipe/mios_pipe/observability/trace.py	75	75	1	3	c86974d69af9	STAY	inline-scoped		0				0
usr/lib/mios/agent-pipe/mios_pipe/observability/trace.py	80	80	1	7	fdf6eff1b701	STAY	local-scoped		0				0
usr/lib/mios/agent-pipe/mios_pipe/observability/trace.py	109	109	1	10	357326134be9	STAY	local-scoped		0				0
usr/lib/mios/agent-pipe/mios_pipe/observability/trace.py	121	122	2	22	c32974affb8c	STAY	local-scoped		0				0
usr/lib/mios/agent-pipe/mios_pipe/observability/trace.py	126	126	1	12	0f964c22e5ed	STAY	local-scoped		0				0
usr/lib/mios/agent-pipe/mios_pipe/observability/trace.py	145	145	1	12	5c1e4b8d417b	STAY	local-scoped		0				0
usr/lib/mios/agent-pipe/mios_pipe/observability/trace.py	149	149	1	9	77d7fcf91031	STAY	local-scoped		0				0
usr/lib/mios/agent-pipe/mios_pipe/redact.py	1	1	1	7	36ce13f12db5	STAY	ai-header		0				0
usr/lib/mios/agent-pipe/mios_pipe/redact.py	14	14	1	5	700f237c6f1e	STAY	local-scoped		0				0
usr/lib/mios/agent-pipe/mios_pipe/redact.py	18	19	2	14	ee254d07c218	STAY	local-scoped		0				0
usr/lib/mios/agent-pipe/mios_pipe/routing/__init__.py	1	1	1	4	7b068376e71e	STAY	ai-header		0				0
usr/lib/mios/agent-pipe/mios_pipe/routing/aci.py	1	2	2	25	9e6d5024f091	STAY	ai-header		0				0
usr/lib/mios/agent-pipe/mios_pipe/routing/aci.py	3	17	14	104	260300d15f4c	MIGRATE	narrative-rationale		0				0
usr/lib/mios/agent-pipe/mios_pipe/routing/aci.py	32	38	7	71	513eab2ffc9e	MIGRATE	narrative-history		0				0
usr/lib/mios/agent-pipe/mios_pipe/routing/aci.py	61	61	1	6	cb8227d3f2d6	STAY	inline-scoped		0				0
usr/lib/mios/agent-pipe/mios_pipe/routing/aci.py	64	64	1	2	f56ee1e18c22	STAY	inline-scoped		0				0
usr/lib/mios/agent-pipe/mios_pipe/routing/agent_call.py	1	2	2	15	2ddbdae3cc80	STAY	ai-header		0				0
usr/lib/mios/agent-pipe/mios_pipe/routing/agent_call.py	3	19	16	134	8c690553850c	MIGRATE	narrative-rationale		0				0
usr/lib/mios/agent-pipe/mios_pipe/routing/agent_call.py	159	161	3	31	78a54fe090eb	STAY	midsize-why		0				0
usr/lib/mios/agent-pipe/mios_pipe/routing/agent_call.py	288	292	5	69	0e149845016e	MIGRATE	narrative-rationale		0				0
usr/lib/mios/agent-pipe/mios_pipe/routing/agent_call.py	296	296	1	2	f56ee1e18c22	STAY	inline-scoped		0				0
usr/lib/mios/agent-pipe/mios_pipe/routing/agent_call.py	301	303	3	38	76134d5d61e3	STAY	midsize-why		0				0
usr/lib/mios/agent-pipe/mios_pipe/routing/agent_call.py	308	311	4	43	65e58443f412	MIGRATE	midsize-narrative		0				0
usr/lib/mios/agent-pipe/mios_pipe/routing/agent_call.py	322	322	1	2	f56ee1e18c22	STAY	inline-scoped		0				0
usr/lib/mios/agent-pipe/mios_pipe/routing/agent_call.py	380	387	8	69	1b0606db7c89	MIGRATE	narrative-rationale		0				0
usr/lib/mios/agent-pipe/mios_pipe/routing/agent_call.py	465	465	1	5	7017cdef90cd	STAY	inline-scoped		0				0
usr/lib/mios/agent-pipe/mios_pipe/routing/agent_call.py	469	469	1	6	62c3ffe9abad	STAY	inline-scoped		0				0
usr/lib/mios/agent-pipe/mios_pipe/routing/agent_call.py	497	497	1	2	8339b33faf9c	STAY	inline-scoped		0				0
usr/lib/mios/agent-pipe/mios_pipe/routing/agent_call.py	571	596	26	222	c61863c05f79	MIGRATE	narrative-rationale		0				0
usr/lib/mios/agent-pipe/mios_pipe/routing/agent_call.py	597	597	1	9	b6318778d881	STAY	inline-scoped		0				0
usr/lib/mios/agent-pipe/mios_pipe/routing/agent_call.py	641	641	1	4	a25ab6d6833d	STAY	inline-scoped		0				0
usr/lib/mios/agent-pipe/mios_pipe/routing/agent_call.py	650	650	1	6	a3caa28e2f5e	STAY	inline-scoped		0				0
usr/lib/mios/agent-pipe/mios_pipe/routing/agent_call.py	651	651	1	8	692e0aa4684a	STAY	inline-scoped		0				0
usr/lib/mios/agent-pipe/mios_pipe/routing/agent_call.py	673	673	1	10	0d9b577f3758	STAY	inline-scoped		0				0
usr/lib/mios/agent-pipe/mios_pipe/routing/agent_call.py	675	675	1	2	f56ee1e18c22	STAY	inline-scoped		0				0
usr/lib/mios/agent-pipe/mios_pipe/routing/agent_call.py	722	722	1	9	b6318778d881	STAY	inline-scoped		0				0
usr/lib/mios/agent-pipe/mios_pipe/routing/agent_call.py	763	763	1	4	a25ab6d6833d	STAY	inline-scoped		0				0
usr/lib/mios/agent-pipe/mios_pipe/routing/agent_call.py	778	778	1	5	fefa840d7156	STAY	inline-scoped		0				0
usr/lib/mios/agent-pipe/mios_pipe/routing/agent_call.py	805	805	1	2	f56ee1e18c22	STAY	inline-scoped		0				0
usr/lib/mios/agent-pipe/mios_pipe/routing/agent_call.py	814	814	1	10	57dd89e7012e	STAY	local-scoped		0				0
usr/lib/mios/agent-pipe/mios_pipe/routing/agent_call.py	819	822	4	42	a08fea8d08c2	STAY	midsize-why		0				0
usr/lib/mios/agent-pipe/mios_pipe/routing/agent_call.py	907	910	4	28	4bfce619f653	STAY	midsize-why		0				0
usr/lib/mios/agent-pipe/mios_pipe/routing/agent_call.py	941	941	1	5	372807620615	STAY	inline-scoped		0				0
usr/lib/mios/agent-pipe/mios_pipe/routing/agent_call.py	948	953	6	69	6e26c4fdaa5f	MIGRATE	narrative-rationale		0				0
usr/lib/mios/agent-pipe/mios_pipe/routing/agent_call.py	970	970	1	3	5765662d57e5	STAY	inline-scoped		0				0
usr/lib/mios/agent-pipe/mios_pipe/routing/agent_call.py	981	981	1	2	23a36496426f	STAY	inline-scoped		0				0
usr/lib/mios/agent-pipe/mios_pipe/routing/agent_call.py	992	1001	10	118	249c2e53c5a1	MIGRATE	narrative-history		0				0
usr/lib/mios/agent-pipe/mios_pipe/routing/agent_call.py	1031	1031	1	8	8790fd28d753	STAY	inline-scoped		0				0
usr/lib/mios/agent-pipe/mios_pipe/routing/agent_call.py	1037	1041	5	59	5eb5e6ad9a53	STAY	midsize-why		0				0
usr/lib/mios/agent-pipe/mios_pipe/routing/agent_call.py	1049	1053	5	50	c4a176cc44b4	STAY	midsize-why		0				0
usr/lib/mios/agent-pipe/mios_pipe/routing/agent_call.py	1077	1081	5	56	f0e0ec90733e	MIGRATE	midsize-narrative		0				0
usr/lib/mios/agent-pipe/mios_pipe/routing/agent_call.py	1093	1093	1	4	f19ec15206d8	STAY	inline-scoped		0				0
usr/lib/mios/agent-pipe/mios_pipe/routing/agent_call.py	1103	1103	1	2	f56ee1e18c22	STAY	inline-scoped		0				0
usr/lib/mios/agent-pipe/mios_pipe/routing/agent_call.py	1113	1113	1	6	a9c1ec1743f9	STAY	inline-scoped		0				0
usr/lib/mios/agent-pipe/mios_pipe/routing/agent_call.py	1120	1120	1	5	f7c1e6566040	STAY	inline-scoped		0				0
usr/lib/mios/agent-pipe/mios_pipe/routing/agent_call.py	1123	1123	1	4	cdb0984cd107	STAY	inline-scoped		0				0
usr/lib/mios/agent-pipe/mios_pipe/routing/agent_call.py	1125	1125	1	2	6a94fa7ab851	STAY	inline-scoped		0				0
usr/lib/mios/agent-pipe/mios_pipe/routing/agent_call.py	1129	1129	1	9	1f34fef564d1	STAY	inline-scoped		0				0
usr/lib/mios/agent-pipe/mios_pipe/routing/agent_call.py	1138	1138	1	2	f56ee1e18c22	STAY	inline-scoped		0				0
usr/lib/mios/agent-pipe/mios_pipe/routing/agent_call.py	1145	1145	1	2	f56ee1e18c22	STAY	inline-scoped		0				0
usr/lib/mios/agent-pipe/mios_pipe/routing/agent_call.py	1151	1151	1	2	f56ee1e18c22	STAY	inline-scoped		0				0
usr/lib/mios/agent-pipe/mios_pipe/routing/agentreg.py	1	2	2	13	d5e66abdb798	STAY	ai-header		0				0
usr/lib/mios/agent-pipe/mios_pipe/routing/agentreg.py	8	8	1	9	93259d830a55	STAY	inline-scoped		0				0
usr/lib/mios/agent-pipe/mios_pipe/routing/agentreg.py	10	10	1	2	8fd01c634ab8	STAY	inline-scoped		0				0
usr/lib/mios/agent-pipe/mios_pipe/routing/agentreg.py	91	91	1	4	dd65729d6296	STAY	inline-scoped		0				0
usr/lib/mios/agent-pipe/mios_pipe/routing/agentreg.py	139	139	1	3	ee25ad6793b2	STAY	inline-scoped		0				0
usr/lib/mios/agent-pipe/mios_pipe/routing/agentreg.py	152	152	1	3	9d8b7100cdb0	STAY	inline-scoped		0				0
usr/lib/mios/agent-pipe/mios_pipe/routing/agentreg.py	163	163	1	6	2a8a2a3cabbf	STAY	inline-scoped		0				0
usr/lib/mios/agent-pipe/mios_pipe/routing/agentreg.py	213	213	1	3	fd0f5b61ac53	STAY	inline-scoped		0				0
usr/lib/mios/agent-pipe/mios_pipe/routing/agentreg.py	261	261	1	2	f56ee1e18c22	STAY	inline-scoped		0				0
usr/lib/mios/agent-pipe/mios_pipe/routing/agentreg.py	274	274	1	5	a2d5d8936b71	STAY	inline-scoped		0				0
usr/lib/mios/agent-pipe/mios_pipe/routing/applet_webresearch.py	1	2	2	16	3a5e9854e242	STAY	ai-header		0				0
usr/lib/mios/agent-pipe/mios_pipe/routing/applet_webresearch.py	3	3	1	12	174ea662b34b	STAY	local-scoped		0				0
usr/lib/mios/agent-pipe/mios_pipe/routing/applet_webresearch.py	27	28	2	24	230ebc92196b	STAY	local-scoped		0				0
usr/lib/mios/agent-pipe/mios_pipe/routing/applet_webresearch.py	34	35	2	23	c8016bafa2bb	STAY	local-scoped		0				0
usr/lib/mios/agent-pipe/mios_pipe/routing/applet_webresearch.py	39	41	3	28	143b4c511e07	STAY	midsize-why		0				0
usr/lib/mios/agent-pipe/mios_pipe/routing/applet_webresearch.py	49	51	3	27	f4f1955b4a72	STAY	midsize-why		0				0
usr/lib/mios/agent-pipe/mios_pipe/routing/applet_webresearch.py	82	84	3	34	6d8b0e9cf4dc	STAY	midsize-why		0				0
usr/lib/mios/agent-pipe/mios_pipe/routing/applet_webresearch.py	93	93	1	9	151f89839d82	STAY	inline-scoped		0				0
usr/lib/mios/agent-pipe/mios_pipe/routing/applet_webresearch.py	163	163	1	9	b0b0d7145060	STAY	local-scoped		0				0
usr/lib/mios/agent-pipe/mios_pipe/routing/chat.py	1	2	2	15	d611c7dca43f	STAY	ai-header		0				0
usr/lib/mios/agent-pipe/mios_pipe/routing/chat.py	80	80	1	6	8157d14809a7	STAY	inline-scoped		0				0
usr/lib/mios/agent-pipe/mios_pipe/routing/chat.py	81	81	1	8	75be463691df	STAY	inline-scoped		0				0
usr/lib/mios/agent-pipe/mios_pipe/routing/chat.py	95	95	1	6	409a3321b6ce	STAY	inline-scoped		0				0
usr/lib/mios/agent-pipe/mios_pipe/routing/chat.py	283	285	3	20	65e771d4d330	STAY	midsize-why		0				0
usr/lib/mios/agent-pipe/mios_pipe/routing/chat.py	294	294	1	9	eb4d23de60c2	STAY	local-scoped		0				0
usr/lib/mios/agent-pipe/mios_pipe/routing/chat.py	326	326	1	7	c24a565c042b	STAY	local-scoped		0				0
usr/lib/mios/agent-pipe/mios_pipe/routing/chat.py	371	371	1	4	1cfb08a92e84	STAY	inline-scoped		0				0
usr/lib/mios/agent-pipe/mios_pipe/routing/chat.py	396	398	3	31	7a89a049a99e	STAY	midsize-why		0				0
usr/lib/mios/agent-pipe/mios_pipe/routing/chat.py	416	416	1	2	f56ee1e18c22	STAY	inline-scoped		0				0
usr/lib/mios/agent-pipe/mios_pipe/routing/chat.py	422	426	5	57	21dc4c46f0c6	STAY	midsize-why		0				0
usr/lib/mios/agent-pipe/mios_pipe/routing/chat.py	449	449	1	2	f56ee1e18c22	STAY	inline-scoped		0				0
usr/lib/mios/agent-pipe/mios_pipe/routing/chat.py	456	459	4	44	928ee6513329	STAY	midsize-why		0				0
usr/lib/mios/agent-pipe/mios_pipe/routing/chat.py	508	508	1	5	d708b03cc7ba	STAY	inline-scoped		0				0
usr/lib/mios/agent-pipe/mios_pipe/routing/chat.py	560	560	1	9	b2dc1035128b	STAY	local-scoped		0				0
usr/lib/mios/agent-pipe/mios_pipe/routing/chat.py	598	598	1	13	823b3068cb42	STAY	local-scoped		0				0
usr/lib/mios/agent-pipe/mios_pipe/routing/chat.py	609	609	1	9	394da198b9f2	STAY	local-scoped		0				0
usr/lib/mios/agent-pipe/mios_pipe/routing/chat.py	615	615	1	10	efd97e2dee02	STAY	inline-scoped		0				0
usr/lib/mios/agent-pipe/mios_pipe/routing/chat.py	620	621	2	13	03133e777950	STAY	local-scoped		0				0
usr/lib/mios/agent-pipe/mios_pipe/routing/chat.py	661	661	1	10	9af85fabde7a	STAY	inline-scoped		0				0
usr/lib/mios/agent-pipe/mios_pipe/routing/chat.py	672	672	1	2	f56ee1e18c22	STAY	inline-scoped		0				0
usr/lib/mios/agent-pipe/mios_pipe/routing/chat.py	965	965	1	10	f22ccbd90b30	STAY	inline-scoped		0				0
usr/lib/mios/agent-pipe/mios_pipe/routing/chat.py	1054	1054	1	3	9d8b7100cdb0	STAY	inline-scoped		0				0
usr/lib/mios/agent-pipe/mios_pipe/routing/chat.py	1072	1072	1	3	9d8b7100cdb0	STAY	inline-scoped		0				0
usr/lib/mios/agent-pipe/mios_pipe/routing/chat.py	1295	1295	1	2	f56ee1e18c22	STAY	inline-scoped		0				0
usr/lib/mios/agent-pipe/mios_pipe/routing/chat.py	1299	1299	1	2	f56ee1e18c22	STAY	inline-scoped		0				0
usr/lib/mios/agent-pipe/mios_pipe/routing/chat.py	1308	1308	1	10	ff01802d2e11	STAY	inline-scoped		0				0
usr/lib/mios/agent-pipe/mios_pipe/routing/chat.py	1315	1315	1	9	4a6d07274dd6	STAY	inline-scoped		0				0
usr/lib/mios/agent-pipe/mios_pipe/routing/chat.py	1390	1390	1	2	f56ee1e18c22	STAY	inline-scoped		0				0
usr/lib/mios/agent-pipe/mios_pipe/routing/chat.py	1410	1411	2	10	a93479fc5e5a	STAY	local-scoped		0				0
usr/lib/mios/agent-pipe/mios_pipe/routing/chat.py	1417	1421	5	31	bab173682fec	STAY	midsize-why		0				0
usr/lib/mios/agent-pipe/mios_pipe/routing/chat.py	1509	1510	2	22	46a81af28c9a	STAY	local-scoped		0				0
usr/lib/mios/agent-pipe/mios_pipe/routing/chat.py	1576	1576	1	2	f56ee1e18c22	STAY	inline-scoped		0				0
usr/lib/mios/agent-pipe/mios_pipe/routing/classify.py	1	3	3	19	bdea848f5610	STAY	ai-header		0				0
usr/lib/mios/agent-pipe/mios_pipe/routing/classify.py	4	4	1	7	0ff1f10c2f2d	STAY	local-scoped		0				0
usr/lib/mios/agent-pipe/mios_pipe/routing/classify.py	41	43	3	29	060accaafd75	STAY	midsize-why		0				0
usr/lib/mios/agent-pipe/mios_pipe/routing/classify.py	61	63	3	23	24508fca45b3	STAY	midsize-why		0				0
usr/lib/mios/agent-pipe/mios_pipe/routing/conductor.py	20	20	1	6	72f040df2921	STAY	local-scoped		0				0
usr/lib/mios/agent-pipe/mios_pipe/routing/consensus.py	1	2	2	10	324f10635387	STAY	ai-header		0				0
usr/lib/mios/agent-pipe/mios_pipe/routing/consensus.py	3	4	2	9	0529c02c2a9a	STAY	local-scoped		0				0
usr/lib/mios/agent-pipe/mios_pipe/routing/consensus.py	25	26	2	20	96c8e89f1172	STAY	local-scoped		0				0
usr/lib/mios/agent-pipe/mios_pipe/routing/consensus.py	35	35	1	2	a5ac40ad6fb6	STAY	inline-scoped		0				0
usr/lib/mios/agent-pipe/mios_pipe/routing/consensus.py	42	42	1	11	eae804afe88a	STAY	local-scoped		0				0
usr/lib/mios/agent-pipe/mios_pipe/routing/consensus.py	54	55	2	17	a57fd1ad7e23	STAY	local-scoped		0				0
usr/lib/mios/agent-pipe/mios_pipe/routing/consensus.py	90	91	2	23	1c780c409be6	STAY	local-scoped		0				0
usr/lib/mios/agent-pipe/mios_pipe/routing/council_diversity.py	1	2	2	15	157e92be542c	STAY	ai-header		0				0
usr/lib/mios/agent-pipe/mios_pipe/routing/council_diversity.py	19	19	1	9	14652bb751b1	STAY	local-scoped		0				0
usr/lib/mios/agent-pipe/mios_pipe/routing/council_diversity.py	26	26	1	9	2e56b0440bd9	STAY	local-scoped		0				0
usr/lib/mios/agent-pipe/mios_pipe/routing/council_diversity.py	40	41	2	26	8029a7d2a14c	STAY	midsize-why		0				0
usr/lib/mios/agent-pipe/mios_pipe/routing/council_diversity.py	66	66	1	9	ab96abf47b84	STAY	inline-scoped		0				0
usr/lib/mios/agent-pipe/mios_pipe/routing/council_diversity.py	74	78	5	43	ce6e6be21f88	STAY	midsize-why		0				0
usr/lib/mios/agent-pipe/mios_pipe/routing/council_diversity.py	118	118	1	6	f629addc95cd	STAY	inline-scoped		0				0
usr/lib/mios/agent-pipe/mios_pipe/routing/council_diversity.py	132	132	1	6	d19b5b8a621e	STAY	inline-scoped		0				0
usr/lib/mios/agent-pipe/mios_pipe/routing/cua.py	1	2	2	13	70a0c76cdd59	STAY	ai-header		0				0
usr/lib/mios/agent-pipe/mios_pipe/routing/cua.py	15	15	1	2	8fd01c634ab8	STAY	inline-scoped		0				0
usr/lib/mios/agent-pipe/mios_pipe/routing/cua.py	89	91	3	35	d1ac643ef66a	STAY	midsize-why		0				0
usr/lib/mios/agent-pipe/mios_pipe/routing/cua.py	98	99	2	25	be30b0f2199e	STAY	local-scoped		0				0
usr/lib/mios/agent-pipe/mios_pipe/routing/cua.py	108	109	2	20	6b45d012c4e5	STAY	local-scoped		0				0
usr/lib/mios/agent-pipe/mios_pipe/routing/cua.py	132	135	4	43	bffcada27fa5	STAY	midsize-why		0				0
usr/lib/mios/agent-pipe/mios_pipe/routing/cua.py	146	147	2	21	98d2e7715771	STAY	local-scoped		0				0
usr/lib/mios/agent-pipe/mios_pipe/routing/cua.py	182	182	1	2	f56ee1e18c22	STAY	inline-scoped		0				0
usr/lib/mios/agent-pipe/mios_pipe/routing/cua.py	194	194	1	6	a6291d025d1b	STAY	inline-scoped		0				0
usr/lib/mios/agent-pipe/mios_pipe/routing/cua.py	204	205	2	10	97be7a2e745d	STAY	local-scoped		0				0
usr/lib/mios/agent-pipe/mios_pipe/routing/cua.py	255	255	1	7	1cd9c2812c4b	STAY	inline-scoped		0				0
usr/lib/mios/agent-pipe/mios_pipe/routing/cua.py	282	282	1	3	9d8b7100cdb0	STAY	inline-scoped		0				0
usr/lib/mios/agent-pipe/mios_pipe/routing/cua.py	401	401	1	4	ab5aeabc1367	STAY	inline-scoped		0				0
usr/lib/mios/agent-pipe/mios_pipe/routing/cua.py	406	406	1	5	be184780f6a6	STAY	inline-scoped		0				0
usr/lib/mios/agent-pipe/mios_pipe/routing/cua.py	414	414	1	4	836ba19f980d	STAY	inline-scoped		0				0
usr/lib/mios/agent-pipe/mios_pipe/routing/dag_exec.py	1	2	2	13	f566cb4d5f96	STAY	ai-header		0				0
usr/lib/mios/agent-pipe/mios_pipe/routing/dag_exec.py	112	113	2	19	8123c3aedda0	STAY	local-scoped		0				0
usr/lib/mios/agent-pipe/mios_pipe/routing/dag_exec.py	263	263	1	6	250948dbf648	STAY	inline-scoped		0				0
usr/lib/mios/agent-pipe/mios_pipe/routing/dag_exec.py	274	274	1	2	f56ee1e18c22	STAY	inline-scoped		0				0
usr/lib/mios/agent-pipe/mios_pipe/routing/dag_exec.py	301	301	1	4	0120dd794857	STAY	inline-scoped		0				0
usr/lib/mios/agent-pipe/mios_pipe/routing/dag_exec.py	311	311	1	4	2ab0a7c82a56	STAY	inline-scoped		0				0
usr/lib/mios/agent-pipe/mios_pipe/routing/dag_exec.py	492	492	1	6	824a4275a0fa	STAY	inline-scoped		0				0
usr/lib/mios/agent-pipe/mios_pipe/routing/dag_exec.py	512	512	1	3	9694df79ed4c	STAY	inline-scoped		0				0
usr/lib/mios/agent-pipe/mios_pipe/routing/dag_exec.py	513	513	1	4	240fbbe4b526	STAY	inline-scoped		0				0
usr/lib/mios/agent-pipe/mios_pipe/routing/dag_exec.py	600	602	3	31	c69550788c1b	STAY	midsize-why		0				0
usr/lib/mios/agent-pipe/mios_pipe/routing/dag_exec.py	641	641	1	5	c8ebe2a92481	STAY	inline-scoped		0				0
usr/lib/mios/agent-pipe/mios_pipe/routing/dag_exec.py	668	668	1	6	a77c70816519	STAY	inline-scoped		0				0
usr/lib/mios/agent-pipe/mios_pipe/routing/dag_exec.py	676	676	1	2	0666135f9e3b	STAY	inline-scoped		0				0
usr/lib/mios/agent-pipe/mios_pipe/routing/dag_exec.py	725	725	1	2	f56ee1e18c22	STAY	inline-scoped		0				0
usr/lib/mios/agent-pipe/mios_pipe/routing/dag_exec.py	738	738	1	6	579c20afc5e7	STAY	inline-scoped		0				0
usr/lib/mios/agent-pipe/mios_pipe/routing/dag_exec.py	752	752	1	4	f9fdb62f13f4	STAY	inline-scoped		0				0
usr/lib/mios/agent-pipe/mios_pipe/routing/dag_exec.py	760	760	1	3	8d1f28279bb6	STAY	inline-scoped		0				0
usr/lib/mios/agent-pipe/mios_pipe/routing/dag_exec.py	827	827	1	6	0d4001c3115b	STAY	inline-scoped		0				0
usr/lib/mios/agent-pipe/mios_pipe/routing/dag_exec.py	828	828	1	4	65d8bb0c1ec4	STAY	inline-scoped		0				0
usr/lib/mios/agent-pipe/mios_pipe/routing/dag_exec.py	886	886	1	6	579c20afc5e7	STAY	inline-scoped		0				0
usr/lib/mios/agent-pipe/mios_pipe/routing/dag_exec.py	911	911	1	7	718d7790de0b	STAY	inline-scoped		0				0
usr/lib/mios/agent-pipe/mios_pipe/routing/dag_exec.py	982	982	1	1	2b7847b7b705	STAY	inline-scoped		0				0
usr/lib/mios/agent-pipe/mios_pipe/routing/dag_exec.py	1129	1129	1	5	699a7f38610e	STAY	inline-scoped		0				0
usr/lib/mios/agent-pipe/mios_pipe/routing/dag_exec.py	1131	1131	1	2	f56ee1e18c22	STAY	inline-scoped		0				0
usr/lib/mios/agent-pipe/mios_pipe/routing/dag_validate.py	1	2	2	15	0d9d08519873	STAY	ai-header		0				0
usr/lib/mios/agent-pipe/mios_pipe/routing/dag_validate.py	3	3	1	8	da1c3138ea6d	STAY	local-scoped		0				0
usr/lib/mios/agent-pipe/mios_pipe/routing/dag_validate.py	14	14	1	6	1f99f6c3a0f5	STAY	local-scoped		0				0
usr/lib/mios/agent-pipe/mios_pipe/routing/dag_validate.py	16	16	1	5	8a4ee7b85df9	DROP	banner		0				0
usr/lib/mios/agent-pipe/mios_pipe/routing/dag_validate.py	169	170	2	16	80772c4e645a	STAY	local-scoped		0				0
usr/lib/mios/agent-pipe/mios_pipe/routing/dci.py	1	2	2	15	60d51c8b4605	STAY	ai-header		0				0
usr/lib/mios/agent-pipe/mios_pipe/routing/dci.py	29	29	1	11	a7af5cfc6ad3	STAY	local-scoped		0				0
usr/lib/mios/agent-pipe/mios_pipe/routing/dci.py	44	44	1	7	f1338b458864	STAY	inline-scoped		0				0
usr/lib/mios/agent-pipe/mios_pipe/routing/dci.py	46	46	1	6	f1a55742d8cc	STAY	inline-scoped		0				0
usr/lib/mios/agent-pipe/mios_pipe/routing/dci.py	139	141	3	29	e903522c9ede	STAY	midsize-why		0				0
usr/lib/mios/agent-pipe/mios_pipe/routing/dci.py	210	212	3	28	027013f4750d	STAY	midsize-why		0				0
usr/lib/mios/agent-pipe/mios_pipe/routing/dci.py	293	293	1	2	6a1d4d402ec6	STAY	inline-scoped		0				0
usr/lib/mios/agent-pipe/mios_pipe/routing/dci.py	294	294	1	2	5e15b460edb7	STAY	inline-scoped		0				0
usr/lib/mios/agent-pipe/mios_pipe/routing/dci.py	295	295	1	2	5ad0aafc8012	STAY	inline-scoped		0				0
usr/lib/mios/agent-pipe/mios_pipe/routing/dci.py	296	296	1	3	7bf168cc1b28	STAY	inline-scoped		0				0
usr/lib/mios/agent-pipe/mios_pipe/routing/dispatch_cmd.py	1	2	2	12	cf55c2bf5254	STAY	ai-header		0				0
usr/lib/mios/agent-pipe/mios_pipe/routing/dispatch_cmd.py	3	3	1	9	d670686ad453	STAY	local-scoped		0				0
usr/lib/mios/agent-pipe/mios_pipe/routing/dispatch_cmd.py	18	19	2	15	130f29a90367	STAY	local-scoped		0				0
usr/lib/mios/agent-pipe/mios_pipe/routing/dispatch_cmd.py	29	31	3	29	574343d72bfc	STAY	midsize-why		0				0
usr/lib/mios/agent-pipe/mios_pipe/routing/dispatch_cmd.py	42	44	3	24	347aae8a923e	STAY	midsize-why		0				0
usr/lib/mios/agent-pipe/mios_pipe/routing/dispatch_cmd.py	105	107	3	33	a1619983c50a	STAY	midsize-why		0				0
usr/lib/mios/agent-pipe/mios_pipe/routing/dispatch_cmd.py	117	119	3	26	caac5c7623d5	STAY	midsize-why		0				0
usr/lib/mios/agent-pipe/mios_pipe/routing/dispatch_cmd.py	213	213	1	4	54b025146a64	STAY	inline-scoped		0				0
usr/lib/mios/agent-pipe/mios_pipe/routing/dispatcher.py	1	2	2	11	ae2fb905e5d5	STAY	ai-header		0				0
usr/lib/mios/agent-pipe/mios_pipe/routing/dispatcher.py	3	11	8	78	5d320ab2c8f9	MIGRATE	narrative-rationale		0				0
usr/lib/mios/agent-pipe/mios_pipe/routing/dispatcher.py	19	19	1	8	29e591822a7e	STAY	local-scoped		0				0
usr/lib/mios/agent-pipe/mios_pipe/routing/dispatcher.py	34	36	3	30	20f5579b3de8	MIGRATE	midsize-narrative		0				0
usr/lib/mios/agent-pipe/mios_pipe/routing/fanout.py	1	2	2	21	c51281e26ab3	STAY	ai-header		0				0
usr/lib/mios/agent-pipe/mios_pipe/routing/fanout.py	3	19	16	132	ed220f396db2	MIGRATE	narrative-rationale		0				0
usr/lib/mios/agent-pipe/mios_pipe/routing/fanout.py	60	66	7	44	098aa28a1137	MIGRATE	narrative-rationale		0				0
usr/lib/mios/agent-pipe/mios_pipe/routing/fanout.py	107	108	2	23	666c1bed7a8a	STAY	local-scoped		0				0
usr/lib/mios/agent-pipe/mios_pipe/routing/fanout.py	115	120	6	62	6c436bf18ced	MIGRATE	narrative-rationale		0				0
usr/lib/mios/agent-pipe/mios_pipe/routing/fanout.py	125	125	1	2	afad7cc3867c	STAY	inline-scoped		0				0
usr/lib/mios/agent-pipe/mios_pipe/routing/fanout.py	134	139	6	62	b44fa075e897	MIGRATE	narrative-history		0				0
usr/lib/mios/agent-pipe/mios_pipe/routing/fanout.py	149	155	7	81	39664e1ba1dd	MIGRATE	narrative-rationale		0				0
usr/lib/mios/agent-pipe/mios_pipe/routing/fanout.py	181	189	9	80	e413f9fc449f	MIGRATE	narrative-rationale		0				0
usr/lib/mios/agent-pipe/mios_pipe/routing/fanout.py	197	197	1	5	dd2d69ab3d55	STAY	inline-scoped		0				0
usr/lib/mios/agent-pipe/mios_pipe/routing/fanout.py	206	209	4	42	b835c6822690	STAY	midsize-why		0				0
usr/lib/mios/agent-pipe/mios_pipe/routing/fanout.py	223	223	1	8	0bfa6c9bce69	STAY	inline-scoped		0				0
usr/lib/mios/agent-pipe/mios_pipe/routing/fanout.py	228	233	6	68	ac1e2289c664	MIGRATE	narrative-history		0				0
usr/lib/mios/agent-pipe/mios_pipe/routing/fanout.py	267	267	1	2	f02289be14e3	STAY	inline-scoped		0				0
usr/lib/mios/agent-pipe/mios_pipe/routing/fanout.py	285	285	1	7	e9c1279c2a74	STAY	inline-scoped		0				0
usr/lib/mios/agent-pipe/mios_pipe/routing/fanout.py	295	308	14	113	aaf4f5248bf1	MIGRATE	narrative-rationale		0				0
usr/lib/mios/agent-pipe/mios_pipe/routing/hopbudget.py	1	2	2	9	1d8db1e9aa9c	STAY	ai-header		0				0
usr/lib/mios/agent-pipe/mios_pipe/routing/hopbudget.py	3	13	10	94	2872d53f220e	MIGRATE	narrative-rationale		0				0
usr/lib/mios/agent-pipe/mios_pipe/routing/hopbudget.py	21	22	2	22	97556bafa86d	STAY	local-scoped		0				0
usr/lib/mios/agent-pipe/mios_pipe/routing/hopbudget.py	30	30	1	9	8c8ebf42f017	STAY	local-scoped		0				0
usr/lib/mios/agent-pipe/mios_pipe/routing/hopbudget.py	39	40	2	20	a588ba5f0ae6	STAY	local-scoped		0				0
usr/lib/mios/agent-pipe/mios_pipe/routing/hopbudget.py	49	50	2	24	10453acfb444	STAY	local-scoped		0				0
usr/lib/mios/agent-pipe/mios_pipe/routing/hopbudget.py	61	64	4	47	f586e915fa56	MIGRATE	midsize-narrative		0				0
usr/lib/mios/agent-pipe/mios_pipe/routing/hopbudget.py	73	73	1	4	39bbd62dc62e	STAY	inline-scoped		0				0
usr/lib/mios/agent-pipe/mios_pipe/routing/interop.py	1	2	2	23	35fd7dd4a550	STAY	ai-header		0				0
usr/lib/mios/agent-pipe/mios_pipe/routing/interop.py	3	13	10	82	98598f6a982f	MIGRATE	narrative-rationale		0				0
usr/lib/mios/agent-pipe/mios_pipe/routing/interop.py	40	42	3	25	d8716e1f45a2	STAY	midsize-why		0				0
usr/lib/mios/agent-pipe/mios_pipe/routing/interop.py	57	59	3	31	3bc2db716e4b	STAY	midsize-why		0				0
usr/lib/mios/agent-pipe/mios_pipe/routing/interop.py	62	62	1	5	057a0d7dbaac	STAY	inline-scoped		0				0
usr/lib/mios/agent-pipe/mios_pipe/routing/interop.py	63	63	1	6	67c3e0e715ef	STAY	inline-scoped		0				0
usr/lib/mios/agent-pipe/mios_pipe/routing/jsonsalvage.py	1	2	2	29	438cc85ea063	STAY	ai-header		0				0
usr/lib/mios/agent-pipe/mios_pipe/routing/jsonsalvage.py	3	9	6	44	2350aa2f9f89	MIGRATE	narrative-rationale		0				0
usr/lib/mios/agent-pipe/mios_pipe/routing/jsonsalvage.py	19	33	15	142	177a458ee298	MIGRATE	narrative-history		0				0
usr/lib/mios/agent-pipe/mios_pipe/routing/jsonsalvage.py	39	39	1	2	39b82bc4f35f	STAY	inline-scoped		0				0
usr/lib/mios/agent-pipe/mios_pipe/routing/jsonsalvage.py	40	40	1	2	8127dc858d66	STAY	inline-scoped		0				0
usr/lib/mios/agent-pipe/mios_pipe/routing/jsonsalvage.py	41	41	1	3	7acfa0098372	STAY	inline-scoped		0				0
usr/lib/mios/agent-pipe/mios_pipe/routing/jsonsalvage.py	44	44	1	3	5448b02e18d6	STAY	inline-scoped		0				0
usr/lib/mios/agent-pipe/mios_pipe/routing/jsonsalvage.py	45	45	1	2	5a53b39fd590	STAY	inline-scoped		0				0
usr/lib/mios/agent-pipe/mios_pipe/routing/jsonsalvage.py	61	61	1	2	f56ee1e18c22	STAY	inline-scoped		0				0
usr/lib/mios/agent-pipe/mios_pipe/routing/jsonsalvage.py	70	70	1	7	55091b32729d	STAY	inline-scoped		0				0
usr/lib/mios/agent-pipe/mios_pipe/routing/jsonsalvage.py	76	76	1	2	f56ee1e18c22	STAY	inline-scoped		0				0
usr/lib/mios/agent-pipe/mios_pipe/routing/jsonsalvage.py	84	84	1	2	f56ee1e18c22	STAY	inline-scoped		0				0
usr/lib/mios/agent-pipe/mios_pipe/routing/jsonsalvage.py	88	88	1	7	cedd3c88744d	STAY	inline-scoped		0				0
usr/lib/mios/agent-pipe/mios_pipe/routing/lanes.py	1	2	2	16	df52383aa7fd	STAY	ai-header		0				0
usr/lib/mios/agent-pipe/mios_pipe/routing/lanes.py	3	21	18	191	bf2e92aad965	MIGRATE	narrative-history		0				0
usr/lib/mios/agent-pipe/mios_pipe/routing/lanes.py	26	27	2	21	524cd4b21141	STAY	local-scoped		0				0
usr/lib/mios/agent-pipe/mios_pipe/routing/lanes.py	36	36	1	9	6f66667b0f0e	STAY	local-scoped		0				0
usr/lib/mios/agent-pipe/mios_pipe/routing/lanes.py	39	39	1	5	2d40053bafa4	STAY	inline-scoped		0				0
usr/lib/mios/agent-pipe/mios_pipe/routing/lanes.py	44	55	12	99	97fdd80013b3	MIGRATE	narrative-history		0				0
usr/lib/mios/agent-pipe/mios_pipe/routing/lanes.py	71	71	1	5	b13c68e06aac	STAY	inline-scoped		0				0
usr/lib/mios/agent-pipe/mios_pipe/routing/lanes.py	77	86	10	63	6c01efb48734	MIGRATE	narrative-rationale		0				0
usr/lib/mios/agent-pipe/mios_pipe/routing/lanes.py	96	96	1	3	5616f353c4cb	STAY	inline-scoped		0				0
usr/lib/mios/agent-pipe/mios_pipe/routing/lanes.py	97	97	1	2	10a90ff4a290	STAY	inline-scoped		0				0
usr/lib/mios/agent-pipe/mios_pipe/routing/lanes.py	102	102	1	7	e8c692988c9a	STAY	inline-scoped		0				0
usr/lib/mios/agent-pipe/mios_pipe/routing/lanes.py	108	108	1	8	ce4a078e6f57	STAY	inline-scoped		0				0
usr/lib/mios/agent-pipe/mios_pipe/routing/lanes.py	118	120	3	33	8cd7eba9fbfd	STAY	midsize-why		0				0
usr/lib/mios/agent-pipe/mios_pipe/routing/lanes.py	130	130	1	6	3a5c5235e40d	STAY	inline-scoped		0				0
usr/lib/mios/agent-pipe/mios_pipe/routing/lanes.py	133	134	2	23	84f5c3d5f16a	STAY	local-scoped		0				0
usr/lib/mios/agent-pipe/mios_pipe/routing/lanes.py	140	140	1	5	f2ffd6e659bd	STAY	local-scoped		0				0
usr/lib/mios/agent-pipe/mios_pipe/routing/lanes_resolver.py	1	2	2	15	ba494085de23	STAY	ai-header		0				0
usr/lib/mios/agent-pipe/mios_pipe/routing/lanes_resolver.py	3	16	13	106	d8fceacfb041	MIGRATE	narrative-rationale		0				0
usr/lib/mios/agent-pipe/mios_pipe/routing/lanes_resolver.py	23	23	1	4	6f1266639936	STAY	inline-scoped		0				0
usr/lib/mios/agent-pipe/mios_pipe/routing/lanes_resolver.py	48	52	5	28	2b687c41638b	STAY	midsize-why		0				0
usr/lib/mios/agent-pipe/mios_pipe/routing/lanes_resolver.py	63	64	2	23	073edfa76a8f	STAY	local-scoped		0				0
usr/lib/mios/agent-pipe/mios_pipe/routing/lanes_resolver.py	74	74	1	9	3615f9218dad	STAY	inline-scoped		0				0
usr/lib/mios/agent-pipe/mios_pipe/routing/lanes_resolver.py	85	89	5	62	8200d2470c87	MIGRATE	narrative-rationale		0				0
usr/lib/mios/agent-pipe/mios_pipe/routing/lanes_resolver.py	95	95	1	5	79b2f1b1b7d4	STAY	inline-scoped		0				0
usr/lib/mios/agent-pipe/mios_pipe/routing/lanes_resolver.py	121	121	1	4	3138f0839016	STAY	inline-scoped		0				0
usr/lib/mios/agent-pipe/mios_pipe/routing/lanes_resolver.py	122	122	1	8	03ded6005f21	STAY	inline-scoped		0				0
usr/lib/mios/agent-pipe/mios_pipe/routing/lanes_resolver.py	136	136	1	2	f56ee1e18c22	STAY	inline-scoped		0				0
usr/lib/mios/agent-pipe/mios_pipe/routing/lanes_resolver.py	142	146	5	57	812932e88c19	MIGRATE	midsize-narrative		0				0
usr/lib/mios/agent-pipe/mios_pipe/routing/lanes_resolver.py	151	151	1	7	1fb0561cb78e	STAY	inline-scoped		0				0
usr/lib/mios/agent-pipe/mios_pipe/routing/lanes_resolver.py	159	161	3	34	135282b7a632	STAY	midsize-why		0				0
usr/lib/mios/agent-pipe/mios_pipe/routing/lanes_resolver.py	166	166	1	12	63bc2c583251	STAY	local-scoped		0				0
usr/lib/mios/agent-pipe/mios_pipe/routing/native_loop.py	1	2	2	15	af04b99a326a	STAY	ai-header		0				0
usr/lib/mios/agent-pipe/mios_pipe/routing/native_loop.py	3	13	10	73	b2a94ca96631	MIGRATE	narrative-rationale		0				0
usr/lib/mios/agent-pipe/mios_pipe/routing/native_loop.py	69	71	3	27	8b66b16d3086	MIGRATE	midsize-narrative		0				0
usr/lib/mios/agent-pipe/mios_pipe/routing/native_loop.py	74	74	1	8	e6d8aa826c5f	STAY	inline-scoped		0				0
usr/lib/mios/agent-pipe/mios_pipe/routing/native_loop.py	79	81	3	29	85fbc1ffd9e8	STAY	midsize-why		0				0
usr/lib/mios/agent-pipe/mios_pipe/routing/native_loop.py	94	98	5	45	911e176b44cf	STAY	midsize-why		0				0
usr/lib/mios/agent-pipe/mios_pipe/routing/native_loop.py	105	106	2	22	b22feffecd4e	STAY	local-scoped		0				0
usr/lib/mios/agent-pipe/mios_pipe/routing/native_loop.py	113	116	4	42	5d04c374d87e	STAY	midsize-why		0				0
usr/lib/mios/agent-pipe/mios_pipe/routing/native_loop.py	126	128	3	26	edb3339ecf0d	MIGRATE	midsize-narrative		0				0
usr/lib/mios/agent-pipe/mios_pipe/routing/native_loop.py	145	145	1	3	9d8b7100cdb0	STAY	inline-scoped		0				0
usr/lib/mios/agent-pipe/mios_pipe/routing/native_loop.py	150	150	1	10	93b6d01c7aae	STAY	local-scoped		0				0
usr/lib/mios/agent-pipe/mios_pipe/routing/native_loop.py	155	159	5	42	9777487e9b59	MIGRATE	midsize-narrative		0				0
usr/lib/mios/agent-pipe/mios_pipe/routing/native_loop.py	162	162	1	2	21b8f3928d85	STAY	inline-scoped		0				0
usr/lib/mios/agent-pipe/mios_pipe/routing/native_loop.py	165	165	1	1	3db83c907b2b	STAY	inline-scoped		0				0
usr/lib/mios/agent-pipe/mios_pipe/routing/native_loop.py	167	167	1	2	cfd4eb4cfeec	STAY	inline-scoped		0				0
usr/lib/mios/agent-pipe/mios_pipe/routing/native_loop.py	168	168	1	1	386b19a654bd	STAY	inline-scoped		0				0
usr/lib/mios/agent-pipe/mios_pipe/routing/native_loop.py	174	179	6	59	27eedc41e152	MIGRATE	narrative-history		0				0
usr/lib/mios/agent-pipe/mios_pipe/routing/native_loop.py	182	182	1	5	8f103be854c7	STAY	inline-scoped		0				0
usr/lib/mios/agent-pipe/mios_pipe/routing/native_loop.py	190	190	1	4	946222f8500c	STAY	inline-scoped		0				0
usr/lib/mios/agent-pipe/mios_pipe/routing/native_loop.py	198	198	1	2	999408589fa0	STAY	inline-scoped		0				0
usr/lib/mios/agent-pipe/mios_pipe/routing/native_loop.py	208	211	4	39	a0a4a5f4de9a	MIGRATE	midsize-narrative		0				0
usr/lib/mios/agent-pipe/mios_pipe/routing/native_loop.py	221	221	1	3	9d8b7100cdb0	STAY	inline-scoped		0				0
usr/lib/mios/agent-pipe/mios_pipe/routing/native_loop.py	316	321	6	40	45d7a7b2be09	MIGRATE	narrative-rationale		0				0
usr/lib/mios/agent-pipe/mios_pipe/routing/native_loop.py	334	336	3	29	80799f637c05	STAY	midsize-why		0				0
usr/lib/mios/agent-pipe/mios_pipe/routing/native_loop.py	348	348	1	2	f56ee1e18c22	STAY	inline-scoped		0				0
usr/lib/mios/agent-pipe/mios_pipe/routing/native_loop.py	451	451	1	7	bf49964533b5	STAY	inline-scoped		0				0
usr/lib/mios/agent-pipe/mios_pipe/routing/native_loop.py	480	480	1	2	f56ee1e18c22	STAY	inline-scoped		0				0
usr/lib/mios/agent-pipe/mios_pipe/routing/native_loop.py	599	599	1	2	f56ee1e18c22	STAY	inline-scoped		0				0
usr/lib/mios/agent-pipe/mios_pipe/routing/native_loop.py	635	635	1	2	f56ee1e18c22	STAY	inline-scoped		0				0
usr/lib/mios/agent-pipe/mios_pipe/routing/native_loop.py	660	660	1	7	8a6b4c27c014	STAY	inline-scoped		0				0
usr/lib/mios/agent-pipe/mios_pipe/routing/native_loop.py	669	669	1	3	9d8b7100cdb0	STAY	inline-scoped		0				0
usr/lib/mios/agent-pipe/mios_pipe/routing/native_loop.py	686	686	1	3	98aa8ee69993	STAY	inline-scoped		0				0
usr/lib/mios/agent-pipe/mios_pipe/routing/native_loop.py	705	705	1	5	2c94fef32d83	STAY	inline-scoped		0				0
usr/lib/mios/agent-pipe/mios_pipe/routing/native_loop.py	706	706	1	5	b456859a62f7	STAY	inline-scoped		0				0
usr/lib/mios/agent-pipe/mios_pipe/routing/native_loop.py	708	708	1	7	c4898515f4be	STAY	inline-scoped		0				0
usr/lib/mios/agent-pipe/mios_pipe/routing/native_loop.py	729	729	1	2	f56ee1e18c22	STAY	inline-scoped		0				0
usr/lib/mios/agent-pipe/mios_pipe/routing/native_loop.py	743	743	1	7	c4898515f4be	STAY	inline-scoped		0				0
usr/lib/mios/agent-pipe/mios_pipe/routing/native_loop.py	761	761	1	3	9d8b7100cdb0	STAY	inline-scoped		0				0
usr/lib/mios/agent-pipe/mios_pipe/routing/native_loop.py	812	812	1	2	f56ee1e18c22	STAY	inline-scoped		0				0
usr/lib/mios/agent-pipe/mios_pipe/routing/native_loop.py	826	826	1	2	f56ee1e18c22	STAY	inline-scoped		0				0
usr/lib/mios/agent-pipe/mios_pipe/routing/native_loop.py	847	847	1	2	f56ee1e18c22	STAY	inline-scoped		0				0
usr/lib/mios/agent-pipe/mios_pipe/routing/native_loop.py	863	863	1	5	7538ca96ec22	STAY	inline-scoped		0				0
usr/lib/mios/agent-pipe/mios_pipe/routing/native_loop.py	894	894	1	7	0a734708fc77	STAY	inline-scoped		0				0
usr/lib/mios/agent-pipe/mios_pipe/routing/native_loop.py	905	905	1	6	6bdd0d0045cd	STAY	inline-scoped		0				0
usr/lib/mios/agent-pipe/mios_pipe/routing/native_loop.py	914	914	1	12	5553c4fd6fb3	STAY	inline-scoped		0				0
usr/lib/mios/agent-pipe/mios_pipe/routing/native_loop.py	916	916	1	2	f56ee1e18c22	STAY	inline-scoped		0				0
usr/lib/mios/agent-pipe/mios_pipe/routing/native_loop.py	930	930	1	2	f56ee1e18c22	STAY	inline-scoped		0				0
usr/lib/mios/agent-pipe/mios_pipe/routing/native_loop.py	961	963	3	30	087971e1eedf	STAY	midsize-why		0				0
usr/lib/mios/agent-pipe/mios_pipe/routing/native_loop.py	978	978	1	2	f56ee1e18c22	STAY	inline-scoped		0				0
usr/lib/mios/agent-pipe/mios_pipe/routing/native_loop.py	1008	1008	1	2	f56ee1e18c22	STAY	inline-scoped		0				0
usr/lib/mios/agent-pipe/mios_pipe/routing/native_loop.py	1034	1034	1	2	f56ee1e18c22	STAY	inline-scoped		0				0
usr/lib/mios/agent-pipe/mios_pipe/routing/native_loop.py	1048	1048	1	2	f56ee1e18c22	STAY	inline-scoped		0				0
usr/lib/mios/agent-pipe/mios_pipe/routing/native_loop.py	1064	1064	1	3	34fa86a48ab5	STAY	inline-scoped		0				0
usr/lib/mios/agent-pipe/mios_pipe/routing/native_loop.py	1069	1072	4	47	b89be3241743	MIGRATE	midsize-narrative		0				0
usr/lib/mios/agent-pipe/mios_pipe/routing/native_loop.py	1098	1098	1	6	56d78111393c	STAY	inline-scoped		0				0
usr/lib/mios/agent-pipe/mios_pipe/routing/native_loop.py	1104	1108	5	58	8c1c0169397c	MIGRATE	midsize-narrative		0				0
usr/lib/mios/agent-pipe/mios_pipe/routing/native_loop.py	1152	1152	1	5	8eee3e0e5cbb	STAY	inline-scoped		0				0
usr/lib/mios/agent-pipe/mios_pipe/routing/native_loop.py	1159	1159	1	9	f57e7cfec8bc	STAY	local-scoped		0				0
usr/lib/mios/agent-pipe/mios_pipe/routing/native_loop.py	1184	1184	1	6	5303e2debc5e	STAY	inline-scoped		0				0
usr/lib/mios/agent-pipe/mios_pipe/routing/oscontrol.py	1	2	2	16	03d1c90f5cd4	STAY	ai-header		0				0
usr/lib/mios/agent-pipe/mios_pipe/routing/oscontrol.py	3	19	16	116	01f018fae7b9	MIGRATE	narrative-rationale		0				0
usr/lib/mios/agent-pipe/mios_pipe/routing/oscontrol.py	77	83	7	55	f85144cbbb20	MIGRATE	narrative-rationale		0				0
usr/lib/mios/agent-pipe/mios_pipe/routing/oscontrol.py	131	136	6	50	167eb97bc5ed	MIGRATE	narrative-rationale		0				0
usr/lib/mios/agent-pipe/mios_pipe/routing/oscontrol.py	167	167	1	2	f56ee1e18c22	STAY	inline-scoped		0				0
usr/lib/mios/agent-pipe/mios_pipe/routing/oscontrol.py	175	177	3	30	b40fe76afd28	STAY	midsize-why		0				0
usr/lib/mios/agent-pipe/mios_pipe/routing/oscontrol.py	188	188	1	2	f56ee1e18c22	STAY	inline-scoped		0				0
usr/lib/mios/agent-pipe/mios_pipe/routing/oscontrol.py	205	211	7	62	559eb6deb1db	MIGRATE	narrative-rationale		0				0
usr/lib/mios/agent-pipe/mios_pipe/routing/oscontrol.py	226	226	1	2	f56ee1e18c22	STAY	inline-scoped		0				0
usr/lib/mios/agent-pipe/mios_pipe/routing/oscontrol.py	250	250	1	7	a7ec7ca59e4f	STAY	inline-scoped		0				0
usr/lib/mios/agent-pipe/mios_pipe/routing/oscontrol.py	264	264	1	10	27b413734b6d	STAY	local-scoped		0				0
usr/lib/mios/agent-pipe/mios_pipe/routing/oscontrol.py	274	274	1	10	19047371a6a5	STAY	local-scoped		0				0
usr/lib/mios/agent-pipe/mios_pipe/routing/oscontrol.py	305	308	4	35	3c984772596b	MIGRATE	midsize-narrative		0				0
usr/lib/mios/agent-pipe/mios_pipe/routing/oscontrol.py	344	353	10	106	f1621ac9483a	MIGRATE	narrative-history		0				0
usr/lib/mios/agent-pipe/mios_pipe/routing/oscontrol.py	363	363	1	4	59f6b56362ea	STAY	inline-scoped		0				0
usr/lib/mios/agent-pipe/mios_pipe/routing/oscontrol.py	370	370	1	3	12cb841b7b52	STAY	inline-scoped		0				0
usr/lib/mios/agent-pipe/mios_pipe/routing/oscontrol.py	385	385	1	2	f56ee1e18c22	STAY	inline-scoped		0				0
usr/lib/mios/agent-pipe/mios_pipe/routing/oscontrol.py	391	398	8	78	f2f48c60b206	MIGRATE	narrative-rationale		0				0
usr/lib/mios/agent-pipe/mios_pipe/routing/oscontrol.py	418	421	4	47	289a93dc2018	MIGRATE	midsize-narrative		0				0
usr/lib/mios/agent-pipe/mios_pipe/routing/oscontrol.py	434	434	1	2	f56ee1e18c22	STAY	inline-scoped		0				0
usr/lib/mios/agent-pipe/mios_pipe/routing/oscontrol.py	447	447	1	2	f56ee1e18c22	STAY	inline-scoped		0				0
usr/lib/mios/agent-pipe/mios_pipe/routing/oscontrol.py	454	457	4	39	49e3ae2d378e	STAY	midsize-why		0				0
usr/lib/mios/agent-pipe/mios_pipe/routing/oscontrol.py	465	465	1	9	d66540400bad	STAY	inline-scoped		0				0
usr/lib/mios/agent-pipe/mios_pipe/routing/oscontrol.py	479	479	1	10	3cc15a6150c9	STAY	inline-scoped		0				0
usr/lib/mios/agent-pipe/mios_pipe/routing/oscontrol.py	482	482	1	2	7416a59bd1f0	STAY	inline-scoped		0				0
usr/lib/mios/agent-pipe/mios_pipe/routing/oscontrol.py	492	492	1	11	c08af0307a25	STAY	local-scoped		0				0
usr/lib/mios/agent-pipe/mios_pipe/routing/oscontrol.py	502	502	1	5	f2a9061de2a7	STAY	inline-scoped		0				0
usr/lib/mios/agent-pipe/mios_pipe/routing/oscontrol.py	513	523	11	96	1753313590fd	MIGRATE	narrative-rationale		0				0
usr/lib/mios/agent-pipe/mios_pipe/routing/oscontrol.py	540	540	1	2	f56ee1e18c22	STAY	inline-scoped		0				0
usr/lib/mios/agent-pipe/mios_pipe/routing/oscontrol.py	565	565	1	2	f56ee1e18c22	STAY	inline-scoped		0				0
usr/lib/mios/agent-pipe/mios_pipe/routing/oscontrol.py	580	580	1	2	f56ee1e18c22	STAY	inline-scoped		0				0
usr/lib/mios/agent-pipe/mios_pipe/routing/oscontrol.py	600	600	1	2	f56ee1e18c22	STAY	inline-scoped		0				0
usr/lib/mios/agent-pipe/mios_pipe/routing/oscontrol.py	788	791	4	43	c751d580c6e2	STAY	midsize-why		0				0
usr/lib/mios/agent-pipe/mios_pipe/routing/owui.py	1	2	2	27	3ade17c05f2d	STAY	ai-header		0				0
usr/lib/mios/agent-pipe/mios_pipe/routing/owui.py	3	11	8	66	41917a903e89	MIGRATE	narrative-history		0				0
usr/lib/mios/agent-pipe/mios_pipe/routing/owui.py	20	20	1	3	f9834fb9a6fc	STAY	inline-scoped		0				0
usr/lib/mios/agent-pipe/mios_pipe/routing/owui.py	21	21	1	3	1d36c7bafdd9	STAY	inline-scoped		0				0
usr/lib/mios/agent-pipe/mios_pipe/routing/owui.py	22	22	1	3	fa0b8528e67e	STAY	inline-scoped		0				0
usr/lib/mios/agent-pipe/mios_pipe/routing/owui.py	23	23	1	3	ec693a2a407e	STAY	inline-scoped		0				0
usr/lib/mios/agent-pipe/mios_pipe/routing/owui.py	28	45	18	174	dad236898017	MIGRATE	narrative-history		0				0
usr/lib/mios/agent-pipe/mios_pipe/routing/planner.py	1	2	2	10	6fe30abe7596	STAY	ai-header		0				0
usr/lib/mios/agent-pipe/mios_pipe/routing/planner.py	3	24	21	143	6b9bc902f148	MIGRATE	narrative-rationale		0				0
usr/lib/mios/agent-pipe/mios_pipe/routing/planner.py	40	40	1	3	9dfaf28e978a	STAY	inline-scoped		0				0
usr/lib/mios/agent-pipe/mios_pipe/routing/planner.py	49	49	1	2	4c371ad1c1cf	STAY	inline-scoped		0				0
usr/lib/mios/agent-pipe/mios_pipe/routing/planner.py	60	60	1	10	bfaeb28a290d	STAY	inline-scoped		0				0
usr/lib/mios/agent-pipe/mios_pipe/routing/planner.py	61	61	1	7	5872339a928c	STAY	inline-scoped		0				0
usr/lib/mios/agent-pipe/mios_pipe/routing/planner.py	81	86	6	51	2a1ffbee28a0	MIGRATE	narrative-rationale		0				0
usr/lib/mios/agent-pipe/mios_pipe/routing/planner.py	123	125	3	25	e158b012f1f7	STAY	midsize-why		0				0
usr/lib/mios/agent-pipe/mios_pipe/routing/planner.py	283	285	3	32	f21bce6bfc4f	STAY	midsize-why		0				0
usr/lib/mios/agent-pipe/mios_pipe/routing/planner.py	295	299	5	49	84263a802a6f	STAY	midsize-why		0				0
usr/lib/mios/agent-pipe/mios_pipe/routing/planner.py	315	315	1	7	5fa7ae6f1933	STAY	inline-scoped		0				0
usr/lib/mios/agent-pipe/mios_pipe/routing/planner.py	319	320	2	17	0e89d7cf3b71	STAY	local-scoped		0				0
usr/lib/mios/agent-pipe/mios_pipe/routing/planner.py	336	338	3	18	d11401c1875d	STAY	midsize-why		0				0
usr/lib/mios/agent-pipe/mios_pipe/routing/planner.py	356	356	1	10	31bd1b5a60f7	STAY	inline-scoped		0				0
usr/lib/mios/agent-pipe/mios_pipe/routing/planner.py	362	372	11	83	fe317328c969	MIGRATE	narrative-history		0				0
usr/lib/mios/agent-pipe/mios_pipe/routing/planner.py	379	379	1	6	a04b74b32e7e	STAY	inline-scoped		0				0
usr/lib/mios/agent-pipe/mios_pipe/routing/planner.py	449	449	1	10	58bef0c9c600	STAY	local-scoped		0				0
usr/lib/mios/agent-pipe/mios_pipe/routing/planner.py	455	456	2	17	701a69661115	STAY	local-scoped		0				0
usr/lib/mios/agent-pipe/mios_pipe/routing/planner.py	473	479	7	71	96292ba56b64	MIGRATE	narrative-history		0				0
usr/lib/mios/agent-pipe/mios_pipe/routing/planner.py	489	489	1	7	9924a9ff4687	STAY	inline-scoped		0				0
usr/lib/mios/agent-pipe/mios_pipe/routing/portal.py	1	2	2	20	f2b203131b8a	STAY	ai-header		0				0
usr/lib/mios/agent-pipe/mios_pipe/routing/portal.py	3	14	11	87	6d49b54bdcf1	MIGRATE	narrative-rationale		0				0
usr/lib/mios/agent-pipe/mios_pipe/routing/portal.py	52	58	7	65	e509cff5fb0b	MIGRATE	narrative-rationale		0				0
usr/lib/mios/agent-pipe/mios_pipe/routing/portal.py	114	114	1	9	41ea69c89009	STAY	local-scoped		0				0
usr/lib/mios/agent-pipe/mios_pipe/routing/portal.py	141	149	9	76	9b9da7620fc4	MIGRATE	narrative-history		0				0
usr/lib/mios/agent-pipe/mios_pipe/routing/portal.py	161	169	9	99	372d409b7c57	MIGRATE	narrative-rationale		0				0
usr/lib/mios/agent-pipe/mios_pipe/routing/portal.py	180	180	1	4	a85228e8620a	STAY	inline-scoped		0				0
usr/lib/mios/agent-pipe/mios_pipe/routing/portal.py	181	181	1	2	0735e6b8ab43	STAY	inline-scoped		0				0
usr/lib/mios/agent-pipe/mios_pipe/routing/portal.py	183	183	1	10	8d7dcd3bc4b1	STAY	inline-scoped		0				0
usr/lib/mios/agent-pipe/mios_pipe/routing/portal.py	188	191	4	38	92f4b028983f	STAY	midsize-why		0				0
usr/lib/mios/agent-pipe/mios_pipe/routing/portal.py	250	250	1	8	7de2cf11fc72	STAY	local-scoped		0				0
usr/lib/mios/agent-pipe/mios_pipe/routing/portal.py	284	293	10	78	7f309ad4c2f5	MIGRATE	narrative-rationale		0				0
usr/lib/mios/agent-pipe/mios_pipe/routing/portal.py	906	911	6	63	9968379ebdfc	MIGRATE	narrative-history		0				0
usr/lib/mios/agent-pipe/mios_pipe/routing/portal.py	942	942	1	9	4a4481a247ff	STAY	local-scoped		0				0
usr/lib/mios/agent-pipe/mios_pipe/routing/portal.py	1113	1113	1	2	ce0c7184f501	DROP	banner		0				0
usr/lib/mios/agent-pipe/mios_pipe/routing/portal.py	1133	1135	3	23	bb9c3cc8cb2f	STAY	midsize-why		0				0
usr/lib/mios/agent-pipe/mios_pipe/routing/portal.py	1167	1168	2	17	9aff8763e3dc	STAY	local-scoped		0				0
usr/lib/mios/agent-pipe/mios_pipe/routing/portal.py	1209	1213	5	40	d0def1bfdef6	STAY	midsize-why		0				0
usr/lib/mios/agent-pipe/mios_pipe/routing/portal.py	1228	1231	4	47	4317314e084c	MIGRATE	midsize-narrative		0				0
usr/lib/mios/agent-pipe/mios_pipe/routing/portal.py	1339	1342	4	44	0699d7f0e816	MIGRATE	midsize-narrative		0				0
usr/lib/mios/agent-pipe/mios_pipe/routing/portal.py	1365	1367	3	23	d16bfa2c4a3b	STAY	midsize-why		0				0
usr/lib/mios/agent-pipe/mios_pipe/routing/portal.py	1373	1374	2	17	1063ebe890d7	STAY	local-scoped		0				0
usr/lib/mios/agent-pipe/mios_pipe/routing/portal.py	1380	1381	2	19	a7c63d34bc1a	STAY	local-scoped		0				0
usr/lib/mios/agent-pipe/mios_pipe/routing/portal.py	1428	1429	2	12	bc1fede92b64	STAY	local-scoped		0				0
usr/lib/mios/agent-pipe/mios_pipe/routing/portal.py	1435	1436	2	15	ccb88d2afeb8	STAY	local-scoped		0				0
usr/lib/mios/agent-pipe/mios_pipe/routing/portal.py	1454	1454	1	7	63c695201673	STAY	local-scoped		0				0
usr/lib/mios/agent-pipe/mios_pipe/routing/portal.py	1466	1466	1	13	262e3076a914	STAY	local-scoped		0				0
usr/lib/mios/agent-pipe/mios_pipe/routing/portal.py	1506	1506	1	9	df32e1ba50b7	STAY	local-scoped		0				0
usr/lib/mios/agent-pipe/mios_pipe/routing/portal.py	1527	1528	2	16	15ec72a8fe2d	STAY	local-scoped		0				0
usr/lib/mios/agent-pipe/mios_pipe/routing/portal.py	1538	1538	1	2	652a73c43ff5	STAY	inline-scoped		0				0
usr/lib/mios/agent-pipe/mios_pipe/routing/portal.py	1580	1582	3	22	24bfb0d2389c	STAY	midsize-why		0				0
usr/lib/mios/agent-pipe/mios_pipe/routing/portal.py	1591	1594	4	43	e69a61268947	MIGRATE	midsize-narrative		0				0
usr/lib/mios/agent-pipe/mios_pipe/routing/portal.py	1599	1599	1	6	d9c2ab47060b	STAY	inline-scoped		0				0
usr/lib/mios/agent-pipe/mios_pipe/routing/portal.py	1612	1617	6	63	53a594cd7b7b	MIGRATE	narrative-history		0				0
usr/lib/mios/agent-pipe/mios_pipe/routing/portal.py	1625	1625	1	9	58a57cbccd7f	STAY	inline-scoped		0				0
usr/lib/mios/agent-pipe/mios_pipe/routing/portal.py	1636	1636	1	2	f56ee1e18c22	STAY	inline-scoped		0				0
usr/lib/mios/agent-pipe/mios_pipe/routing/portal.py	1648	1653	6	50	d645e54114f6	MIGRATE	narrative-history		0				0
usr/lib/mios/agent-pipe/mios_pipe/routing/portal.py	1659	1659	1	7	16ea9d212979	STAY	inline-scoped		0				0
usr/lib/mios/agent-pipe/mios_pipe/routing/portal.py	1666	1667	2	22	bfcf06e1ffd7	STAY	local-scoped		0				0
usr/lib/mios/agent-pipe/mios_pipe/routing/portal.py	1673	1673	1	7	bc9ff0fd3240	STAY	local-scoped		0				0
usr/lib/mios/agent-pipe/mios_pipe/routing/provider_translate.py	1	2	2	15	404be81f7f37	STAY	ai-header		0				0
usr/lib/mios/agent-pipe/mios_pipe/routing/provider_translate.py	3	8	5	40	be5c06bb5460	STAY	midsize-why		0				0
usr/lib/mios/agent-pipe/mios_pipe/routing/provider_translate.py	23	25	3	32	9aa9f2613be2	STAY	midsize-why		0				0
usr/lib/mios/agent-pipe/mios_pipe/routing/provider_translate.py	88	88	1	9	3edf6de5c25f	STAY	local-scoped		0				0
usr/lib/mios/agent-pipe/mios_pipe/routing/provider_translate.py	92	92	1	2	f56ee1e18c22	STAY	inline-scoped		0				0
usr/lib/mios/agent-pipe/mios_pipe/routing/provider_translate.py	98	100	3	25	9c82fd3cc7f0	STAY	midsize-why		0				0
usr/lib/mios/agent-pipe/mios_pipe/routing/provider_translate.py	126	126	1	3	f48497aad48f	STAY	inline-scoped		0				0
usr/lib/mios/agent-pipe/mios_pipe/routing/provider_translate.py	133	134	2	17	53c7e05bbf4e	STAY	local-scoped		0				0
usr/lib/mios/agent-pipe/mios_pipe/routing/provider_translate.py	156	158	3	21	583092aa6893	STAY	midsize-why		0				0
usr/lib/mios/agent-pipe/mios_pipe/routing/provider_translate.py	189	189	1	6	bd6ec3d00f69	STAY	local-scoped		0				0
usr/lib/mios/agent-pipe/mios_pipe/routing/pty.py	1	2	2	12	b3cd9a880b74	STAY	ai-header		0				0
usr/lib/mios/agent-pipe/mios_pipe/routing/pty.py	3	3	1	8	e693e738bf67	STAY	local-scoped		0				0
usr/lib/mios/agent-pipe/mios_pipe/routing/pty.py	17	19	3	35	25add8c23d2c	STAY	midsize-why		0				0
usr/lib/mios/agent-pipe/mios_pipe/routing/pty.py	28	29	2	21	a8221835c829	STAY	local-scoped		0				0
usr/lib/mios/agent-pipe/mios_pipe/routing/pty.py	36	36	1	12	ae2c27b0d5eb	STAY	local-scoped		0				0
usr/lib/mios/agent-pipe/mios_pipe/routing/pty.py	44	45	2	21	cf1f2df301ed	STAY	local-scoped		0				0
usr/lib/mios/agent-pipe/mios_pipe/routing/pty.py	50	51	2	22	b76e9a0b6214	STAY	local-scoped		0				0
usr/lib/mios/agent-pipe/mios_pipe/routing/pty.py	56	57	2	18	8d34c2dc0aca	STAY	local-scoped		0				0
usr/lib/mios/agent-pipe/mios_pipe/routing/pty.py	64	65	2	23	cb91bbe20a22	STAY	local-scoped		0				0
usr/lib/mios/agent-pipe/mios_pipe/routing/pty.py	87	88	2	25	08a84d94e6a7	STAY	local-scoped		0				0
usr/lib/mios/agent-pipe/mios_pipe/routing/pty.py	93	94	2	24	ce867723a5e3	STAY	local-scoped		0				0
usr/lib/mios/agent-pipe/mios_pipe/routing/pty.py	98	98	1	8	e888da73c3f1	STAY	local-scoped		0				0
usr/lib/mios/agent-pipe/mios_pipe/routing/pty.py	105	106	2	22	704f1c67c977	STAY	local-scoped		0				0
usr/lib/mios/agent-pipe/mios_pipe/routing/pty.py	113	113	1	6	7f1f545e4e2a	STAY	inline-scoped		0				0
usr/lib/mios/agent-pipe/mios_pipe/routing/pty.py	139	141	3	33	022faf9400d1	STAY	midsize-why		0				0
usr/lib/mios/agent-pipe/mios_pipe/routing/quality_gate.py	1	2	2	15	bfe01fac38b3	STAY	ai-header		0				0
usr/lib/mios/agent-pipe/mios_pipe/routing/quality_gate.py	3	3	1	9	2bfb7a62223e	STAY	local-scoped		0				0
usr/lib/mios/agent-pipe/mios_pipe/routing/quality_gate.py	13	13	1	2	f56ee1e18c22	STAY	inline-scoped		0				0
usr/lib/mios/agent-pipe/mios_pipe/routing/quality_gate.py	41	41	1	8	4267068c3ee6	STAY	local-scoped		0				0
usr/lib/mios/agent-pipe/mios_pipe/routing/quality_gate.py	56	62	7	27	cf7bb41b5fd5	MIGRATE	narrative-rationale		0				0
usr/lib/mios/agent-pipe/mios_pipe/routing/refine.py	1	2	2	12	efd621513f2d	STAY	ai-header		0				0
usr/lib/mios/agent-pipe/mios_pipe/routing/refine.py	3	10	7	53	653b493e232d	MIGRATE	narrative-rationale		0				0
usr/lib/mios/agent-pipe/mios_pipe/routing/refine.py	54	54	1	9	5cd70d85916a	STAY	inline-scoped		0				0
usr/lib/mios/agent-pipe/mios_pipe/routing/refine.py	55	55	1	8	6ba9f2041c6d	STAY	inline-scoped		0				0
usr/lib/mios/agent-pipe/mios_pipe/routing/refine.py	56	56	1	11	73bdda845ca7	STAY	inline-scoped		0				0
usr/lib/mios/agent-pipe/mios_pipe/routing/refine.py	57	57	1	11	7c2c52fe9044	STAY	inline-scoped		0				0
usr/lib/mios/agent-pipe/mios_pipe/routing/refine.py	79	84	6	61	3d3c1734afcd	MIGRATE	narrative-rationale		0				0
usr/lib/mios/agent-pipe/mios_pipe/routing/refine.py	172	177	6	62	ea7bbec00ecd	MIGRATE	narrative-rationale		0				0
usr/lib/mios/agent-pipe/mios_pipe/routing/refine.py	569	581	13	103	e8ac3c23e59c	MIGRATE	narrative-history		0				0
usr/lib/mios/agent-pipe/mios_pipe/routing/refine.py	620	628	9	65	5583c82b606c	MIGRATE	narrative-history		0				0
usr/lib/mios/agent-pipe/mios_pipe/routing/refine.py	674	674	1	4	1cfb08a92e84	STAY	inline-scoped		0				0
usr/lib/mios/agent-pipe/mios_pipe/routing/refine.py	1013	1013	1	2	f56ee1e18c22	STAY	inline-scoped		0				0
usr/lib/mios/agent-pipe/mios_pipe/routing/refine.py	1050	1060	11	93	741ccf697188	MIGRATE	narrative-rationale		0				0
usr/lib/mios/agent-pipe/mios_pipe/routing/refine.py	1078	1078	1	6	9f1e97171b75	STAY	inline-scoped		0				0
usr/lib/mios/agent-pipe/mios_pipe/routing/reflect.py	1	2	2	12	2db1b3bee9c4	STAY	ai-header		0				0
usr/lib/mios/agent-pipe/mios_pipe/routing/reflect.py	3	16	13	94	222c023806a2	MIGRATE	narrative-rationale		0				0
usr/lib/mios/agent-pipe/mios_pipe/routing/reflect.py	63	65	3	29	b0a3dc493788	STAY	midsize-why		0				0
usr/lib/mios/agent-pipe/mios_pipe/routing/reflect.py	114	143	30	253	ea24cac422b4	MIGRATE	narrative-history	adr-candidate	0				0
usr/lib/mios/agent-pipe/mios_pipe/routing/reflect.py	253	264	12	90	53cf4589cdee	MIGRATE	narrative-history		0				0
usr/lib/mios/agent-pipe/mios_pipe/routing/reflect.py	378	383	6	54	490cafed2754	MIGRATE	narrative-history		0				0
usr/lib/mios/agent-pipe/mios_pipe/routing/reflect.py	402	404	3	24	7f05c1fe3cd3	STAY	midsize-why		0				0
usr/lib/mios/agent-pipe/mios_pipe/routing/reflect.py	425	426	2	22	41758b546272	STAY	local-scoped		0				0
usr/lib/mios/agent-pipe/mios_pipe/routing/reflect.py	451	451	1	2	f56ee1e18c22	STAY	inline-scoped		0				0
usr/lib/mios/agent-pipe/mios_pipe/routing/reflect.py	456	457	2	20	dc9f6c107b7f	STAY	local-scoped		0				0
usr/lib/mios/agent-pipe/mios_pipe/routing/reflect.py	475	475	1	2	f56ee1e18c22	STAY	inline-scoped		0				0
usr/lib/mios/agent-pipe/mios_pipe/routing/reflect.py	480	481	2	22	19b9a6af907e	STAY	local-scoped		0				0
usr/lib/mios/agent-pipe/mios_pipe/routing/reflect.py	493	493	1	2	f56ee1e18c22	STAY	inline-scoped		0				0
usr/lib/mios/agent-pipe/mios_pipe/routing/reflect.py	511	515	5	48	c1c382109d89	STAY	midsize-why		0				0
usr/lib/mios/agent-pipe/mios_pipe/routing/reflect.py	522	522	1	2	f56ee1e18c22	STAY	inline-scoped		0				0
usr/lib/mios/agent-pipe/mios_pipe/routing/remote_adapter.py	1	2	2	19	bff8972f6032	STAY	ai-header		0				0
usr/lib/mios/agent-pipe/mios_pipe/routing/remote_adapter.py	3	3	1	10	a652bfdf34eb	STAY	local-scoped		0				0
usr/lib/mios/agent-pipe/mios_pipe/routing/remote_adapter.py	30	35	6	41	1f0e307102d3	MIGRATE	narrative-rationale		0				0
usr/lib/mios/agent-pipe/mios_pipe/routing/replay.py	1	2	2	15	e196551a47ff	STAY	ai-header		0				0
usr/lib/mios/agent-pipe/mios_pipe/routing/replay.py	3	3	1	4	1371c27d1fa9	STAY	local-scoped		0				0
usr/lib/mios/agent-pipe/mios_pipe/routing/replay.py	13	15	3	34	03b8454ca595	STAY	midsize-why		0				0
usr/lib/mios/agent-pipe/mios_pipe/routing/replay.py	25	25	1	7	9758de514ba1	STAY	local-scoped		0				0
usr/lib/mios/agent-pipe/mios_pipe/routing/replay.py	31	32	2	21	e2f7b4f85f5b	STAY	local-scoped		0				0
usr/lib/mios/agent-pipe/mios_pipe/routing/replay.py	40	41	2	23	e8a12a1b3026	STAY	local-scoped		0				0
usr/lib/mios/agent-pipe/mios_pipe/routing/replay.py	53	55	3	19	3bbc67bd63e5	STAY	midsize-why		0				0
usr/lib/mios/agent-pipe/mios_pipe/routing/router.py	1	2	2	11	bacc27ee17fb	STAY	ai-header		0				0
usr/lib/mios/agent-pipe/mios_pipe/routing/router.py	3	20	17	135	facc301ef708	MIGRATE	narrative-rationale		0				0
usr/lib/mios/agent-pipe/mios_pipe/routing/router.py	31	31	1	9	3b61a1eeb705	STAY	local-scoped		0				0
usr/lib/mios/agent-pipe/mios_pipe/routing/router.py	47	48	2	16	d909fa6a8be2	STAY	local-scoped		0				0
usr/lib/mios/agent-pipe/mios_pipe/routing/router.py	58	58	1	9	bc68149816ed	STAY	local-scoped		0				0
usr/lib/mios/agent-pipe/mios_pipe/routing/router.py	87	87	1	8	7d1b284e589d	STAY	local-scoped		0				0
usr/lib/mios/agent-pipe/mios_pipe/routing/router.py	92	92	1	10	211ff232c55e	STAY	local-scoped		0				0
usr/lib/mios/agent-pipe/mios_pipe/routing/routing.py	1	2	2	12	118b7a1b5c41	STAY	ai-header		0				0
usr/lib/mios/agent-pipe/mios_pipe/routing/routing.py	3	21	18	114	88be9c73b0d1	MIGRATE	narrative-rationale		0				0
usr/lib/mios/agent-pipe/mios_pipe/routing/routing.py	44	45	2	16	d3907b7668cb	STAY	local-scoped		0				0
usr/lib/mios/agent-pipe/mios_pipe/routing/routing.py	67	72	6	59	6d6e628f7b27	MIGRATE	narrative-rationale		0				0
usr/lib/mios/agent-pipe/mios_pipe/routing/routing.py	115	118	4	33	a128196c2106	STAY	midsize-why		0				0
usr/lib/mios/agent-pipe/mios_pipe/routing/routing.py	135	139	5	53	ba06f27eca63	STAY	midsize-why		0				0
usr/lib/mios/agent-pipe/mios_pipe/routing/routing.py	144	152	9	90	87675a088155	MIGRATE	narrative-history		0				0
usr/lib/mios/agent-pipe/mios_pipe/routing/ruleof2.py	1	2	2	21	cec54cbc9c29	STAY	ai-header		0				0
usr/lib/mios/agent-pipe/mios_pipe/routing/ruleof2.py	3	35	32	284	6eb0f4fdd6a9	MIGRATE	narrative-history	adr-candidate	0				0
usr/lib/mios/agent-pipe/mios_pipe/routing/ruleof2.py	41	41	1	1	ca978112ca1b	DROP	banner		0				0
usr/lib/mios/agent-pipe/mios_pipe/routing/ruleof2.py	42	42	1	1	3e23e8160039	DROP	banner		0				0
usr/lib/mios/agent-pipe/mios_pipe/routing/ruleof2.py	43	43	1	1	2e7d2c03a950	DROP	banner		0				0
usr/lib/mios/agent-pipe/mios_pipe/routing/ruleof2.py	53	54	2	22	182bbcfdfdc6	STAY	local-scoped		0				0
usr/lib/mios/agent-pipe/mios_pipe/routing/ruleof2.py	60	67	8	88	ee830813846c	MIGRATE	narrative-rationale		0				0
usr/lib/mios/agent-pipe/mios_pipe/routing/ruleof2.py	70	70	1	10	8c357765bd3d	STAY	inline-scoped		0				0
usr/lib/mios/agent-pipe/mios_pipe/routing/ruleof2.py	75	78	4	47	be21db1150ba	STAY	midsize-why		0				0
usr/lib/mios/agent-pipe/mios_pipe/routing/ruleof2.py	96	105	10	79	2e7c89d49b84	MIGRATE	narrative-history		0				0
usr/lib/mios/agent-pipe/mios_pipe/routing/run_template.py	1	2	2	23	93175f829735	STAY	ai-header		0				0
usr/lib/mios/agent-pipe/mios_pipe/routing/run_template.py	3	3	1	8	7af892308459	STAY	local-scoped		0				0
usr/lib/mios/agent-pipe/mios_pipe/routing/run_template.py	10	10	1	3	bfbdd797619a	STAY	inline-scoped		0				0
usr/lib/mios/agent-pipe/mios_pipe/routing/run_template.py	13	13	1	10	6fd4ec128d6c	STAY	inline-scoped		0				0
usr/lib/mios/agent-pipe/mios_pipe/routing/run_template.py	15	16	2	16	0f3b135f8902	STAY	local-scoped		0				0
usr/lib/mios/agent-pipe/mios_pipe/routing/run_template.py	32	32	1	7	d67e39e51206	STAY	local-scoped		0				0
usr/lib/mios/agent-pipe/mios_pipe/routing/run_template.py	52	53	2	21	bc09691fdb4a	STAY	local-scoped		0				0
usr/lib/mios/agent-pipe/mios_pipe/routing/run_template.py	62	62	1	9	f67906ee131e	STAY	local-scoped		0				0
usr/lib/mios/agent-pipe/mios_pipe/routing/run_template.py	68	68	1	9	92ec3e36ded8	STAY	inline-scoped		0				0
usr/lib/mios/agent-pipe/mios_pipe/routing/run_template.py	77	78	2	19	5d52696ba607	STAY	local-scoped		0				0
usr/lib/mios/agent-pipe/mios_pipe/routing/run_template.py	94	94	1	1	3044f81eb950	DROP	banner		0				0
usr/lib/mios/agent-pipe/mios_pipe/routing/run_template.py	98	98	1	5	329ab488a6fd	STAY	inline-scoped		0				0
usr/lib/mios/agent-pipe/mios_pipe/routing/run_template.py	100	100	1	2	f56ee1e18c22	STAY	inline-scoped		0				0
usr/lib/mios/agent-pipe/mios_pipe/routing/secondary_loop.py	1	2	2	24	530ec58547d5	STAY	ai-header		0				0
usr/lib/mios/agent-pipe/mios_pipe/routing/secondary_loop.py	3	21	18	125	d764a4a8ab48	MIGRATE	narrative-rationale		0				0
usr/lib/mios/agent-pipe/mios_pipe/routing/secondary_loop.py	37	39	3	32	03dd8b4132ca	MIGRATE	midsize-narrative		0				0
usr/lib/mios/agent-pipe/mios_pipe/routing/secondary_loop.py	46	46	1	2	f56ee1e18c22	STAY	inline-scoped		0				0
usr/lib/mios/agent-pipe/mios_pipe/routing/secondary_loop.py	50	50	1	2	f56ee1e18c22	STAY	inline-scoped		0				0
usr/lib/mios/agent-pipe/mios_pipe/routing/secondary_loop.py	70	74	5	52	197c30a00d93	STAY	midsize-why		0				0
usr/lib/mios/agent-pipe/mios_pipe/routing/secondary_loop.py	86	86	1	9	d76d5eab5109	STAY	inline-scoped		0				0
usr/lib/mios/agent-pipe/mios_pipe/routing/secondary_loop.py	116	117	2	19	d1b2fb61d49c	STAY	local-scoped		0				0
usr/lib/mios/agent-pipe/mios_pipe/routing/secondary_loop.py	148	152	5	51	644a494943c3	MIGRATE	midsize-narrative		0				0
usr/lib/mios/agent-pipe/mios_pipe/routing/secondary_loop.py	180	184	5	59	6b1e7b3d9c13	MIGRATE	midsize-narrative		0				0
usr/lib/mios/agent-pipe/mios_pipe/routing/secondary_loop.py	208	208	1	7	2f2f43a1d021	STAY	inline-scoped		0				0
usr/lib/mios/agent-pipe/mios_pipe/routing/secondary_loop.py	216	227	12	115	598439faa436	MIGRATE	narrative-rationale		0				0
usr/lib/mios/agent-pipe/mios_pipe/routing/secondary_loop.py	262	262	1	6	ad592102784a	STAY	inline-scoped		0				0
usr/lib/mios/agent-pipe/mios_pipe/routing/secondary_loop.py	263	263	1	5	e85e6815b0f3	STAY	inline-scoped		0				0
usr/lib/mios/agent-pipe/mios_pipe/routing/secondary_loop.py	264	264	1	5	94e910330a23	STAY	inline-scoped		0				0
usr/lib/mios/agent-pipe/mios_pipe/routing/secondary_loop.py	265	265	1	9	acd5683c4060	STAY	inline-scoped		0				0
usr/lib/mios/agent-pipe/mios_pipe/routing/secondary_loop.py	304	304	1	3	9d23a76185cb	STAY	inline-scoped		0				0
usr/lib/mios/agent-pipe/mios_pipe/routing/secondary_loop.py	352	352	1	10	9b64f8e38126	STAY	inline-scoped		0				0
usr/lib/mios/agent-pipe/mios_pipe/routing/smartroute.py	1	2	2	17	5307b5afd27b	STAY	ai-header		0				0
usr/lib/mios/agent-pipe/mios_pipe/routing/smartroute.py	3	17	14	121	5395ee0379d5	MIGRATE	narrative-rationale		0				0
usr/lib/mios/agent-pipe/mios_pipe/routing/smartroute.py	25	27	3	30	481e6666bb5e	STAY	midsize-why		0				0
usr/lib/mios/agent-pipe/mios_pipe/routing/smartroute.py	44	46	3	35	23cb998b3578	STAY	midsize-why		0				0
usr/lib/mios/agent-pipe/mios_pipe/routing/smartroute.py	56	57	2	23	cf731d967b57	STAY	local-scoped		0				0
usr/lib/mios/agent-pipe/mios_pipe/routing/smartroute.py	62	62	1	2	3e6fbed9d738	DROP	commented-out-code		0				0
usr/lib/mios/agent-pipe/mios_pipe/routing/smartroute.py	78	79	2	23	be9ab34dba8c	STAY	local-scoped		0				0
usr/lib/mios/agent-pipe/mios_pipe/routing/smartroute.py	86	89	4	44	01d720163eb5	STAY	midsize-why		0				0
usr/lib/mios/agent-pipe/mios_pipe/routing/smartroute.py	95	95	1	6	c18495c9cbe0	STAY	inline-scoped		0				0
usr/lib/mios/agent-pipe/mios_pipe/routing/smartroute.py	99	99	1	6	c0a17fc47de8	STAY	inline-scoped		0				0
usr/lib/mios/agent-pipe/mios_pipe/routing/sse.py	1	2	2	17	30ec612b8a84	STAY	ai-header		0				0
usr/lib/mios/agent-pipe/mios_pipe/routing/sse.py	3	9	6	47	34fb1217e136	MIGRATE	narrative-rationale		0				0
usr/lib/mios/agent-pipe/mios_pipe/routing/sse.py	33	39	7	57	f82f51405a58	MIGRATE	narrative-rationale		0				0
usr/lib/mios/agent-pipe/mios_pipe/routing/sse.py	66	84	19	137	2484901f8e75	MIGRATE	narrative-history		0				0
usr/lib/mios/agent-pipe/mios_pipe/routing/sse.py	95	100	6	47	deb4d8c6c02a	MIGRATE	narrative-history		0				0
usr/lib/mios/agent-pipe/mios_pipe/routing/sse.py	125	130	6	56	f1b6e271b360	MIGRATE	narrative-rationale		0				0
usr/lib/mios/agent-pipe/mios_pipe/routing/sse.py	138	147	10	73	2de1893c0a0b	MIGRATE	narrative-rationale		0				0
usr/lib/mios/agent-pipe/mios_pipe/routing/sse.py	172	177	6	57	a3f95f845ed3	MIGRATE	narrative-rationale		0				0
usr/lib/mios/agent-pipe/mios_pipe/routing/sse.py	193	198	6	70	1ce609869330	MIGRATE	narrative-history		0				0
usr/lib/mios/agent-pipe/mios_pipe/routing/sse.py	219	232	14	137	544a9e760256	MIGRATE	narrative-history		0				0
usr/lib/mios/agent-pipe/mios_pipe/routing/sse.py	243	247	5	49	5806fe0e99a1	MIGRATE	midsize-narrative		0				0
usr/lib/mios/agent-pipe/mios_pipe/routing/sse.py	278	284	7	77	2ce205584700	MIGRATE	narrative-history		0				0
usr/lib/mios/agent-pipe/mios_pipe/routing/sse.py	290	290	1	6	f8054b28e970	STAY	inline-scoped		0				0
usr/lib/mios/agent-pipe/mios_pipe/routing/sse.py	308	311	4	32	52960c8ddbb7	STAY	midsize-why		0				0
usr/lib/mios/agent-pipe/mios_pipe/routing/sse.py	338	340	3	30	fbf0e4c3ca26	STAY	midsize-why		0				0
usr/lib/mios/agent-pipe/mios_pipe/routing/sse.py	345	345	1	4	8d251fb0a489	STAY	inline-scoped		0				0
usr/lib/mios/agent-pipe/mios_pipe/routing/swarm.py	1	2	2	12	1ea50437bd07	STAY	ai-header		0				0
usr/lib/mios/agent-pipe/mios_pipe/routing/swarm.py	96	97	2	21	fe0bd73cb421	STAY	local-scoped		0				0
usr/lib/mios/agent-pipe/mios_pipe/routing/swarm.py	194	194	1	6	c3bfde2eb17a	STAY	inline-scoped		0				0
usr/lib/mios/agent-pipe/mios_pipe/routing/swarm.py	202	202	1	6	abf446c35e60	STAY	inline-scoped		0				0
usr/lib/mios/agent-pipe/mios_pipe/routing/swarm.py	289	289	1	7	9541eb7e4584	STAY	inline-scoped		0				0
usr/lib/mios/agent-pipe/mios_pipe/routing/swarm.py	321	321	1	8	f200c82b8b8c	STAY	local-scoped		0				0
usr/lib/mios/agent-pipe/mios_pipe/routing/swarm.py	372	372	1	6	3dd8cd33df20	STAY	inline-scoped		0				0
usr/lib/mios/agent-pipe/mios_pipe/routing/swarm.py	591	591	1	7	a592cf5088ec	STAY	inline-scoped		0				0
usr/lib/mios/agent-pipe/mios_pipe/routing/swarm.py	630	630	1	2	f56ee1e18c22	STAY	inline-scoped		0				0
usr/lib/mios/agent-pipe/mios_pipe/routing/swarm.py	636	636	1	2	f56ee1e18c22	STAY	inline-scoped		0				0
usr/lib/mios/agent-pipe/mios_pipe/routing/swarm.py	644	644	1	3	12f351e18014	STAY	inline-scoped		0				0
usr/lib/mios/agent-pipe/mios_pipe/routing/swarm.py	679	679	1	5	7db412594e2e	STAY	inline-scoped		0				0
usr/lib/mios/agent-pipe/mios_pipe/routing/swarm.py	695	695	1	2	f56ee1e18c22	STAY	inline-scoped		0				0
usr/lib/mios/agent-pipe/mios_pipe/routing/swarm.py	708	708	1	8	45fdb8fd247c	STAY	inline-scoped		0				0
usr/lib/mios/agent-pipe/mios_pipe/routing/swarm.py	725	725	1	5	7db412594e2e	STAY	inline-scoped		0				0
usr/lib/mios/agent-pipe/mios_pipe/routing/swarm.py	733	733	1	9	b3d04f4ad9c9	STAY	inline-scoped		0				0
usr/lib/mios/agent-pipe/mios_pipe/routing/swarm.py	748	748	1	3	d636c946bbb6	STAY	inline-scoped		0				0
usr/lib/mios/agent-pipe/mios_pipe/routing/swarm.py	784	784	1	2	f56ee1e18c22	STAY	inline-scoped		0				0
usr/lib/mios/agent-pipe/mios_pipe/routing/swarm.py	803	803	1	9	9ea0e9f527c8	STAY	inline-scoped		0				0
usr/lib/mios/agent-pipe/mios_pipe/routing/swarm.py	804	804	1	5	05c6740d3956	STAY	inline-scoped		0				0
usr/lib/mios/agent-pipe/mios_pipe/routing/swarm.py	806	806	1	7	a298b9614f6b	STAY	inline-scoped		0				0
usr/lib/mios/agent-pipe/mios_pipe/routing/swarm.py	817	817	1	2	f56ee1e18c22	STAY	inline-scoped		0				0
usr/lib/mios/agent-pipe/mios_pipe/routing/swarm.py	830	830	1	3	b1ce188aba1b	STAY	inline-scoped		0				0
usr/lib/mios/agent-pipe/mios_pipe/routing/swarm.py	848	848	1	2	f56ee1e18c22	STAY	inline-scoped		0				0
usr/lib/mios/agent-pipe/mios_pipe/routing/swarm.py	962	962	1	2	f56ee1e18c22	STAY	inline-scoped		0				0
usr/lib/mios/agent-pipe/mios_pipe/routing/toolconflict.py	1	2	2	12	706bcab669b7	STAY	ai-header		0				0
usr/lib/mios/agent-pipe/mios_pipe/routing/toolconflict.py	12	12	1	5	7a898e75e5f8	STAY	local-scoped		0				0
usr/lib/mios/agent-pipe/mios_pipe/routing/toolconflict.py	52	52	1	3	db56ec12c757	DROP	commented-out-code		0				0
usr/lib/mios/agent-pipe/mios_pipe/routing/toolconflict.py	64	64	1	9	67e9f2e565f4	STAY	local-scoped		0				0
usr/lib/mios/agent-pipe/mios_pipe/routing/toolconflict.py	68	69	2	18	86302a5b74eb	STAY	local-scoped		0				0
usr/lib/mios/agent-pipe/mios_pipe/routing/toolconflict.py	73	73	1	5	a3c771945f40	STAY	local-scoped		0				0
usr/lib/mios/agent-pipe/mios_pipe/routing/toolconflict.py	91	93	3	33	56e94bb631fd	STAY	midsize-why		0				0
usr/lib/mios/agent-pipe/mios_pipe/routing/toolconflict.py	149	149	1	9	117cf9c9aec8	STAY	local-scoped		0				0
usr/lib/mios/agent-pipe/mios_pipe/routing/toolexec.py	1	2	2	13	97d091a8c079	STAY	ai-header		0				0
usr/lib/mios/agent-pipe/mios_pipe/routing/toolexec.py	3	19	16	107	a4659ed89ee1	MIGRATE	narrative-rationale		0				0
usr/lib/mios/agent-pipe/mios_pipe/routing/toolexec.py	83	84	2	17	8c299719ae58	STAY	local-scoped		0				0
usr/lib/mios/agent-pipe/mios_pipe/routing/toolexec.py	176	178	3	31	dad14f002a43	STAY	midsize-why		0				0
usr/lib/mios/agent-pipe/mios_pipe/routing/toolexec.py	182	182	1	7	77b7c01f6d39	STAY	inline-scoped		0				0
usr/lib/mios/agent-pipe/mios_pipe/routing/toolexec.py	193	195	3	34	e259a983d58b	STAY	midsize-why		0				0
usr/lib/mios/agent-pipe/mios_pipe/routing/toolexec.py	210	215	6	57	380929d682a0	MIGRATE	narrative-rationale		0				0
usr/lib/mios/agent-pipe/mios_pipe/routing/toolexec.py	239	239	1	2	f56ee1e18c22	STAY	inline-scoped		0				0
usr/lib/mios/agent-pipe/mios_pipe/routing/toolexec.py	261	264	4	40	825574512264	STAY	midsize-why		0				0
usr/lib/mios/agent-pipe/mios_pipe/routing/toolexec.py	270	278	9	83	e4c4371acd66	MIGRATE	narrative-history		0				0
usr/lib/mios/agent-pipe/mios_pipe/routing/toolexec.py	331	342	12	117	8e5a3bf79ceb	MIGRATE	narrative-rationale		0				0
usr/lib/mios/agent-pipe/mios_pipe/routing/toolexec.py	382	382	1	2	2b486624e19a	STAY	inline-scoped		0				0
usr/lib/mios/agent-pipe/mios_pipe/routing/toolexec.py	389	389	1	2	f56ee1e18c22	STAY	inline-scoped		0				0
usr/lib/mios/agent-pipe/mios_pipe/routing/toolexec.py	408	408	1	2	f56ee1e18c22	STAY	inline-scoped		0				0
usr/lib/mios/agent-pipe/mios_pipe/routing/toolexec.py	435	435	1	2	f56ee1e18c22	STAY	inline-scoped		0				0
usr/lib/mios/agent-pipe/mios_pipe/routing/toolexec.py	457	457	1	2	f56ee1e18c22	STAY	inline-scoped		0				0
usr/lib/mios/agent-pipe/mios_pipe/routing/toolexec.py	493	493	1	2	f56ee1e18c22	STAY	inline-scoped		0				0
usr/lib/mios/agent-pipe/mios_pipe/routing/toolexec.py	564	564	1	2	f56ee1e18c22	STAY	inline-scoped		0				0
usr/lib/mios/agent-pipe/mios_pipe/routing/toolexec.py	567	567	1	2	f56ee1e18c22	STAY	inline-scoped		0				0
usr/lib/mios/agent-pipe/mios_pipe/routing/toolexec.py	582	582	1	2	f56ee1e18c22	STAY	inline-scoped		0				0
usr/lib/mios/agent-pipe/mios_pipe/routing/toolexec.py	605	605	1	2	f56ee1e18c22	STAY	inline-scoped		0				0
usr/lib/mios/agent-pipe/mios_pipe/routing/toolexec.py	614	614	1	7	38025f3a142b	STAY	inline-scoped		0				0
usr/lib/mios/agent-pipe/mios_pipe/routing/toolexec.py	686	690	5	59	1658e3f4c989	STAY	midsize-why		0				0
usr/lib/mios/agent-pipe/mios_pipe/routing/toolexec.py	694	694	1	5	ede4a3c648d9	STAY	inline-scoped		0				0
usr/lib/mios/agent-pipe/mios_pipe/routing/toolsearch.py	1	2	2	15	c16c55fab1bf	STAY	ai-header		0				0
usr/lib/mios/agent-pipe/mios_pipe/routing/toolsearch.py	3	22	19	167	9775108b1e1e	MIGRATE	narrative-rationale		0				0
usr/lib/mios/agent-pipe/mios_pipe/routing/toolsearch.py	55	55	1	11	7829f2a889c0	STAY	local-scoped		0				0
usr/lib/mios/agent-pipe/mios_pipe/routing/toolsearch.py	60	61	2	22	0bb609a091f5	STAY	local-scoped		0				0
usr/lib/mios/agent-pipe/mios_pipe/routing/toolsearch.py	68	72	5	41	60712b1a6296	STAY	midsize-why		0				0
usr/lib/mios/agent-pipe/mios_pipe/routing/toolsearch.py	106	109	4	49	48fa2fd4bb33	STAY	midsize-why		0				0
usr/lib/mios/agent-pipe/mios_pipe/routing/toolsearch.py	119	122	4	49	58734c591ff4	MIGRATE	midsize-narrative		0				0
usr/lib/mios/agent-pipe/mios_pipe/routing/toolsearch.py	139	140	2	30	9e1c0dfc5963	STAY	midsize-why		0				0
usr/lib/mios/agent-pipe/mios_pipe/routing/toolsearch.py	146	148	3	39	f9ef7e47179a	MIGRATE	midsize-narrative		0				0
usr/lib/mios/agent-pipe/mios_pipe/routing/toolsearch.py	164	164	1	2	f56ee1e18c22	STAY	inline-scoped		0				0
usr/lib/mios/agent-pipe/mios_pipe/routing/toolsearch.py	169	172	4	28	5706f15b267d	STAY	midsize-why		0				0
usr/lib/mios/agent-pipe/mios_pipe/routing/toolsearch.py	258	258	1	3	c61247e76acf	STAY	inline-scoped		0				0
usr/lib/mios/agent-pipe/mios_pipe/routing/toolsearch.py	294	297	4	37	3c9cfef6a40e	STAY	midsize-why		0				0
usr/lib/mios/agent-pipe/mios_pipe/routing/toolsearch.py	375	375	1	10	895c6b7c1e19	STAY	local-scoped		0				0
usr/lib/mios/agent-pipe/mios_pipe/routing/toolsearch.py	382	382	1	4	8022b0dd0fa9	STAY	inline-scoped		0				0
usr/lib/mios/agent-pipe/mios_pipe/routing/toolsearch.py	462	462	1	10	631bd4c931a0	STAY	local-scoped		0				0
usr/lib/mios/agent-pipe/mios_pipe/routing/toolsearch.py	498	503	6	65	8ea023df4574	MIGRATE	narrative-rationale		0				0
usr/lib/mios/agent-pipe/mios_pipe/routing/toolsearch.py	511	512	2	13	bf19f93a4ac8	STAY	local-scoped		0				0
usr/lib/mios/agent-pipe/mios_pipe/routing/toolsurface.py	1	2	2	12	e2a8f73d4ac9	STAY	ai-header		0				0
usr/lib/mios/agent-pipe/mios_pipe/routing/toolsurface.py	3	3	1	8	5c93ef2d3a22	STAY	local-scoped		0				0
usr/lib/mios/agent-pipe/mios_pipe/routing/toolsurface.py	68	68	1	6	1ab27b89e045	STAY	local-scoped		0				0
usr/lib/mios/agent-pipe/mios_pipe/routing/toolsurface.py	132	132	1	10	2c9880cb9f8b	STAY	local-scoped		0				0
usr/lib/mios/agent-pipe/mios_pipe/routing/toolsurface.py	158	158	1	9	14ce3e7d7819	STAY	local-scoped		0				0
usr/lib/mios/agent-pipe/mios_pipe/routing/toolsurface.py	208	208	1	4	40e1663d5f9d	STAY	local-scoped		0				0
usr/lib/mios/agent-pipe/mios_pipe/routing/toolsurface.py	331	331	1	7	d2377e060154	STAY	local-scoped		0				0
usr/lib/mios/agent-pipe/mios_pipe/routing/turn.py	1	2	2	15	8b54a2f81b22	STAY	ai-header		0				0
usr/lib/mios/agent-pipe/mios_pipe/routing/turn.py	3	15	12	101	2ff157824ebb	MIGRATE	narrative-history		0				0
usr/lib/mios/agent-pipe/mios_pipe/routing/turn.py	48	53	6	38	a04f508515b4	MIGRATE	narrative-rationale		0				0
usr/lib/mios/agent-pipe/mios_pipe/routing/turn.py	61	69	9	101	df5db8813728	MIGRATE	narrative-history		0				0
usr/lib/mios/agent-pipe/mios_pipe/routing/turn.py	91	91	1	9	e798dbfebda1	STAY	inline-scoped		0				0
usr/lib/mios/agent-pipe/mios_pipe/routing/turn.py	103	103	1	7	e4e320168407	STAY	inline-scoped		0				0
usr/lib/mios/agent-pipe/mios_pipe/routing/turn.py	114	125	12	116	e497f81c02cf	MIGRATE	narrative-history		0				0
usr/lib/mios/agent-pipe/mios_pipe/routing/turn.py	144	144	1	7	83f7bf60a9f8	STAY	inline-scoped		0				0
usr/lib/mios/agent-pipe/mios_pipe/routing/turn.py	151	160	10	82	446930282ae5	MIGRATE	narrative-history		0				0
usr/lib/mios/agent-pipe/mios_pipe/routing/turn.py	182	183	2	18	89286980b30e	STAY	local-scoped		0				0
usr/lib/mios/agent-pipe/mios_pipe/routing/turn.py	188	193	6	53	ef2fdfc3553c	MIGRATE	narrative-history		0				0
usr/lib/mios/agent-pipe/mios_pipe/routing/verbcatalog.py	1	2	2	17	b6824c9e6a9d	STAY	ai-header		0				0
usr/lib/mios/agent-pipe/mios_pipe/routing/verbcatalog.py	3	18	15	116	9220873cfcff	MIGRATE	narrative-rationale		0				0
usr/lib/mios/agent-pipe/mios_pipe/routing/verbcatalog.py	42	46	5	48	a6cc9c3b31fb	STAY	midsize-why		0				0
usr/lib/mios/agent-pipe/mios_pipe/routing/verbcatalog.py	75	78	4	34	906994e30eb2	STAY	midsize-why		0				0
usr/lib/mios/agent-pipe/mios_pipe/routing/verbcatalog.py	118	118	1	3	ee25ad6793b2	STAY	inline-scoped		0				0
usr/lib/mios/agent-pipe/mios_pipe/routing/verbcatalog.py	445	447	3	25	f48d8f88c02a	STAY	midsize-why		0				0
usr/lib/mios/agent-pipe/mios_pipe/routing/verbcatalog.py	463	467	5	44	83dc97d593df	STAY	midsize-why		0				0
usr/lib/mios/agent-pipe/mios_pipe/routing/verbcatalog.py	490	497	8	89	5fe3db3b5887	MIGRATE	narrative-rationale		0				0
usr/lib/mios/agent-pipe/mios_pipe/routing/verbcatalog.py	514	514	1	8	a4dcc371234b	STAY	local-scoped		0				0
usr/lib/mios/agent-pipe/mios_pipe/routing/verbcatalog.py	519	524	6	75	32329cdffeb2	MIGRATE	narrative-rationale		0				0
usr/lib/mios/agent-pipe/mios_pipe/routing/verbcatalog.py	573	575	3	34	7c6f0e758743	STAY	midsize-why		0				0
usr/lib/mios/agent-pipe/mios_pipe/routing/verbcatalog.py	584	589	6	58	406ad1e1993b	MIGRATE	narrative-rationale		0				0
usr/lib/mios/agent-pipe/mios_pipe/routing/verbcatalog.py	624	634	11	109	400012602b1b	MIGRATE	narrative-rationale		0				0
usr/lib/mios/agent-pipe/mios_pipe/routing/verbcatalog.py	684	690	7	58	f0a9e9d59ed5	MIGRATE	narrative-rationale		0				0
usr/lib/mios/agent-pipe/mios_pipe/routing/vision.py	1	2	2	13	5ebf67aba0e0	STAY	ai-header		0				0
usr/lib/mios/agent-pipe/mios_pipe/routing/vision.py	3	18	15	119	54abcbacdadb	MIGRATE	narrative-rationale		0				0
usr/lib/mios/agent-pipe/mios_pipe/routing/vision.py	38	38	1	9	433930222fa6	STAY	inline-scoped		0				0
usr/lib/mios/agent-pipe/mios_pipe/routing/vision.py	65	66	2	20	74cac733f151	STAY	local-scoped		0				0
usr/lib/mios/agent-pipe/mios_pipe/routing/vision.py	97	99	3	35	2935f6240fc4	MIGRATE	midsize-narrative		0				0
usr/lib/mios/agent-pipe/mios_pipe/routing/vision.py	119	122	4	45	a2c51411e0e4	STAY	midsize-why		0				0
usr/lib/mios/agent-pipe/mios_pipe/routing/vision.py	140	141	2	25	ae134e670b01	STAY	local-scoped		0				0
usr/lib/mios/agent-pipe/mios_pipe/routing/vision.py	160	162	3	32	cca5b62281b8	MIGRATE	midsize-narrative		0				0
usr/lib/mios/agent-pipe/mios_pipe/routing/vision.py	168	168	1	2	f56ee1e18c22	STAY	inline-scoped		0				0
usr/lib/mios/agent-pipe/mios_pipe/routing/vision.py	179	186	8	107	403353c36f89	MIGRATE	narrative-history		0				0
usr/lib/mios/agent-pipe/mios_pipe/routing/vision.py	207	207	1	5	674c31613447	STAY	inline-scoped		0				0
usr/lib/mios/agent-pipe/mios_pipe/routing/vision.py	228	228	1	2	58e1a231241f	STAY	inline-scoped		0				0
usr/lib/mios/agent-pipe/mios_pipe/routing/vision.py	237	237	1	5	b4700bf494f5	STAY	inline-scoped		0				0
usr/lib/mios/agent-pipe/mios_pipe/routing/vision.py	245	249	5	55	e3b078589475	MIGRATE	midsize-narrative		0				0
usr/lib/mios/agent-pipe/mios_pipe/routing/vision.py	258	258	1	6	4c472534b517	STAY	inline-scoped		0				0
usr/lib/mios/agent-pipe/mios_pipe/routing/vision.py	311	315	5	55	4e8dd585c337	MIGRATE	midsize-narrative		0				0
usr/lib/mios/agent-pipe/mios_pipe/routing/vision.py	344	347	4	38	57f442965a7a	STAY	midsize-why		0				0
usr/lib/mios/agent-pipe/mios_pipe/routing/vision.py	354	354	1	2	f56ee1e18c22	STAY	inline-scoped		0				0
usr/lib/mios/agent-pipe/mios_pipe/routing/vision.py	360	369	10	113	875be6931f08	MIGRATE	narrative-rationale		0				0
usr/lib/mios/agent-pipe/mios_pipe/routing/vision.py	374	374	1	2	f56ee1e18c22	STAY	inline-scoped		0				0
usr/lib/mios/agent-pipe/mios_pipe/routing/vision.py	379	383	5	62	b89537e47c56	MIGRATE	narrative-history		0				0
usr/lib/mios/agent-pipe/mios_pipe/routing/vision.py	395	402	8	101	b702f79c4173	MIGRATE	narrative-history		0				0
usr/lib/mios/agent-pipe/mios_pipe/routing/vision.py	413	413	1	9	c4afdba85643	STAY	inline-scoped		0				0
usr/lib/mios/agent-pipe/mios_pipe/routing/vision.py	431	431	1	6	d1de96a6985c	STAY	inline-scoped		0				0
usr/lib/mios/agent-pipe/mios_pipe/routing/vision.py	446	446	1	2	f56ee1e18c22	STAY	inline-scoped		0				0
usr/lib/mios/agent-pipe/mios_pipe/routing/vision.py	456	456	1	2	f56ee1e18c22	STAY	inline-scoped		0				0
usr/lib/mios/agent-pipe/mios_pipe/routing/vision.py	463	467	5	54	c366cbba3471	STAY	midsize-why		0				0
usr/lib/mios/agent-pipe/mios_pipe/routing/vision.py	518	518	1	2	f56ee1e18c22	STAY	inline-scoped		0				0
usr/lib/mios/agent-pipe/mios_pipe/routing/vision.py	523	523	1	2	f56ee1e18c22	STAY	inline-scoped		0				0
usr/lib/mios/agent-pipe/mios_pipe/routing/vision.py	560	560	1	3	9d8b7100cdb0	STAY	inline-scoped		0				0
usr/lib/mios/agent-pipe/mios_pipe/routing/vision.py	609	610	2	25	7775f81f8c9b	STAY	local-scoped		0				0
usr/lib/mios/agent-pipe/mios_pipe/routing/vision.py	615	615	1	2	f56ee1e18c22	STAY	inline-scoped		0				0
usr/lib/mios/agent-pipe/mios_pipe/routing/vision.py	620	625	6	75	19d09ac17f1e	MIGRATE	narrative-rationale		0				0
usr/lib/mios/agent-pipe/mios_pipe/routing/vision.py	650	650	1	2	f56ee1e18c22	STAY	inline-scoped		0				0
usr/lib/mios/agent-pipe/mios_pipe/routing/vision.py	662	667	6	68	2428458e8e4b	MIGRATE	narrative-rationale		0				0
usr/lib/mios/agent-pipe/mios_pipe/routing/vision.py	672	672	1	2	f56ee1e18c22	STAY	inline-scoped		0				0
usr/lib/mios/agent-pipe/mios_pipe/routing/vision.py	686	686	1	2	f56ee1e18c22	STAY	inline-scoped		0				0
usr/lib/mios/agent-pipe/mios_pipe/routing/vision.py	692	693	2	22	c62cdd0f005f	STAY	local-scoped		0				0
usr/lib/mios/agent-pipe/mios_pipe/routing/vision.py	710	710	1	2	f56ee1e18c22	STAY	inline-scoped		0				0
usr/lib/mios/agent-pipe/mios_pipe/routing/vision.py	725	725	1	2	f56ee1e18c22	STAY	inline-scoped		0				0
usr/lib/mios/agent-pipe/mios_pipe/routing/web_research.py	1	2	2	10	694b32247c77	STAY	ai-header		0				0
usr/lib/mios/agent-pipe/mios_pipe/routing/web_research.py	3	17	14	110	60fb92b4b206	MIGRATE	narrative-history		0				0
usr/lib/mios/agent-pipe/mios_pipe/routing/web_research.py	85	89	5	36	2e91b4a8f034	STAY	midsize-why		0				0
usr/lib/mios/agent-pipe/mios_pipe/routing/web_research.py	142	145	4	42	68c65a306173	STAY	midsize-why		0				0
usr/lib/mios/agent-pipe/mios_pipe/routing/web_research.py	151	151	1	2	f56ee1e18c22	STAY	inline-scoped		0				0
usr/lib/mios/agent-pipe/mios_pipe/routing/web_research.py	165	167	3	29	d75734f6a559	STAY	midsize-why		0				0
usr/lib/mios/agent-pipe/mios_pipe/routing/web_research.py	179	179	1	7	669abc8adab5	STAY	inline-scoped		0				0
usr/lib/mios/agent-pipe/mios_pipe/routing/web_research.py	184	186	3	34	078abb7955e8	MIGRATE	midsize-narrative		0				0
usr/lib/mios/agent-pipe/mios_pipe/routing/web_research.py	203	206	4	34	73ecbc427a55	STAY	midsize-why		0				0
usr/lib/mios/agent-pipe/mios_pipe/routing/web_research.py	211	211	1	9	f342c538ad7e	STAY	inline-scoped		0				0
usr/lib/mios/agent-pipe/mios_pipe/routing/web_research.py	213	213	1	6	66d38496667f	STAY	inline-scoped		0				0
usr/lib/mios/agent-pipe/mios_pipe/routing/web_research.py	216	216	1	5	30d39c9e503f	STAY	inline-scoped		0				0
usr/lib/mios/agent-pipe/mios_pipe/routing/web_research.py	223	224	2	23	0acf2f1de262	STAY	local-scoped		0				0
usr/lib/mios/agent-pipe/mios_pipe/routing/web_research.py	231	231	1	6	96b445d3c128	STAY	inline-scoped		0				0
usr/lib/mios/agent-pipe/mios_pipe/routing/web_research.py	232	232	1	8	e8d1910cf4d4	STAY	inline-scoped		0				0
usr/lib/mios/agent-pipe/mios_pipe/routing/web_research.py	233	233	1	11	62a75c5d2f89	STAY	inline-scoped		0				0
usr/lib/mios/agent-pipe/mios_pipe/routing/web_research.py	234	234	1	9	b56302022a9a	STAY	inline-scoped		0				0
usr/lib/mios/agent-pipe/mios_pipe/routing/web_research.py	235	235	1	11	dd1c59a13058	STAY	inline-scoped		0				0
usr/lib/mios/agent-pipe/mios_pipe/routing/web_research.py	236	236	1	10	3e05fa2f6ae8	STAY	inline-scoped		0				0
usr/lib/mios/agent-pipe/mios_pipe/routing/web_research.py	237	237	1	9	8adb7ce90fd3	STAY	inline-scoped		0				0
usr/lib/mios/agent-pipe/mios_pipe/routing/web_research.py	238	238	1	8	d2e7f085630c	STAY	inline-scoped		0				0
usr/lib/mios/agent-pipe/mios_pipe/routing/web_research.py	239	239	1	8	63142f841503	STAY	inline-scoped		0				0
usr/lib/mios/agent-pipe/mios_pipe/routing/web_research.py	244	248	5	49	3502bb52559d	MIGRATE	midsize-narrative		0				0
usr/lib/mios/agent-pipe/mios_pipe/routing/web_research.py	262	262	1	8	daa52857151c	STAY	inline-scoped		0				0
usr/lib/mios/agent-pipe/mios_pipe/routing/web_research.py	266	266	1	8	451ad11f1b60	STAY	inline-scoped		0				0
usr/lib/mios/agent-pipe/mios_pipe/routing/web_research.py	267	267	1	8	ff3a01dfa0ef	STAY	inline-scoped		0				0
usr/lib/mios/agent-pipe/mios_pipe/routing/web_research.py	274	279	6	57	c560d3298e3d	MIGRATE	narrative-rationale		0				0
usr/lib/mios/agent-pipe/mios_pipe/routing/web_research.py	300	300	1	4	2e76a5796a34	STAY	inline-scoped		0				0
usr/lib/mios/agent-pipe/mios_pipe/routing/web_research.py	301	301	1	3	ce92180d07ec	STAY	inline-scoped		0				0
usr/lib/mios/agent-pipe/mios_pipe/routing/web_research.py	302	302	1	3	17fc56c477b0	STAY	inline-scoped		0				0
usr/lib/mios/agent-pipe/mios_pipe/routing/web_research.py	304	304	1	4	aad565487ac8	STAY	inline-scoped		0				0
usr/lib/mios/agent-pipe/mios_pipe/routing/web_research.py	305	305	1	4	733fa11992b7	STAY	inline-scoped		0				0
usr/lib/mios/agent-pipe/mios_pipe/routing/web_research.py	314	320	7	80	4bd17b806e25	MIGRATE	narrative-history		0				0
usr/lib/mios/agent-pipe/mios_pipe/routing/web_research.py	326	329	4	42	85514a343616	MIGRATE	midsize-narrative		0				0
usr/lib/mios/agent-pipe/mios_pipe/routing/web_research.py	338	338	1	7	4e3349e46183	STAY	inline-scoped		0				0
usr/lib/mios/agent-pipe/mios_pipe/routing/web_research.py	357	365	9	89	5dbc814c4c6d	MIGRATE	narrative-history		0				0
usr/lib/mios/agent-pipe/mios_pipe/routing/web_research.py	387	387	1	6	589dfcc87f19	STAY	inline-scoped		0				0
usr/lib/mios/agent-pipe/mios_pipe/routing/web_research.py	399	399	1	3	9d23a76185cb	STAY	inline-scoped		0				0
usr/lib/mios/agent-pipe/mios_pipe/routing/web_research.py	414	414	1	2	f56ee1e18c22	STAY	inline-scoped		0				0
usr/lib/mios/agent-pipe/mios_pipe/routing/web_research.py	433	433	1	2	f56ee1e18c22	STAY	inline-scoped		0				0
usr/lib/mios/agent-pipe/mios_pipe/routing/web_research.py	452	452	1	2	f56ee1e18c22	STAY	inline-scoped		0				0
usr/lib/mios/agent-pipe/mios_pipe/routing/web_research.py	500	500	1	2	0c5f0867dcb4	STAY	inline-scoped		0				0
usr/lib/mios/agent-pipe/mios_pipe/routing/web_research.py	507	507	1	9	f6c8b1eb956d	STAY	inline-scoped		0				0
usr/lib/mios/agent-pipe/mios_pipe/routing/web_research.py	522	522	1	2	f56ee1e18c22	STAY	inline-scoped		0				0
usr/lib/mios/agent-pipe/mios_pipe/routing/web_research.py	538	538	1	2	f56ee1e18c22	STAY	inline-scoped		0				0
usr/lib/mios/agent-pipe/mios_pipe/routing/web_research.py	541	541	1	5	f14f16e27aca	STAY	inline-scoped		0				0
usr/lib/mios/agent-pipe/mios_pipe/routing/web_research.py	542	542	1	5	94d4ed7be82d	STAY	inline-scoped		0				0
usr/lib/mios/agent-pipe/mios_pipe/routing/web_research.py	543	543	1	5	efaa8a16b564	STAY	inline-scoped		0				0
usr/lib/mios/agent-pipe/mios_pipe/routing/web_research.py	544	544	1	6	b36602ab9b69	STAY	inline-scoped		0				0
usr/lib/mios/agent-pipe/mios_pipe/routing/web_research.py	546	546	1	4	8fd1fb6e510a	STAY	inline-scoped		0				0
usr/lib/mios/agent-pipe/mios_pipe/routing/web_research.py	549	549	1	9	3c71a61a9111	STAY	inline-scoped		0				0
usr/lib/mios/agent-pipe/mios_pipe/routing/web_research.py	583	583	1	2	79b42aa7cd82	STAY	inline-scoped		0				0
usr/lib/mios/agent-pipe/mios_pipe/routing/web_research.py	609	609	1	4	68b9fadbe1d1	STAY	inline-scoped		0				0
usr/lib/mios/agent-pipe/mios_pipe/routing/web_research.py	622	622	1	2	f56ee1e18c22	STAY	inline-scoped		0				0
usr/lib/mios/agent-pipe/mios_pipe/routing/web_research.py	633	633	1	10	4ab7292ee24b	STAY	inline-scoped		0				0
usr/lib/mios/agent-pipe/mios_pipe/routing/web_research.py	674	674	1	8	93d908be9803	STAY	inline-scoped		0				0
usr/lib/mios/agent-pipe/mios_pipe/routing/web_research.py	679	679	1	3	a97dcd780795	STAY	inline-scoped		0				0
usr/lib/mios/agent-pipe/mios_pipe/routing/web_research.py	680	680	1	6	a6effeb330cf	STAY	inline-scoped		0				0
usr/lib/mios/agent-pipe/mios_pipe/routing/web_research.py	682	682	1	2	a63ca1ab3fbf	STAY	inline-scoped		0				0
usr/lib/mios/agent-pipe/mios_pipe/routing/web_research.py	683	683	1	6	ed3265d9861f	STAY	inline-scoped		0				0
usr/lib/mios/agent-pipe/mios_pipe/routing/web_research.py	706	706	1	3	a97dcd780795	STAY	inline-scoped		0				0
usr/lib/mios/agent-pipe/mios_pipe/routing/web_research.py	733	733	1	2	fd6e869eb23d	STAY	inline-scoped		0				0
usr/lib/mios/agent-pipe/mios_pipe/routing/web_research.py	760	760	1	6	addde3ddc85d	STAY	inline-scoped		0				0
usr/lib/mios/agent-pipe/mios_pipe/routing/web_research.py	801	803	3	33	070a4f1dd0af	STAY	midsize-why		0				0
usr/lib/mios/agent-pipe/mios_pipe/routing/web_research.py	808	808	1	2	f56ee1e18c22	STAY	inline-scoped		0				0
usr/lib/mios/agent-pipe/mios_pipe/routing/web_research.py	812	812	1	2	f56ee1e18c22	STAY	inline-scoped		0				0
usr/lib/mios/agent-pipe/mios_pipe/routing/web_research.py	817	818	2	23	96edfe5b44c4	STAY	local-scoped		0				0
usr/lib/mios/agent-pipe/mios_pipe/routing/web_research.py	824	824	1	7	3a71aa90ab38	STAY	inline-scoped		0				0
usr/lib/mios/agent-pipe/mios_pipe/routing/web_research.py	827	827	1	2	f56ee1e18c22	STAY	inline-scoped		0				0
usr/lib/mios/agent-pipe/mios_pipe/routing/web_research.py	832	835	4	44	f96ab7882d52	MIGRATE	midsize-narrative		0				0
usr/lib/mios/agent-pipe/mios_pipe/routing/web_research.py	859	859	1	6	43833864b1e8	STAY	inline-scoped		0				0
usr/lib/mios/agent-pipe/mios_pipe/routing/web_research.py	864	865	2	17	d2abea33d128	STAY	local-scoped		0				0
usr/lib/mios/agent-pipe/mios_pipe/routing/web_research.py	890	890	1	10	8f581ba49cb9	STAY	local-scoped		0				0
usr/lib/mios/agent-pipe/mios_pipe/routing/web_research.py	898	899	2	23	579b45f7b6ba	STAY	local-scoped		0				0
usr/lib/mios/agent-pipe/mios_pipe/routing/web_research.py	904	909	6	64	b306aaabfe61	MIGRATE	narrative-rationale		0				0
usr/lib/mios/agent-pipe/mios_pipe/routing/web_research.py	931	937	7	75	903c4a53bef3	MIGRATE	narrative-history		0				0
usr/lib/mios/agent-pipe/mios_pipe/routing/web_research.py	963	964	2	27	2997487aa459	STAY	midsize-why		0				0
usr/lib/mios/agent-pipe/mios_pipe/routing/web_research.py	976	978	3	34	104a3a5abb88	STAY	midsize-why		0				0
usr/lib/mios/agent-pipe/mios_pipe/routing/web_research.py	981	981	1	2	f56ee1e18c22	STAY	inline-scoped		0				0
usr/lib/mios/agent-pipe/mios_pipe/scheduler/__init__.py	1	1	1	4	a74d798636b5	STAY	ai-header		0				0
usr/lib/mios/agent-pipe/mios_pipe/scheduler/admission.py	1	2	2	12	ae545ac653d4	STAY	ai-header		0				0
usr/lib/mios/agent-pipe/mios_pipe/scheduler/admission.py	3	3	1	9	ad02ce5472ce	STAY	local-scoped		0				0
usr/lib/mios/agent-pipe/mios_pipe/scheduler/admission.py	49	49	1	11	4af6712f3400	STAY	local-scoped		0				0
usr/lib/mios/agent-pipe/mios_pipe/scheduler/admission.py	63	63	1	6	dd02ed139e1e	STAY	local-scoped		0				0
usr/lib/mios/agent-pipe/mios_pipe/scheduler/admission.py	138	138	1	5	504cde998bf0	STAY	local-scoped		0				0
usr/lib/mios/agent-pipe/mios_pipe/scheduler/admission.py	162	162	1	8	444ed05e03e2	STAY	local-scoped		0				0
usr/lib/mios/agent-pipe/mios_pipe/scheduler/admission.py	175	175	1	9	2cd92246d852	STAY	local-scoped		0				0
usr/lib/mios/agent-pipe/mios_pipe/scheduler/admission.py	186	186	1	5	b8c063d5f30c	STAY	local-scoped		0				0
usr/lib/mios/agent-pipe/mios_pipe/scheduler/admission.py	193	193	1	6	9acf428e5fcd	STAY	local-scoped		0				0
usr/lib/mios/agent-pipe/mios_pipe/scheduler/admission.py	202	202	1	7	6472fe68b04d	STAY	local-scoped		0				0
usr/lib/mios/agent-pipe/mios_pipe/scheduler/batch.py	1	2	2	18	bfa60d1a552a	STAY	ai-header		0				0
usr/lib/mios/agent-pipe/mios_pipe/scheduler/batch.py	3	18	15	125	5201464ad550	MIGRATE	narrative-rationale		0				0
usr/lib/mios/agent-pipe/mios_pipe/scheduler/batch.py	28	29	2	21	074e87ba2828	STAY	local-scoped		0				0
usr/lib/mios/agent-pipe/mios_pipe/scheduler/batch.py	37	40	4	38	bd6592e3e1fa	STAY	midsize-why		0				0
usr/lib/mios/agent-pipe/mios_pipe/scheduler/batch.py	46	48	3	34	0d5fdc7b1a5d	STAY	midsize-why		0				0
usr/lib/mios/agent-pipe/mios_pipe/scheduler/batch.py	59	59	1	13	f04a19c5af9b	STAY	local-scoped		0				0
usr/lib/mios/agent-pipe/mios_pipe/scheduler/batch.py	69	69	1	11	9dbee6a702f1	STAY	local-scoped		0				0
usr/lib/mios/agent-pipe/mios_pipe/scheduler/batch.py	75	75	1	6	39e6d392a3cc	STAY	inline-scoped		0				0
usr/lib/mios/agent-pipe/mios_pipe/scheduler/batch.py	79	79	1	9	3d2bb4266068	STAY	local-scoped		0				0
usr/lib/mios/agent-pipe/mios_pipe/scheduler/batch.py	87	87	1	8	3df6e68eacc1	STAY	local-scoped		0				0
usr/lib/mios/agent-pipe/mios_pipe/scheduler/batch.py	101	103	3	17	4540f3c96309	STAY	midsize-why		0				0
usr/lib/mios/agent-pipe/mios_pipe/scheduler/batch.py	131	133	3	16	5da984bf3113	STAY	midsize-why		0				0
usr/lib/mios/agent-pipe/mios_pipe/scheduler/batch.py	160	160	1	7	00b97b17711b	STAY	local-scoped		0				0
usr/lib/mios/agent-pipe/mios_pipe/scheduler/bench.py	1	2	2	13	da369b7fdeea	STAY	ai-header		0				0
usr/lib/mios/agent-pipe/mios_pipe/scheduler/bench.py	3	22	19	175	42187aaa7ab6	MIGRATE	narrative-rationale		0				0
usr/lib/mios/agent-pipe/mios_pipe/scheduler/bench.py	31	32	2	21	d26d49f0c62c	STAY	local-scoped		0				0
usr/lib/mios/agent-pipe/mios_pipe/scheduler/bench.py	41	42	2	32	9b4431c9475a	STAY	midsize-why		0				0
usr/lib/mios/agent-pipe/mios_pipe/scheduler/bench.py	51	53	3	40	f8e86acc3694	STAY	midsize-why		0				0
usr/lib/mios/agent-pipe/mios_pipe/scheduler/bench.py	62	63	2	28	a958419ce7f6	STAY	midsize-why		0				0
usr/lib/mios/agent-pipe/mios_pipe/scheduler/bench.py	69	70	2	23	7d8a5c517fd1	STAY	local-scoped		0				0
usr/lib/mios/agent-pipe/mios_pipe/scheduler/bench.py	76	77	2	22	7633c3558a61	STAY	local-scoped		0				0
usr/lib/mios/agent-pipe/mios_pipe/scheduler/bench.py	83	89	7	90	f313cd7fa8e2	MIGRATE	narrative-rationale		0				0
usr/lib/mios/agent-pipe/mios_pipe/scheduler/bench.py	96	96	1	9	0eac499ccc69	STAY	local-scoped		0				0
usr/lib/mios/agent-pipe/mios_pipe/scheduler/bench.py	113	126	14	87	ebf3c28e2367	MIGRATE	narrative-rationale		0				0
usr/lib/mios/agent-pipe/mios_pipe/scheduler/blades.py	1	2	2	16	e6db40fc666b	STAY	ai-header		0				0
usr/lib/mios/agent-pipe/mios_pipe/scheduler/blades.py	3	17	14	144	2d964abe9c10	MIGRATE	narrative-history		0				0
usr/lib/mios/agent-pipe/mios_pipe/scheduler/blades.py	29	30	2	20	c24d81d74478	STAY	local-scoped		0				0
usr/lib/mios/agent-pipe/mios_pipe/scheduler/blades.py	43	49	7	48	be081ba9cb54	MIGRATE	narrative-history		0				0
usr/lib/mios/agent-pipe/mios_pipe/scheduler/blades.py	57	57	1	9	b99e85c98e8a	STAY	inline-scoped		0				0
usr/lib/mios/agent-pipe/mios_pipe/scheduler/blades.py	60	60	1	2	f56ee1e18c22	STAY	inline-scoped		0				0
usr/lib/mios/agent-pipe/mios_pipe/scheduler/blades.py	66	75	10	86	364670302905	MIGRATE	narrative-history		0				0
usr/lib/mios/agent-pipe/mios_pipe/scheduler/blades.py	86	86	1	7	d008935be907	STAY	inline-scoped		0				0
usr/lib/mios/agent-pipe/mios_pipe/scheduler/blades.py	112	118	7	59	182df9a6bf99	MIGRATE	narrative-rationale		0				0
usr/lib/mios/agent-pipe/mios_pipe/scheduler/blades.py	130	130	1	10	bc1acf6756b7	STAY	inline-scoped		0				0
usr/lib/mios/agent-pipe/mios_pipe/scheduler/blades.py	140	140	1	13	25c66050d419	STAY	local-scoped		0				0
usr/lib/mios/agent-pipe/mios_pipe/scheduler/blades.py	143	143	1	7	41987ef00e37	STAY	inline-scoped		0				0
usr/lib/mios/agent-pipe/mios_pipe/scheduler/blades.py	148	150	3	42	e8e4d2d0396e	STAY	midsize-why		0				0
usr/lib/mios/agent-pipe/mios_pipe/scheduler/blades.py	155	155	1	3	9d8b7100cdb0	STAY	inline-scoped		0				0
usr/lib/mios/agent-pipe/mios_pipe/scheduler/evict.py	1	2	2	17	657dbde66713	STAY	ai-header		0				0
usr/lib/mios/agent-pipe/mios_pipe/scheduler/evict.py	3	15	12	90	8727fd3fb90c	MIGRATE	narrative-rationale		0				0
usr/lib/mios/agent-pipe/mios_pipe/scheduler/evict.py	23	27	5	52	b8721a366b05	STAY	midsize-why		0				0
usr/lib/mios/agent-pipe/mios_pipe/scheduler/evict.py	41	42	2	16	aaee5f601030	STAY	local-scoped		0				0
usr/lib/mios/agent-pipe/mios_pipe/scheduler/evict.py	49	50	2	20	1e14c0374de5	STAY	local-scoped		0				0
usr/lib/mios/agent-pipe/mios_pipe/scheduler/evict.py	55	55	1	9	9cccc1bdb02e	STAY	local-scoped		0				0
usr/lib/mios/agent-pipe/mios_pipe/scheduler/evict.py	60	61	2	26	03aca5877766	STAY	midsize-why		0				0
usr/lib/mios/agent-pipe/mios_pipe/scheduler/evict.py	66	67	2	20	7052df5f31fa	STAY	local-scoped		0				0
usr/lib/mios/agent-pipe/mios_pipe/scheduler/evict.py	73	74	2	15	edcb78d2b566	STAY	local-scoped		0				0
usr/lib/mios/agent-pipe/mios_pipe/scheduler/evict.py	85	86	2	15	ab36a8104c96	STAY	local-scoped		0				0
usr/lib/mios/agent-pipe/mios_pipe/scheduler/evict.py	100	103	4	48	159003857a42	STAY	midsize-why		0				0
usr/lib/mios/agent-pipe/mios_pipe/scheduler/preempt.py	1	2	2	18	ec3b4b0eb9e0	STAY	ai-header		0				0
usr/lib/mios/agent-pipe/mios_pipe/scheduler/preempt.py	3	44	41	363	cfd7c1f1160f	MIGRATE	narrative-history	adr-candidate	0				0
usr/lib/mios/agent-pipe/mios_pipe/scheduler/preempt.py	55	55	1	8	83b1e544af1c	STAY	inline-scoped		0				0
usr/lib/mios/agent-pipe/mios_pipe/scheduler/preempt.py	56	56	1	10	40ea32b696eb	STAY	inline-scoped		0				0
usr/lib/mios/agent-pipe/mios_pipe/scheduler/preempt.py	60	60	1	8	7b76c855b5ab	STAY	inline-scoped		0				0
usr/lib/mios/agent-pipe/mios_pipe/scheduler/preempt.py	61	61	1	11	1b405b7d2999	STAY	inline-scoped		0				0
usr/lib/mios/agent-pipe/mios_pipe/scheduler/preempt.py	62	62	1	9	683dd5b4183a	STAY	inline-scoped		0				0
usr/lib/mios/agent-pipe/mios_pipe/scheduler/preempt.py	67	78	12	109	1cc1431d8b8e	MIGRATE	narrative-rationale		0				0
usr/lib/mios/agent-pipe/mios_pipe/scheduler/preempt.py	87	87	1	11	dd8f9c848036	STAY	local-scoped		0				0
usr/lib/mios/agent-pipe/mios_pipe/scheduler/preempt.py	105	105	1	9	7adb26d1fc5f	STAY	local-scoped		0				0
usr/lib/mios/agent-pipe/mios_pipe/scheduler/preempt.py	124	126	3	31	7b2068b319e0	STAY	midsize-why		0				0
usr/lib/mios/agent-pipe/mios_pipe/scheduler/preempt.py	130	130	1	3	523c627698ed	STAY	inline-scoped		0				0
usr/lib/mios/agent-pipe/mios_pipe/scheduler/preempt.py	134	135	2	23	f30ca47dbccd	STAY	local-scoped		0				0
usr/lib/mios/agent-pipe/mios_pipe/scheduler/preempt.py	139	139	1	13	a5bfe004e7c1	STAY	local-scoped		0				0
usr/lib/mios/agent-pipe/mios_pipe/scheduler/preempt.py	143	143	1	9	6bb0df10960d	STAY	local-scoped		0				0
usr/lib/mios/agent-pipe/mios_pipe/scheduler/preempt.py	150	151	2	21	fc406aefbb52	STAY	local-scoped		0				0
usr/lib/mios/agent-pipe/mios_pipe/scheduler/preempt.py	158	159	2	20	ad11c0007079	STAY	local-scoped		0				0
usr/lib/mios/agent-pipe/mios_pipe/scheduler/preempt.py	165	165	1	4	25b256b08133	STAY	inline-scoped		0				0
usr/lib/mios/agent-pipe/mios_pipe/scheduler/preempt.py	173	178	6	67	a24e575e741c	MIGRATE	narrative-rationale		0				0
usr/lib/mios/agent-pipe/mios_pipe/scheduler/preempt.py	197	212	16	161	e1f4efb7cddc	MIGRATE	narrative-history		0				0
usr/lib/mios/agent-pipe/mios_pipe/scheduler/preempt.py	225	228	4	50	a25d88eab9d5	STAY	midsize-why		0				0
usr/lib/mios/agent-pipe/mios_pipe/scheduler/preempt.py	231	231	1	5	a1faf1f5b877	STAY	inline-scoped		0				0
usr/lib/mios/agent-pipe/mios_pipe/scheduler/preempt.py	239	242	4	50	02dc46348609	STAY	midsize-why		0				0
usr/lib/mios/agent-pipe/mios_pipe/scheduler/preempt.py	257	259	3	29	0dafb786f6e9	STAY	midsize-why		0				0
usr/lib/mios/agent-pipe/mios_pipe/scheduler/preempt.py	264	264	1	4	7abfa28ab529	STAY	inline-scoped		0				0
usr/lib/mios/agent-pipe/mios_pipe/scheduler/preempt.py	272	275	4	43	5354ab1aab26	MIGRATE	midsize-narrative		0				0
usr/lib/mios/agent-pipe/mios_pipe/scheduler/preempt.py	284	284	1	5	df902b1d085e	STAY	inline-scoped		0				0
usr/lib/mios/agent-pipe/mios_pipe/scheduler/preempt.py	286	286	1	4	62531a41de15	STAY	inline-scoped		0				0
usr/lib/mios/agent-pipe/mios_pipe/scheduler/preempt.py	293	296	4	43	b73329fd3ada	STAY	midsize-why		0				0
usr/lib/mios/agent-pipe/mios_pipe/scheduler/preempt.py	307	308	2	23	a942986c017d	STAY	local-scoped		0				0
usr/lib/mios/agent-pipe/mios_pipe/scheduler/preempt.py	315	315	1	8	027a0b17e6f7	STAY	local-scoped		0				0
usr/lib/mios/agent-pipe/mios_pipe/scheduler/preempt.py	333	333	1	9	0d581a5255bd	STAY	inline-scoped		0				0
usr/lib/mios/agent-pipe/mios_pipe/scheduler/preempt.py	334	334	1	9	ea2a88b7d5c5	STAY	inline-scoped		0				0
usr/lib/mios/agent-pipe/mios_pipe/scheduler/preempt.py	335	335	1	5	ec27dcb7d3dc	STAY	inline-scoped		0				0
usr/lib/mios/agent-pipe/mios_pipe/scheduler/preempt.py	336	336	1	6	a6097b1d4fa9	STAY	inline-scoped		0				0
usr/lib/mios/agent-pipe/mios_pipe/scheduler/preempt.py	337	337	1	9	033aa038da6b	STAY	inline-scoped		0				0
usr/lib/mios/agent-pipe/mios_pipe/scheduler/preempt.py	338	338	1	6	2b3649552569	STAY	inline-scoped		0				0
usr/lib/mios/agent-pipe/mios_pipe/scheduler/preempt.py	339	339	1	8	ee4f7dca8b10	STAY	inline-scoped		0				0
usr/lib/mios/agent-pipe/mios_pipe/scheduler/preempt.py	340	340	1	7	45fd7ab27b97	STAY	inline-scoped		0				0
usr/lib/mios/agent-pipe/mios_pipe/scheduler/preempt.py	345	347	3	38	f4503fb756c3	STAY	midsize-why		0				0
usr/lib/mios/agent-pipe/mios_pipe/scheduler/preempt.py	356	358	3	25	1d6aa0808674	MIGRATE	midsize-narrative		0				0
usr/lib/mios/agent-pipe/mios_pipe/scheduler/preempt.py	362	362	1	6	b4d74f11cad8	STAY	inline-scoped		0				0
usr/lib/mios/agent-pipe/mios_pipe/scheduler/preempt.py	428	434	7	51	3cf51353a9a4	MIGRATE	narrative-rationale		0				0
usr/lib/mios/agent-pipe/mios_pipe/scheduler/preempt.py	444	449	6	61	71b6dbb44fdc	MIGRATE	narrative-history		0				0
usr/lib/mios/agent-pipe/mios_pipe/scheduler/preempt.py	457	457	1	8	2c8bb50cccc1	STAY	inline-scoped		0				0
usr/lib/mios/agent-pipe/mios_pipe/scheduler/preempt.py	464	464	1	9	7e0bc447c07c	STAY	inline-scoped		0				0
usr/lib/mios/agent-pipe/mios_pipe/scheduler/preempt.py	471	491	21	181	29831a5f65d6	MIGRATE	narrative-history		0				0
usr/lib/mios/agent-pipe/mios_pipe/scheduler/preempt.py	502	502	1	7	cea09e536cc9	STAY	inline-scoped		0				0
usr/lib/mios/agent-pipe/mios_pipe/scheduler/preempt.py	506	506	1	4	a28ada6c1701	STAY	inline-scoped		0				0
usr/lib/mios/agent-pipe/mios_pipe/scheduler/preempt.py	518	518	1	7	27bb09638d2a	STAY	inline-scoped		0				0
usr/lib/mios/agent-pipe/mios_pipe/scheduler/preempt.py	522	522	1	5	f2b7dba25d1a	STAY	inline-scoped		0				0
usr/lib/mios/agent-pipe/mios_pipe/scheduler/preempt.py	523	523	1	2	f56ee1e18c22	STAY	inline-scoped		0				0
usr/lib/mios/agent-pipe/mios_pipe/scheduler/preempt.py	531	552	22	187	0c8ade64051e	MIGRATE	narrative-history		0				0
usr/lib/mios/agent-pipe/mios_pipe/scheduler/preempt.py	558	558	1	6	b1daebad97d1	STAY	inline-scoped		0				0
usr/lib/mios/agent-pipe/mios_pipe/scheduler/preempt.py	562	562	1	6	49eb09fd1a85	STAY	inline-scoped		0				0
usr/lib/mios/agent-pipe/mios_pipe/scheduler/preempt.py	564	564	1	7	3fd86743d84d	STAY	inline-scoped		0				0
usr/lib/mios/agent-pipe/mios_pipe/scheduler/preempt.py	571	574	4	31	2ed550ae3440	STAY	midsize-why		0				0
usr/lib/mios/agent-pipe/mios_pipe/scheduler/preempt.py	577	577	1	2	f56ee1e18c22	STAY	inline-scoped		0				0
usr/lib/mios/agent-pipe/mios_pipe/scheduler/preempt.py	581	581	1	2	f56ee1e18c22	STAY	inline-scoped		0				0
usr/lib/mios/agent-pipe/mios_pipe/scheduler/sched.py	1	2	2	18	2500541a94d5	STAY	ai-header		0				0
usr/lib/mios/agent-pipe/mios_pipe/scheduler/sched.py	3	41	38	262	c188199820c6	MIGRATE	narrative-history	adr-candidate	0				0
usr/lib/mios/agent-pipe/mios_pipe/scheduler/sched.py	55	55	1	6	9048efff6c09	STAY	local-scoped		0				0
usr/lib/mios/agent-pipe/mios_pipe/scheduler/sched.py	84	84	1	12	e424478b1de9	STAY	local-scoped		0				0
usr/lib/mios/agent-pipe/mios_pipe/scheduler/sched.py	98	99	2	18	84cfcabca376	STAY	local-scoped		0				0
usr/lib/mios/agent-pipe/mios_pipe/scheduler/sched.py	115	116	2	20	085913b3f8b5	STAY	local-scoped		0				0
usr/lib/mios/agent-pipe/mios_pipe/scheduler/sched.py	121	121	1	4	a2e62f08d1c4	STAY	inline-scoped		0				0
usr/lib/mios/agent-pipe/mios_pipe/scheduler/sched.py	133	133	1	5	3e5bff1ba67d	STAY	inline-scoped		0				0
usr/lib/mios/agent-pipe/mios_pipe/scheduler/sched.py	139	142	4	38	ebb4e4a328ea	STAY	midsize-why		0				0
usr/lib/mios/agent-pipe/mios_pipe/scheduler/sched.py	162	162	1	13	a1fc01fff5bd	STAY	local-scoped		0				0
usr/lib/mios/agent-pipe/mios_pipe/scheduler/sched.py	169	169	1	9	55e1a8cea3b9	STAY	inline-scoped		0				0
usr/lib/mios/agent-pipe/mios_pipe/scheduler/sched.py	170	170	1	8	0ec70aa867bf	STAY	inline-scoped		0				0
usr/lib/mios/agent-pipe/mios_pipe/scheduler/sched.py	171	171	1	6	49b356704093	STAY	inline-scoped		0				0
usr/lib/mios/agent-pipe/mios_pipe/scheduler/sched.py	176	178	3	25	8b731e971bdf	STAY	midsize-why		0				0
usr/lib/mios/agent-pipe/mios_pipe/scheduler/sched.py	201	205	5	35	3f827831f521	STAY	midsize-why		0				0
usr/lib/mios/agent-pipe/mios_pipe/scheduler/sched.py	213	213	1	9	19deebabd56a	STAY	local-scoped		0				0
usr/lib/mios/agent-pipe/mios_pipe/scheduler/sched.py	233	237	5	47	be593746a089	MIGRATE	midsize-narrative		0				0
usr/lib/mios/agent-pipe/mios_pipe/scheduler/sched.py	247	247	1	9	31e1a25a000e	STAY	local-scoped		0				0
usr/lib/mios/agent-pipe/mios_pipe/scheduler/sched.py	265	265	1	6	b4d74f11cad8	STAY	inline-scoped		0				0
usr/lib/mios/agent-pipe/mios_pipe/scheduler/sched.py	270	273	4	45	59f15a0c6e2b	MIGRATE	midsize-narrative		0				0
usr/lib/mios/agent-pipe/mios_pipe/scheduler/sched.py	335	344	10	112	5cbaa53282a7	MIGRATE	narrative-history		0				0
usr/lib/mios/agent-pipe/mios_pipe/scheduler/sched.py	348	348	1	7	fda59d92676b	STAY	inline-scoped		0				0
usr/lib/mios/agent-pipe/mios_pipe/scheduler/sched.py	351	351	1	8	40f1fd044ffb	STAY	inline-scoped		0				0
usr/lib/mios/agent-pipe/mios_pipe/scheduler/sched.py	361	379	19	200	168ee3cf97dc	MIGRATE	narrative-history		0				0
usr/lib/mios/agent-pipe/mios_pipe/scheduler/sched.py	382	382	1	4	438c1951795a	STAY	inline-scoped		0				0
usr/lib/mios/agent-pipe/mios_pipe/scheduler/sched.py	385	385	1	5	823f0e9b2c5b	STAY	inline-scoped		0				0
usr/lib/mios/agent-pipe/mios_pipe/scheduler/sched.py	386	386	1	5	908bd93d3175	STAY	inline-scoped		0				0
usr/lib/mios/agent-pipe/mios_pipe/scheduler/slo.py	1	2	2	21	3c3467b56d23	STAY	ai-header		0				0
usr/lib/mios/agent-pipe/mios_pipe/scheduler/slo.py	3	23	20	134	551d74690cd4	MIGRATE	narrative-history		0				0
usr/lib/mios/agent-pipe/mios_pipe/scheduler/slo.py	40	43	4	43	4f814117c7c1	STAY	midsize-why		0				0
usr/lib/mios/agent-pipe/mios_pipe/scheduler/slo.py	56	62	7	55	0708625fadb4	MIGRATE	narrative-rationale		0				0
usr/lib/mios/agent-pipe/mios_pipe/scheduler/slo.py	71	73	3	31	b929364bd831	STAY	midsize-why		0				0
usr/lib/mios/agent-pipe/mios_pipe/scheduler/slo.py	81	84	4	34	5c4043288eba	STAY	midsize-why		0				0
usr/lib/mios/agent-pipe/mios_pipe/scheduler/slo.py	90	96	7	74	46ddfd3a5992	MIGRATE	narrative-history		0				0
usr/lib/mios/agent-pipe/mios_pipe/scheduler/stress.py	1	3	3	20	b5523fc8716e	STAY	ai-header		0				0
usr/lib/mios/agent-pipe/mios_pipe/scheduler/stress.py	4	26	22	152	8f5d4ac44379	MIGRATE	narrative-history		0				0
usr/lib/mios/agent-pipe/mios_pipe/scheduler/stress.py	37	37	1	7	d5bbf7553afc	STAY	inline-scoped		0				0
usr/lib/mios/agent-pipe/mios_pipe/scheduler/stress.py	41	41	1	10	0fbd397a04ed	STAY	local-scoped		0				0
usr/lib/mios/agent-pipe/mios_pipe/scheduler/stress.py	54	54	1	8	20ec5439f183	STAY	local-scoped		0				0
usr/lib/mios/agent-pipe/mios_pipe/scheduler/stress.py	72	72	1	12	73be328c87c0	STAY	local-scoped		0				0
usr/lib/mios/agent-pipe/mios_pipe/scheduler/stress.py	80	81	2	18	257d5f462c3f	STAY	local-scoped		0				0
usr/lib/mios/agent-pipe/mios_pipe/scheduler/stress.py	90	92	3	26	b87bcfaae673	STAY	midsize-why		0				0
usr/lib/mios/agent-pipe/mios_pipe/scheduler/stress.py	121	121	1	8	fe9396333aee	STAY	local-scoped		0				0
usr/lib/mios/agent-pipe/mios_pipe/scheduler/stress.py	133	133	1	3	428211b8da25	STAY	local-scoped		0				0
usr/lib/mios/agent-pipe/mios_pipe/scheduler/stress.py	144	144	1	9	810f235d3ba7	STAY	local-scoped		0				0
usr/lib/mios/agent-pipe/mios_pipe/scheduler/stress.py	149	149	1	2	f56ee1e18c22	STAY	inline-scoped		0				0
usr/lib/mios/agent-pipe/mios_pipe/scheduler/stress.py	161	161	1	2	f56ee1e18c22	STAY	inline-scoped		0				0
usr/lib/mios/agent-pipe/mios_pipe/scheduler/stress.py	167	167	1	8	9e63c0e9c899	STAY	local-scoped		0				0
usr/lib/mios/agent-pipe/mios_pipe/scheduler/stress.py	168	168	1	11	fd417b24079d	STAY	inline-scoped		0				0
usr/lib/mios/agent-pipe/mios_pipe/scheduler/vram.py	1	2	2	11	20a424c0221c	STAY	ai-header		0				0
usr/lib/mios/agent-pipe/mios_pipe/scheduler/vram.py	3	3	1	5	c0e75d52ad2f	STAY	local-scoped		0				0
usr/lib/mios/agent-pipe/mios_pipe/scheduler/vram.py	51	51	1	5	14c1ccfee285	STAY	local-scoped		0				0
usr/lib/mios/agent-pipe/mios_pipe/scheduler/vram.py	95	95	1	7	c149169ccfdb	STAY	local-scoped		0				0
usr/lib/mios/agent-pipe/mios_pipe/scheduler/vram.py	104	104	1	11	a39741b36459	STAY	local-scoped		0				0
usr/lib/mios/agent-pipe/mios_pipe/scheduler/vram.py	109	109	1	8	cf4607821fea	STAY	local-scoped		0				0
usr/lib/mios/agent-pipe/mios_pipe/scheduler/vram.py	115	115	1	6	87d5e0908644	STAY	local-scoped		0				0
usr/lib/mios/agent-pipe/mios_pipe/scheduler/vram.py	127	127	1	8	d17502e5183b	STAY	local-scoped		0				0
usr/lib/mios/agent-pipe/mios_pipe/scheduler/vram.py	141	141	1	11	76d19c2e54fe	STAY	local-scoped		0				0
usr/lib/mios/agent-pipe/mios_pipe/scheduler/vram.py	156	156	1	11	d99e576366ac	STAY	local-scoped		0				0
usr/lib/mios/agent-pipe/mios_pipe/scheduler/vram.py	168	168	1	8	a5d3aa223467	STAY	local-scoped		0				0
usr/lib/mios/agent-pipe/mios_pipe/scheduler/vram.py	183	183	1	6	dcb6c4edb3f0	STAY	local-scoped		0				0
usr/lib/mios/agent-pipe/mios_pipe/scheduler/vram.py	194	194	1	5	74cfcbaed967	STAY	local-scoped		0				0
usr/lib/mios/agent-pipe/mios_pipe/scheduler/vram.py	199	199	1	12	893733042b43	STAY	local-scoped		0				0
usr/lib/mios/agent-pipe/mios_pipe/scheduler/vram.py	223	223	1	7	b160e115215d	STAY	local-scoped		0				0
usr/lib/mios/agent-pipe/mios_pipe/scheduler/vram.py	243	243	1	7	f1e687375dc1	STAY	local-scoped		0				0
usr/lib/mios/agent-pipe/mios_pipe/scheduler/vram.py	255	255	1	9	03094d638fb1	STAY	local-scoped		0				0
usr/lib/mios/agent-pipe/mios_pipe/streaming.py	1	1	1	5	4b979dbc61b9	STAY	ai-header		0				0
usr/lib/mios/agent-pipe/mios_pipe/streaming.py	2	2	1	2	1b09b1d1eb81	STAY	local-scoped		0				0
usr/lib/mios/agent-pipe/mios_pipe/streaming.py	27	27	1	5	65e46b61d21a	STAY	local-scoped		0				0
usr/lib/mios/agent-pipe/mios_pipe/vram_scheduler.py	1	1	1	5	aa0437b0cc17	STAY	ai-header		0				0
usr/lib/mios/agent-pipe/mios_pipe/vram_scheduler.py	2	2	1	4	d76007983c0d	STAY	local-scoped		0				0
usr/lib/mios/agent-pipe/mios_pipe/vram_scheduler.py	40	42	3	35	51ed2a246884	MIGRATE	midsize-narrative		0				0
usr/lib/mios/agent-pipe/mios_pipe/vram_scheduler.py	46	46	1	5	3bab714358dd	STAY	inline-scoped		0				0
usr/lib/mios/agent-pipe/mios_pipe/vram_scheduler.py	47	47	1	5	d364c4b8653f	STAY	inline-scoped		0				0
usr/lib/mios/agent-pipe/mios_pipe/vram_scheduler.py	58	58	1	8	444ed05e03e2	STAY	local-scoped		0				0
usr/lib/mios/agent-pipe/mios_pipe/vram_scheduler.py	80	82	3	26	c0f791c2eb97	STAY	midsize-why		0				0
usr/lib/mios/agent-pipe/mios_pipe/vram_scheduler.py	85	85	1	6	7d5fbdee76d0	STAY	local-scoped		0				0
usr/lib/mios/agent-pipe/mios_pipe/vram_scheduler.py	96	98	3	24	6415785b223c	STAY	midsize-why		0				0
usr/lib/mios/agent-pipe/mios_pipe/vram_scheduler.py	100	100	1	2	45f8db3a7790	STAY	inline-scoped		0				0
usr/lib/mios/agent-pipe/mios_pipe/vram_scheduler.py	101	101	1	2	a32ea06f0954	STAY	inline-scoped		0				0
usr/lib/mios/agent-pipe/mios_pipe/vram_scheduler.py	105	109	5	48	21610e3cd534	STAY	midsize-why		0				0
usr/lib/mios/agent-pipe/mios_pipe/vram_scheduler.py	118	124	7	59	31c504d7e4fd	MIGRATE	narrative-history		0				0
usr/lib/mios/agent-pipe/mios_pipe/vram_scheduler.py	159	159	1	8	fa20232663d7	STAY	inline-scoped		0				0
usr/lib/mios/agent-pipe/mios_planner.py	1	1	1	5	25dbb0ba4464	STAY	ai-header		0				0
usr/lib/mios/agent-pipe/mios_policy.py	1	1	1	5	d7ff3f80fff1	STAY	ai-header		0				0
usr/lib/mios/agent-pipe/mios_portal.py	1	1	1	5	ca2681a33098	STAY	ai-header		0				0
usr/lib/mios/agent-pipe/mios_preempt.py	1	1	1	5	005923ac1da2	STAY	ai-header		0				0
usr/lib/mios/agent-pipe/mios_promptfmt.py	1	1	1	5	0bc837c9cf67	STAY	ai-header		0				0
usr/lib/mios/agent-pipe/mios_promptver.py	1	1	1	5	2a53842935fe	STAY	ai-header		0				0
usr/lib/mios/agent-pipe/mios_provider_translate.py	1	1	1	5	d573518bc49b	STAY	ai-header		0				0
usr/lib/mios/agent-pipe/mios_quarantine.py	1	1	1	5	fb0eddcbac0c	STAY	ai-header		0				0
usr/lib/mios/agent-pipe/mios_quota.py	1	1	1	5	e86b2adb34d1	STAY	ai-header		0				0
usr/lib/mios/agent-pipe/mios_refine.py	1	1	1	5	506c79c33abe	STAY	ai-header		0				0
usr/lib/mios/agent-pipe/mios_reflect.py	1	1	1	5	145f09a9df64	STAY	ai-header		0				0
usr/lib/mios/agent-pipe/mios_registry.py	1	2	2	11	4e9a59e2afaa	STAY	ai-header		0				0
usr/lib/mios/agent-pipe/mios_registry.py	3	17	14	100	8b04ab691e00	MIGRATE	narrative-rationale		0				0
usr/lib/mios/agent-pipe/mios_registry.py	28	28	1	10	52b14ebadddb	STAY	local-scoped		0				0
usr/lib/mios/agent-pipe/mios_registry.py	34	36	3	31	89d98e97487f	STAY	midsize-why		0				0
usr/lib/mios/agent-pipe/mios_registry.py	57	59	3	21	a429b5c9bce8	STAY	midsize-why		0				0
usr/lib/mios/agent-pipe/mios_registry.py	85	86	2	20	75a6235876b6	STAY	local-scoped		0				0
usr/lib/mios/agent-pipe/mios_reputation.py	1	1	1	5	dbbcc95a9d1e	STAY	ai-header		0				0
usr/lib/mios/agent-pipe/mios_router.py	1	1	1	5	1ed0f223fea9	STAY	ai-header		0				0
usr/lib/mios/agent-pipe/mios_routing.py	1	1	1	5	7f40b4730536	STAY	ai-header		0				0
usr/lib/mios/agent-pipe/mios_ruleof2.py	1	1	1	5	62393137c891	STAY	ai-header		0				0
usr/lib/mios/agent-pipe/mios_sandbox.py	1	1	1	5	661afad4fc7f	STAY	ai-header		0				0
usr/lib/mios/agent-pipe/mios_sched.py	1	1	1	5	4e88f4f3dd5a	STAY	ai-header		0				0
usr/lib/mios/agent-pipe/mios_scratchpad.py	1	1	1	13	0c9cfc4816d5	STAY	ai-header		0				0
usr/lib/mios/agent-pipe/mios_secondary_loop.py	1	1	1	5	a85dfb4d25a7	STAY	ai-header		0				0
usr/lib/mios/agent-pipe/mios_secset.py	1	1	1	5	3f293850af74	STAY	ai-header		0				0
usr/lib/mios/agent-pipe/mios_selfimprove.py	1	1	1	5	b4c55c420809	STAY	ai-header		0				0
usr/lib/mios/agent-pipe/mios_selfimprove_act.py	1	1	1	5	f0f9d411f290	STAY	ai-header		0				0
usr/lib/mios/agent-pipe/mios_skills.py	1	2	2	13	af2e57fdecb0	STAY	ai-header		0				0
usr/lib/mios/agent-pipe/mios_skills.py	3	20	17	115	56ca917a715c	MIGRATE	narrative-rationale		0				0
usr/lib/mios/agent-pipe/mios_skills.py	53	60	8	74	015d29414f58	MIGRATE	narrative-history		0				0
usr/lib/mios/agent-pipe/mios_skills.py	85	86	2	19	c216b60bcbb0	STAY	local-scoped		0				0
usr/lib/mios/agent-pipe/mios_skills.py	134	144	11	80	05440901c177	MIGRATE	narrative-rationale		0				0
usr/lib/mios/agent-pipe/mios_skills.py	311	314	4	35	818ce79aafbf	MIGRATE	midsize-narrative		0				0
usr/lib/mios/agent-pipe/mios_skills.py	406	410	5	45	ce43b644ec92	STAY	midsize-why		0				0
usr/lib/mios/agent-pipe/mios_skills.py	429	435	7	48	fbaad9c6a4f1	MIGRATE	narrative-history		0				0
usr/lib/mios/agent-pipe/mios_skills.py	457	458	2	24	c722de61e876	STAY	local-scoped		0				0
usr/lib/mios/agent-pipe/mios_skills.py	468	472	5	43	2b3488244bb6	STAY	midsize-why		0				0
usr/lib/mios/agent-pipe/mios_skills.py	483	483	1	10	b901fccc7586	STAY	inline-scoped		0				0
usr/lib/mios/agent-pipe/mios_skills.py	493	493	1	8	08f58f00b604	STAY	local-scoped		0				0
usr/lib/mios/agent-pipe/mios_skills.py	499	499	1	2	f56ee1e18c22	STAY	inline-scoped		0				0
usr/lib/mios/agent-pipe/mios_skills.py	504	505	2	20	86b290c609ac	STAY	local-scoped		0				0
usr/lib/mios/agent-pipe/mios_skills.py	514	514	1	2	f56ee1e18c22	STAY	inline-scoped		0				0
usr/lib/mios/agent-pipe/mios_skills.py	521	529	9	61	df1527cc3747	MIGRATE	narrative-rationale		0				0
usr/lib/mios/agent-pipe/mios_skills.py	571	571	1	10	cd6dc42bb864	STAY	local-scoped		0				0
usr/lib/mios/agent-pipe/mios_skills.py	580	580	1	6	e54a0393ee3e	STAY	inline-scoped		0				0
usr/lib/mios/agent-pipe/mios_skills.py	592	594	3	26	684cef40d5c2	STAY	midsize-why		0				0
usr/lib/mios/agent-pipe/mios_skills.py	608	609	2	19	18993d73a0c1	STAY	local-scoped		0				0
usr/lib/mios/agent-pipe/mios_skills.py	619	623	5	42	1a8135098bf2	MIGRATE	midsize-narrative		0				0
usr/lib/mios/agent-pipe/mios_skills.py	651	651	1	2	f56ee1e18c22	STAY	inline-scoped		0				0
usr/lib/mios/agent-pipe/mios_skills.py	670	671	2	18	2e63e8941532	STAY	local-scoped		0				0
usr/lib/mios/agent-pipe/mios_skills.py	690	690	1	2	f56ee1e18c22	STAY	inline-scoped		0				0
usr/lib/mios/agent-pipe/mios_slo.py	1	1	1	5	6a1e74e63fde	STAY	ai-header		0				0
usr/lib/mios/agent-pipe/mios_smartroute.py	1	1	1	5	37b3815a7017	STAY	ai-header		0				0
usr/lib/mios/agent-pipe/mios_sse.py	1	1	1	5	232da92d5240	STAY	ai-header		0				0
usr/lib/mios/agent-pipe/mios_stress.py	1	1	1	5	e060c867fd8b	STAY	ai-header		0				0
usr/lib/mios/agent-pipe/mios_surface.py	1	2	2	20	0414be253fcf	STAY	ai-header		0				0
usr/lib/mios/agent-pipe/mios_surface.py	3	34	31	258	24613613b335	MIGRATE	narrative-history	adr-candidate	0				0
usr/lib/mios/agent-pipe/mios_surface.py	53	53	1	12	bbc619048dec	STAY	local-scoped		0				0
usr/lib/mios/agent-pipe/mios_surface.py	60	63	4	22	cff65d817b1f	STAY	midsize-why		0				0
usr/lib/mios/agent-pipe/mios_surface.py	80	84	5	35	3f75ea9e39bc	STAY	midsize-why		0				0
usr/lib/mios/agent-pipe/mios_surface.py	92	100	9	77	90ecd78ea9ee	MIGRATE	narrative-rationale		0				0
usr/lib/mios/agent-pipe/mios_surface.py	120	128	9	64	c3cb972858c7	MIGRATE	narrative-rationale		0				0
usr/lib/mios/agent-pipe/mios_surface.py	146	154	9	61	604f93c8d3d3	MIGRATE	narrative-rationale		0				0
usr/lib/mios/agent-pipe/mios_surface.py	171	177	7	54	3b14c68eb246	MIGRATE	narrative-rationale		0				0
usr/lib/mios/agent-pipe/mios_surface.py	184	189	6	45	56eb903cd2d2	MIGRATE	narrative-rationale		0				0
usr/lib/mios/agent-pipe/mios_surface.py	201	229	29	237	6ce650d4a6a3	MIGRATE	narrative-rationale		0				0
usr/lib/mios/agent-pipe/mios_surface.py	236	236	1	5	0eabee774b35	STAY	inline-scoped		0				0
usr/lib/mios/agent-pipe/mios_surface.py	237	237	1	4	0c838a1d0c52	STAY	inline-scoped		0				0
usr/lib/mios/agent-pipe/mios_surface.py	238	238	1	5	a3b8d3452f4a	STAY	inline-scoped		0				0
usr/lib/mios/agent-pipe/mios_surface.py	297	304	8	56	a03486d151d9	MIGRATE	narrative-rationale		0				0
usr/lib/mios/agent-pipe/mios_surface.py	305	305	1	4	a268789ff47d	STAY	inline-scoped		0				0
usr/lib/mios/agent-pipe/mios_surface.py	306	306	1	6	cb35e17f148f	STAY	inline-scoped		0				0
usr/lib/mios/agent-pipe/mios_surface.py	307	307	1	6	a6a6ca4bf952	STAY	inline-scoped		0				0
usr/lib/mios/agent-pipe/mios_surface.py	308	308	1	6	91257556cf0b	STAY	inline-scoped		0				0
usr/lib/mios/agent-pipe/mios_surface.py	309	309	1	6	0a055bfcfc90	STAY	inline-scoped		0				0
usr/lib/mios/agent-pipe/mios_surface.py	310	310	1	4	3e9e233d006a	STAY	inline-scoped		0				0
usr/lib/mios/agent-pipe/mios_surface.py	314	319	6	36	fc5cebd4bdcd	MIGRATE	narrative-rationale		0				0
usr/lib/mios/agent-pipe/mios_surface.py	328	336	9	62	9b5bcf213530	MIGRATE	narrative-rationale		0				0
usr/lib/mios/agent-pipe/mios_surface.py	352	358	7	50	3f541a65d758	MIGRATE	narrative-rationale		0				0
usr/lib/mios/agent-pipe/mios_surface.py	374	376	3	24	f45963ee307d	STAY	midsize-why		0				0
usr/lib/mios/agent-pipe/mios_surface.py	420	425	6	44	5b2b9b3b29e9	MIGRATE	narrative-rationale		0				0
usr/lib/mios/agent-pipe/mios_surface.py	456	457	2	26	dbd21b96143c	STAY	midsize-why		0				0
usr/lib/mios/agent-pipe/mios_surface.py	473	479	7	62	abbc1a97563e	MIGRATE	narrative-rationale		0				0
usr/lib/mios/agent-pipe/mios_surface.py	505	509	5	40	19b9ad428ab4	STAY	midsize-why		0				0
usr/lib/mios/agent-pipe/mios_surface.py	512	512	1	4	4041fb5da116	STAY	inline-scoped		0				0
usr/lib/mios/agent-pipe/mios_surface.py	515	515	1	4	4e5c5cf9d46a	STAY	inline-scoped		0				0
usr/lib/mios/agent-pipe/mios_surface.py	525	525	1	4	55511c6af3a4	STAY	inline-scoped		0				0
usr/lib/mios/agent-pipe/mios_surface.py	534	548	15	121	30d811ac91af	MIGRATE	narrative-rationale		0				0
usr/lib/mios/agent-pipe/mios_surface.py	558	558	1	5	dbeedcd4fcab	STAY	inline-scoped		0				0
usr/lib/mios/agent-pipe/mios_surface.py	561	561	1	4	6bb9a359c39a	STAY	inline-scoped		0				0
usr/lib/mios/agent-pipe/mios_surface.py	575	581	7	52	e6243060d128	MIGRATE	narrative-rationale		0				0
usr/lib/mios/agent-pipe/mios_surface.py	594	601	8	52	60fe525377c2	MIGRATE	narrative-rationale		0				0
usr/lib/mios/agent-pipe/mios_swarm.py	1	1	1	5	767a56cac3e2	STAY	ai-header		0				0
usr/lib/mios/agent-pipe/mios_template.py	1	3	3	17	e55850c23b0a	STAY	ai-header		0				0
usr/lib/mios/agent-pipe/mios_template.py	4	8	4	28	d4f56218bd07	STAY	midsize-why		0				0
usr/lib/mios/agent-pipe/mios_template.py	27	27	1	9	102da2b81445	STAY	local-scoped		0				0
usr/lib/mios/agent-pipe/mios_template.py	38	38	1	10	7e47e41417d8	STAY	local-scoped		0				0
usr/lib/mios/agent-pipe/mios_template.py	46	46	1	9	4fbfdad3b464	STAY	local-scoped		0				0
usr/lib/mios/agent-pipe/mios_template.py	90	90	1	9	ed1d76214a60	STAY	local-scoped		0				0
usr/lib/mios/agent-pipe/mios_template.py	97	97	1	9	e616893f5ec5	STAY	local-scoped		0				0
usr/lib/mios/agent-pipe/mios_template.py	107	107	1	10	bca5815e94ac	STAY	local-scoped		0				0
usr/lib/mios/agent-pipe/mios_template.py	129	129	1	10	8ed5e1f54667	STAY	local-scoped		0				0
usr/lib/mios/agent-pipe/mios_tokenize.py	1	1	1	5	e6f3f2155f76	STAY	ai-header		0				0
usr/lib/mios/agent-pipe/mios_toolconflict.py	1	1	1	5	b62f4021aed8	STAY	ai-header		0				0
usr/lib/mios/agent-pipe/mios_toolexec.py	1	1	1	5	72fc02b5fc4b	STAY	ai-header		0				0
usr/lib/mios/agent-pipe/mios_toolsearch.py	1	1	1	5	1f6069eb8585	STAY	ai-header		0				0
usr/lib/mios/agent-pipe/mios_trace.py	1	1	1	5	c495c3515c5e	STAY	ai-header		0				0
usr/lib/mios/agent-pipe/mios_turn.py	1	1	1	5	1cbf89acbad2	STAY	ai-header		0				0
usr/lib/mios/agent-pipe/mios_verbcatalog.py	1	1	1	5	a5c8d4e62944	STAY	ai-header		0				0
usr/lib/mios/agent-pipe/mios_verity.py	1	1	1	5	79222283772a	STAY	ai-header		0				0
usr/lib/mios/agent-pipe/mios_vision.py	1	1	1	5	6b460674f7e2	STAY	ai-header		0				0
usr/lib/mios/agent-pipe/mios_web_research.py	1	1	1	5	cd5eb068336e	STAY	ai-header		0				0
usr/lib/mios/agent-pipe/mios_worker_tools.py	1	1	1	5	56297d1dbe0b	STAY	ai-header		0				0
usr/lib/mios/agent-pipe/server.py	1	2	2	24	ce9b0ba723a3	STAY	ai-header		0				0
usr/lib/mios/agent-pipe/server.py	3	48	45	202	8e220b2bb79a	MIGRATE	narrative-history		0				0
usr/lib/mios/agent-pipe/server.py	113	113	1	2	8fd01c634ab8	STAY	inline-scoped		0				0
usr/lib/mios/agent-pipe/server.py	114	114	1	2	8fd01c634ab8	STAY	inline-scoped		0				0
usr/lib/mios/agent-pipe/server.py	116	116	1	6	61ccb9a1bbc7	STAY	inline-scoped		0				0
usr/lib/mios/agent-pipe/server.py	119	119	1	5	7c3cdd28c650	STAY	inline-scoped		0				0
usr/lib/mios/agent-pipe/server.py	128	128	1	2	8fd01c634ab8	STAY	inline-scoped		0				0
usr/lib/mios/agent-pipe/server.py	132	132	1	4	3aa3e1e20e8c	STAY	inline-scoped		0				0
usr/lib/mios/agent-pipe/server.py	133	133	1	5	a1a4bf2c5105	STAY	inline-scoped		0				0
usr/lib/mios/agent-pipe/server.py	136	136	1	3	62130339eaf0	STAY	inline-scoped		0				0
usr/lib/mios/agent-pipe/server.py	137	137	1	10	d074939dc327	STAY	inline-scoped		0				0
usr/lib/mios/agent-pipe/server.py	138	138	1	6	185300b83aec	STAY	inline-scoped		0				0
usr/lib/mios/agent-pipe/server.py	139	139	1	8	1fdb444fc53d	STAY	inline-scoped		0				0
usr/lib/mios/agent-pipe/server.py	140	140	1	8	5b864f87e19d	STAY	inline-scoped		0				0
usr/lib/mios/agent-pipe/server.py	141	141	1	7	b8d5a38a7b44	STAY	inline-scoped		0				0
usr/lib/mios/agent-pipe/server.py	142	142	1	9	59bae2ba0751	STAY	inline-scoped		0				0
usr/lib/mios/agent-pipe/server.py	143	143	1	8	1a0ed1ef2fc4	STAY	inline-scoped		0				0
usr/lib/mios/agent-pipe/server.py	144	144	1	6	f3855d55f219	STAY	inline-scoped		0				0
usr/lib/mios/agent-pipe/server.py	145	145	1	6	c43d928f2785	STAY	inline-scoped		0				0
usr/lib/mios/agent-pipe/server.py	146	146	1	8	96054fa6cb49	STAY	inline-scoped		0				0
usr/lib/mios/agent-pipe/server.py	147	147	1	7	4206fb61baa0	STAY	inline-scoped		0				0
usr/lib/mios/agent-pipe/server.py	148	148	1	7	7bb0e7e6c649	STAY	inline-scoped		0				0
usr/lib/mios/agent-pipe/server.py	149	149	1	9	b22159975fb5	STAY	inline-scoped		0				0
usr/lib/mios/agent-pipe/server.py	150	150	1	8	c187f20436a7	STAY	inline-scoped		0				0
usr/lib/mios/agent-pipe/server.py	151	151	1	6	a2b5f9f1874d	STAY	inline-scoped		0				0
usr/lib/mios/agent-pipe/server.py	153	153	1	7	a549700c9468	STAY	inline-scoped		0				0
usr/lib/mios/agent-pipe/server.py	154	154	1	7	5f13b6c43d89	STAY	inline-scoped		0				0
usr/lib/mios/agent-pipe/server.py	155	155	1	6	42ea93feda18	STAY	inline-scoped		0				0
usr/lib/mios/agent-pipe/server.py	156	156	1	6	a8ce02020a9c	STAY	inline-scoped		0				0
usr/lib/mios/agent-pipe/server.py	157	157	1	6	02120f1bedd8	STAY	inline-scoped		0				0
usr/lib/mios/agent-pipe/server.py	158	158	1	6	c1ebe719f178	STAY	inline-scoped		0				0
usr/lib/mios/agent-pipe/server.py	159	159	1	9	5844dac0a066	STAY	inline-scoped		0				0
usr/lib/mios/agent-pipe/server.py	160	160	1	7	1c46126ee46e	STAY	inline-scoped		0				0
usr/lib/mios/agent-pipe/server.py	166	166	1	12	9a098212e211	STAY	inline-scoped		0				0
usr/lib/mios/agent-pipe/server.py	167	167	1	11	43aae33b73a8	STAY	inline-scoped		0				0
usr/lib/mios/agent-pipe/server.py	168	168	1	2	fd3b2fe94a47	STAY	inline-scoped		0				0
usr/lib/mios/agent-pipe/server.py	169	169	1	16	a16433b9cc74	STAY	inline-scoped		0				0
usr/lib/mios/agent-pipe/server.py	170	170	1	7	dff5c940760f	STAY	inline-scoped		0				0
usr/lib/mios/agent-pipe/server.py	171	171	1	6	f52423808ce4	STAY	inline-scoped		0				0
usr/lib/mios/agent-pipe/server.py	172	172	1	8	a074dc37480b	STAY	inline-scoped		0				0
usr/lib/mios/agent-pipe/server.py	173	173	1	6	ee11e74a9649	STAY	inline-scoped		0				0
usr/lib/mios/agent-pipe/server.py	174	174	1	6	7515d8066f85	STAY	inline-scoped		0				0
usr/lib/mios/agent-pipe/server.py	175	175	1	7	d3ce41ccbaa3	STAY	inline-scoped		0				0
usr/lib/mios/agent-pipe/server.py	176	176	1	7	248cf9db53dd	STAY	inline-scoped		0				0
usr/lib/mios/agent-pipe/server.py	177	177	1	6	1fb73d606680	STAY	inline-scoped		0				0
usr/lib/mios/agent-pipe/server.py	178	178	1	2	8fd01c634ab8	STAY	inline-scoped		0				0
usr/lib/mios/agent-pipe/server.py	252	252	1	2	8fd01c634ab8	STAY	inline-scoped		0				0
usr/lib/mios/agent-pipe/server.py	296	296	1	11	954e07a2e80c	STAY	local-scoped		0				0
usr/lib/mios/agent-pipe/server.py	299	299	1	11	7d3308e89147	STAY	local-scoped		0				0
usr/lib/mios/agent-pipe/server.py	348	348	1	8	3752609b24ca	STAY	local-scoped		0				0
usr/lib/mios/agent-pipe/server.py	351	351	1	2	f56ee1e18c22	STAY	inline-scoped		0				0
usr/lib/mios/agent-pipe/server.py	357	359	3	27	b3c10a99920b	MIGRATE	midsize-narrative		0				0
usr/lib/mios/agent-pipe/server.py	369	369	1	7	855be0597808	STAY	inline-scoped		0				0
usr/lib/mios/agent-pipe/server.py	380	380	1	12	eeea089b85d2	STAY	local-scoped		0				0
usr/lib/mios/agent-pipe/server.py	420	420	1	2	7165f150afd7	STAY	inline-scoped		0				0
usr/lib/mios/agent-pipe/server.py	428	428	1	3	32da9b8471c2	STAY	inline-scoped		0				0
usr/lib/mios/agent-pipe/server.py	432	433	2	23	e5f792b882ae	STAY	local-scoped		0				0
usr/lib/mios/agent-pipe/server.py	443	448	6	55	855a2a330f4a	MIGRATE	narrative-rationale		0				0
usr/lib/mios/agent-pipe/server.py	535	535	1	7	85e50724ed35	STAY	local-scoped		0				0
usr/lib/mios/agent-pipe/server.py	539	539	1	2	8fd01c634ab8	STAY	inline-scoped		0				0
usr/lib/mios/agent-pipe/server.py	548	548	1	13	e3e0920867db	STAY	local-scoped		0				0
usr/lib/mios/agent-pipe/server.py	590	590	1	13	9c1bf9636e1f	STAY	local-scoped		0				0
usr/lib/mios/agent-pipe/server.py	593	593	1	2	f56ee1e18c22	STAY	inline-scoped		0				0
usr/lib/mios/agent-pipe/server.py	598	600	3	35	fb9e959b2924	STAY	midsize-why		0				0
usr/lib/mios/agent-pipe/server.py	604	604	1	2	f56ee1e18c22	STAY	inline-scoped		0				0
usr/lib/mios/agent-pipe/server.py	610	611	2	20	6645bea16f1f	STAY	local-scoped		0				0
usr/lib/mios/agent-pipe/server.py	612	612	1	3	1633b0e52f45	STAY	inline-scoped		0				0
usr/lib/mios/agent-pipe/server.py	615	615	1	7	772334935d82	STAY	inline-scoped		0				0
usr/lib/mios/agent-pipe/server.py	616	616	1	6	0a5430df3305	STAY	inline-scoped		0				0
usr/lib/mios/agent-pipe/server.py	622	624	3	41	a8c1d7daaec9	STAY	midsize-why		0				0
usr/lib/mios/agent-pipe/server.py	626	626	1	1	cdfe60bc26fd	DROP	banner		0				0
usr/lib/mios/agent-pipe/server.py	628	628	1	9	31730239a079	STAY	inline-scoped		0				0
usr/lib/mios/agent-pipe/server.py	633	636	4	49	fc796ad8d3ed	MIGRATE	midsize-narrative		0				0
usr/lib/mios/agent-pipe/server.py	639	639	1	1	cdfe60bc26fd	DROP	banner		0				0
usr/lib/mios/agent-pipe/server.py	640	640	1	2	f56ee1e18c22	STAY	inline-scoped		0				0
usr/lib/mios/agent-pipe/server.py	645	645	1	4	b0456208bb0a	STAY	inline-scoped		0				0
usr/lib/mios/agent-pipe/server.py	649	649	1	2	f56ee1e18c22	STAY	inline-scoped		0				0
usr/lib/mios/agent-pipe/server.py	675	675	1	7	f171d77a0eca	STAY	local-scoped		0				0
usr/lib/mios/agent-pipe/server.py	816	816	1	2	8fd01c634ab8	STAY	inline-scoped		0				0
usr/lib/mios/agent-pipe/server.py	900	900	1	2	f56ee1e18c22	STAY	inline-scoped		0				0
usr/lib/mios/agent-pipe/server.py	922	922	1	2	f56ee1e18c22	STAY	inline-scoped		0				0
usr/lib/mios/agent-pipe/server.py	934	934	1	2	f56ee1e18c22	STAY	inline-scoped		0				0
usr/lib/mios/agent-pipe/server.py	943	943	1	2	f56ee1e18c22	STAY	inline-scoped		0				0
usr/lib/mios/agent-pipe/server.py	1152	1152	1	4	cb93f0ede8d4	STAY	inline-scoped		0				0
usr/lib/mios/agent-pipe/server.py	1157	1157	1	2	8fd01c634ab8	STAY	inline-scoped		0				0
usr/lib/mios/agent-pipe/server.py	1253	1253	1	6	8ccb4983e987	STAY	inline-scoped		0				0
usr/lib/mios/agent-pipe/server.py	1258	1258	1	10	a6407a6b9dde	STAY	local-scoped		0				0
usr/lib/mios/agent-pipe/server.py	1267	1267	1	2	09d492f91ec9	STAY	inline-scoped		0				0
usr/lib/mios/agent-pipe/server.py	1271	1282	12	135	74a6abf4465c	MIGRATE	narrative-rationale		0				0
usr/lib/mios/agent-pipe/server.py	1291	1293	3	35	db5df31b3b67	STAY	midsize-why		0				0
usr/lib/mios/agent-pipe/server.py	1300	1303	4	45	bb4158db9d4e	STAY	midsize-why		0				0
usr/lib/mios/agent-pipe/server.py	1321	1321	1	2	8fd01c634ab8	STAY	inline-scoped		0				0
usr/lib/mios/agent-pipe/server.py	1403	1403	1	2	8fd01c634ab8	STAY	inline-scoped		0				0
usr/lib/mios/agent-pipe/server.py	1420	1421	2	22	004528d84de4	STAY	local-scoped		0				0
usr/lib/mios/agent-pipe/server.py	1424	1424	1	2	f56ee1e18c22	STAY	inline-scoped		0				0
usr/lib/mios/agent-pipe/server.py	1428	1428	1	2	8fd01c634ab8	STAY	inline-scoped		0				0
usr/lib/mios/agent-pipe/server.py	1449	1449	1	9	fe4825617d26	STAY	inline-scoped		0				0
usr/lib/mios/agent-pipe/server.py	1459	1459	1	12	ff0b19b6b292	STAY	local-scoped		0				0
usr/lib/mios/agent-pipe/server.py	1467	1467	1	7	9d4582b3b7cc	STAY	inline-scoped		0				0
usr/lib/mios/agent-pipe/server.py	1475	1487	13	85	ff8dc1247235	MIGRATE	narrative-rationale		0				0
usr/lib/mios/agent-pipe/server.py	1529	1529	1	8	6e595469df08	STAY	inline-scoped		0				0
usr/lib/mios/agent-pipe/server.py	1539	1544	6	55	3db845183ebd	MIGRATE	narrative-rationale		0				0
usr/lib/mios/agent-pipe/server.py	1556	1556	1	2	8fd01c634ab8	STAY	inline-scoped		0				0
usr/lib/mios/agent-pipe/server.py	1565	1566	2	21	0c613baa9a1c	STAY	local-scoped		0				0
usr/lib/mios/agent-pipe/server.py	1573	1573	1	2	8fd01c634ab8	STAY	inline-scoped		0				0
usr/lib/mios/agent-pipe/server.py	1581	1581	1	2	8fd01c634ab8	STAY	inline-scoped		0				0
usr/lib/mios/agent-pipe/server.py	1587	1587	1	2	8fd01c634ab8	STAY	inline-scoped		0				0
usr/lib/mios/agent-pipe/server.py	1593	1593	1	2	8fd01c634ab8	STAY	inline-scoped		0				0
usr/lib/mios/agent-pipe/server.py	1598	1598	1	2	8fd01c634ab8	STAY	inline-scoped		0				0
usr/lib/mios/agent-pipe/server.py	1601	1601	1	2	8fd01c634ab8	STAY	inline-scoped		0				0
usr/lib/mios/agent-pipe/server.py	1606	1606	1	2	8fd01c634ab8	STAY	inline-scoped		0				0
usr/lib/mios/agent-pipe/server.py	1609	1609	1	2	8fd01c634ab8	STAY	inline-scoped		0				0
usr/lib/mios/agent-pipe/server.py	1619	1619	1	2	8fd01c634ab8	STAY	inline-scoped		0				0
usr/lib/mios/agent-pipe/server.py	1622	1622	1	2	8fd01c634ab8	STAY	inline-scoped		0				0
usr/lib/mios/agent-pipe/server.py	1647	1647	1	2	8fd01c634ab8	STAY	inline-scoped		0				0
usr/lib/mios/agent-pipe/server.py	1666	1666	1	2	8fd01c634ab8	STAY	inline-scoped		0				0
usr/lib/mios/agent-pipe/server.py	1701	1701	1	2	8fd01c634ab8	STAY	inline-scoped		0				0
usr/lib/mios/agent-pipe/server.py	1711	1711	1	2	8fd01c634ab8	STAY	inline-scoped		0				0
usr/lib/mios/agent-pipe/server.py	1762	1762	1	9	f3feafac47fb	STAY	inline-scoped		0				0
usr/lib/mios/agent-pipe/server.py	1878	1879	2	19	633ccc24edf9	STAY	local-scoped		0				0
usr/lib/mios/agent-pipe/server.py	1919	1919	1	4	80b2fbff98f0	STAY	inline-scoped		0				0
usr/lib/mios/agent-pipe/server.py	1921	1921	1	4	9105d79fe628	STAY	inline-scoped		0				0
usr/lib/mios/agent-pipe/server.py	1923	1923	1	5	a0a26d992a9b	STAY	inline-scoped		0				0
usr/lib/mios/agent-pipe/server.py	1925	1925	1	9	ea326d7a34b0	STAY	inline-scoped		0				0
usr/lib/mios/agent-pipe/server.py	1927	1927	1	2	3e4eb6d9576c	STAY	inline-scoped		0				0
usr/lib/mios/agent-pipe/server.py	1928	1928	1	2	8fd01c634ab8	STAY	inline-scoped		0				0
usr/lib/mios/agent-pipe/server.py	1974	1981	8	80	dd28ae032739	MIGRATE	narrative-history		0				0
usr/lib/mios/agent-pipe/server.py	1987	1987	1	9	68ae9a1c3b31	STAY	inline-scoped		0				0
usr/lib/mios/agent-pipe/server.py	2045	2045	1	2	8fd01c634ab8	STAY	inline-scoped		0				0
usr/lib/mios/agent-pipe/server.py	2052	2052	1	4	226bb09a3d72	STAY	inline-scoped		0				0
usr/lib/mios/agent-pipe/server.py	2062	2066	5	44	62ba2a7d21ba	STAY	midsize-why		0				0
usr/lib/mios/agent-pipe/server.py	2099	2099	1	2	8fd01c634ab8	STAY	inline-scoped		0				0
usr/lib/mios/agent-pipe/server.py	2106	2106	1	2	8fd01c634ab8	STAY	inline-scoped		0				0
usr/lib/mios/agent-pipe/server.py	2139	2146	8	77	9b2aa36feb47	MIGRATE	narrative-rationale		0				0
usr/lib/mios/agent-pipe/server.py	2197	2197	1	3	9d23a76185cb	STAY	inline-scoped		0				0
usr/lib/mios/agent-pipe/server.py	2204	2204	1	4	812f0f2d561e	STAY	inline-scoped		0				0
usr/lib/mios/agent-pipe/server.py	2364	2364	1	2	8fd01c634ab8	STAY	inline-scoped		0				0
usr/lib/mios/agent-pipe/server.py	2417	2417	1	2	8fd01c634ab8	STAY	inline-scoped		0				0
usr/lib/mios/agent-pipe/server.py	2477	2477	1	7	2314e20768b0	STAY	local-scoped		0				0
usr/lib/mios/agent-pipe/server.py	2510	2510	1	3	240fa1f7442d	STAY	inline-scoped		0				0
usr/lib/mios/agent-pipe/server.py	2515	2515	1	2	8fd01c634ab8	STAY	inline-scoped		0				0
usr/lib/mios/agent-pipe/server.py	2541	2541	1	2	8fd01c634ab8	STAY	inline-scoped		0				0
usr/lib/mios/agent-pipe/server.py	2612	2612	1	2	8fd01c634ab8	STAY	inline-scoped		0				0
usr/lib/mios/agent-pipe/server.py	2629	2629	1	8	18a0c715da22	STAY	local-scoped		0				0
usr/lib/mios/agent-pipe/server.py	2639	2644	6	59	e22ba496b5a5	MIGRATE	narrative-history		0				0
usr/lib/mios/agent-pipe/server.py	2654	2654	1	7	368152987275	STAY	inline-scoped		0				0
usr/lib/mios/agent-pipe/server.py	2660	2667	8	85	fa6a8d52a398	MIGRATE	narrative-history		0				0
usr/lib/mios/agent-pipe/server.py	2699	2699	1	6	7d32319af1c8	STAY	inline-scoped		0				0
usr/lib/mios/agent-pipe/server.py	2704	2704	1	2	8fd01c634ab8	STAY	inline-scoped		0				0
usr/lib/mios/agent-pipe/server.py	2755	2755	1	2	8fd01c634ab8	STAY	inline-scoped		0				0
usr/lib/mios/agent-pipe/server.py	2779	2779	1	2	8fd01c634ab8	STAY	inline-scoped		0				0
usr/lib/mios/agent-pipe/server.py	2782	2782	1	2	8fd01c634ab8	STAY	inline-scoped		0				0
usr/lib/mios/agent-pipe/server.py	2787	2787	1	2	8fd01c634ab8	STAY	inline-scoped		0				0
usr/lib/mios/agent-pipe/server.py	2798	2798	1	2	8fd01c634ab8	STAY	inline-scoped		0				0
usr/lib/mios/agent-pipe/server.py	2810	2810	1	8	c4d7452b81e8	STAY	inline-scoped		0				0
usr/lib/mios/agent-pipe/server.py	2828	2828	1	2	8fd01c634ab8	STAY	inline-scoped		0				0
usr/lib/mios/agent-pipe/server.py	2911	2911	1	2	8fd01c634ab8	STAY	inline-scoped		0				0
usr/lib/mios/agent-pipe/server.py	2912	2912	1	4	226bb09a3d72	STAY	inline-scoped		0				0
usr/lib/mios/agent-pipe/server.py	2915	2915	1	2	8fd01c634ab8	STAY	inline-scoped		0				0
usr/lib/mios/agent-pipe/server.py	2918	2918	1	2	8fd01c634ab8	STAY	inline-scoped		0				0
usr/lib/mios/agent-pipe/server.py	2927	2927	1	2	8fd01c634ab8	STAY	inline-scoped		0				0
usr/lib/mios/agent-pipe/server.py	2928	2928	1	2	8fd01c634ab8	STAY	inline-scoped		0				0
usr/lib/mios/agent-pipe/server.py	3034	3034	1	3	e8e99bdeb8db	STAY	inline-scoped		0				0
usr/lib/mios/agent-pipe/server.py	3048	3048	1	4	88433cddb9d9	STAY	inline-scoped		0				0
usr/lib/mios/agent-pipe/server.py	3049	3049	1	3	240fa1f7442d	STAY	inline-scoped		0				0
usr/lib/mios/agent-pipe/server.py	3052	3052	1	2	8fd01c634ab8	STAY	inline-scoped		0				0
usr/lib/mios/agent-pipe/server.py	3058	3058	1	2	8fd01c634ab8	STAY	inline-scoped		0				0
usr/lib/mios/agent-pipe/server.py	3089	3089	1	8	b11ae8f0fa0a	STAY	local-scoped		0				0
usr/lib/mios/agent-pipe/server.py	3094	3094	1	2	f56ee1e18c22	STAY	inline-scoped		0				0
usr/lib/mios/agent-pipe/server.py	3103	3103	1	2	8fd01c634ab8	STAY	inline-scoped		0				0
usr/lib/mios/agent-pipe/server.py	3162	3164	3	23	adb8b8bcc2ff	STAY	midsize-why		0				0
usr/lib/mios/agent-pipe/server.py	3165	3165	1	2	8fd01c634ab8	STAY	inline-scoped		0				0
usr/lib/mios/agent-pipe/server.py	3196	3196	1	13	9d699120dcf3	STAY	local-scoped		0				0
usr/lib/mios/agent-pipe/server.py	3203	3204	2	22	8af7319701d0	STAY	local-scoped		0				0
usr/lib/mios/agent-pipe/server.py	3209	3209	1	2	f56ee1e18c22	STAY	inline-scoped		0				0
usr/lib/mios/agent-pipe/server.py	3215	3216	2	20	4f362e503190	STAY	local-scoped		0				0
usr/lib/mios/agent-pipe/server.py	3226	3226	1	2	f56ee1e18c22	STAY	inline-scoped		0				0
usr/lib/mios/agent-pipe/server.py	3234	3235	2	23	46234c2bd2df	STAY	local-scoped		0				0
usr/lib/mios/agent-pipe/server.py	3243	3243	1	2	f56ee1e18c22	STAY	inline-scoped		0				0
usr/lib/mios/agent-pipe/server.py	3252	3252	1	2	f56ee1e18c22	STAY	inline-scoped		0				0
usr/lib/mios/agent-pipe/server.py	3258	3259	2	20	75fe44f99095	STAY	local-scoped		0				0
usr/lib/mios/agent-pipe/server.py	3268	3268	1	2	f56ee1e18c22	STAY	inline-scoped		0				0
usr/lib/mios/agent-pipe/server.py	3274	3275	2	17	69e69656715e	STAY	local-scoped		0				0
usr/lib/mios/agent-pipe/server.py	3281	3281	1	2	f56ee1e18c22	STAY	inline-scoped		0				0
usr/lib/mios/agent-pipe/server.py	3294	3295	2	19	67645df33459	STAY	local-scoped		0				0
usr/lib/mios/agent-pipe/server.py	3323	3335	13	109	b9fb8897a488	MIGRATE	narrative-history		0				0
usr/lib/mios/agent-pipe/server.py	3338	3338	1	10	bd3fe96cd627	STAY	inline-scoped		0				0
usr/lib/mios/agent-pipe/server.py	3428	3429	2	20	39d355a25da7	STAY	local-scoped		0				0
usr/lib/mios/agent-pipe/server.py	3460	3460	1	5	bf4b6e69b85f	STAY	inline-scoped		0				0
usr/lib/mios/agent-pipe/server.py	3461	3461	1	4	2b20672ed852	STAY	inline-scoped		0				0
usr/lib/mios/agent-pipe/server.py	3462	3462	1	3	952343b05037	STAY	inline-scoped		0				0
usr/lib/mios/agent-pipe/server.py	3463	3463	1	4	da826c031432	STAY	inline-scoped		0				0
usr/lib/mios/agent-pipe/server.py	3464	3464	1	4	cee33ac4adde	STAY	inline-scoped		0				0
usr/lib/mios/agent-pipe/server.py	3484	3486	3	37	34ce81a9651d	MIGRATE	midsize-narrative		0				0
usr/lib/mios/agent-pipe/server.py	3491	3491	1	4	3dea569ac57e	STAY	inline-scoped		0				0
usr/lib/mios/agent-pipe/server.py	3492	3492	1	2	f56ee1e18c22	STAY	inline-scoped		0				0
usr/lib/mios/agent-pipe/server.py	3507	3507	1	1	93997fe8a812	DROP	banner		0				0
usr/lib/mios/agent-pipe/server.py	3509	3509	1	1	da3508145559	DROP	banner		0				0
usr/lib/mios/agent-pipe/server.py	3511	3511	1	1	59fb47b55eda	DROP	banner		0				0
usr/lib/mios/agent-pipe/server.py	3513	3513	1	2	15b8c5a7998f	STAY	inline-scoped		0				0
usr/lib/mios/agent-pipe/server.py	3514	3514	1	4	68c1f2b6a471	STAY	inline-scoped		0				0
usr/lib/mios/agent-pipe/server.py	3519	3520	2	15	2d5a69130afb	STAY	local-scoped		0				0
usr/lib/mios/agent-pipe/server.py	3559	3559	1	5	add33ba84899	STAY	inline-scoped		0				0
usr/lib/mios/agent-pipe/server.py	3562	3562	1	2	8fd01c634ab8	STAY	inline-scoped		0				0
usr/lib/mios/agent-pipe/server.py	3591	3591	1	1	630ba09448af	STAY	inline-scoped		0				0
usr/lib/mios/agent-pipe/server.py	3592	3592	1	1	4740ae6347b0	STAY	inline-scoped		0				0
usr/lib/mios/agent-pipe/server.py	3593	3593	1	1	04f8996da763	STAY	inline-scoped		0				0
usr/lib/mios/agent-pipe/server.py	3595	3595	1	5	67a1fb88edc5	STAY	inline-scoped		0				0
usr/lib/mios/agent-pipe/server.py	3596	3596	1	2	532aba799d7e	STAY	inline-scoped		0				0
usr/lib/mios/agent-pipe/server.py	3600	3600	1	2	f56ee1e18c22	STAY	inline-scoped		0				0
usr/lib/mios/agent-pipe/server.py	3609	3609	1	2	8fd01c634ab8	STAY	inline-scoped		0				0
usr/lib/mios/agent-pipe/server.py	3665	3667	3	35	a73868ba8924	MIGRATE	midsize-narrative		0				0
usr/lib/mios/agent-pipe/server.py	3688	3688	1	2	f56ee1e18c22	STAY	inline-scoped		0				0
usr/lib/mios/agent-pipe/server.py	3693	3693	1	8	72463c1417bd	STAY	inline-scoped		0				0
usr/lib/mios/agent-pipe/server.py	3694	3694	1	4	ce83a1cf8146	STAY	inline-scoped		0				0
usr/lib/mios/agent-pipe/server.py	3696	3696	1	2	f56ee1e18c22	STAY	inline-scoped		0				0
usr/lib/mios/agent-pipe/server.py	3699	3699	1	7	a44e38dab711	STAY	inline-scoped		0				0
usr/lib/mios/agent-pipe/server.py	3704	3704	1	2	8fd01c634ab8	STAY	inline-scoped		0				0
usr/lib/mios/agent-pipe/server.py	3723	3723	1	2	8fd01c634ab8	STAY	inline-scoped		0				0
usr/lib/mios/agent-pipe/server.py	3732	3732	1	2	8fd01c634ab8	STAY	inline-scoped		0				0
usr/lib/mios/agent-pipe/server.py	3759	3759	1	2	8fd01c634ab8	STAY	inline-scoped		0				0
usr/lib/mios/agent-pipe/server.py	3760	3760	1	3	240fa1f7442d	STAY	inline-scoped		0				0
usr/lib/mios/agent-pipe/server.py	3784	3786	3	28	89d6aa4525af	STAY	midsize-why		0				0
usr/lib/mios/agent-pipe/server.py	3825	3825	1	2	8fd01c634ab8	STAY	inline-scoped		0				0
usr/lib/mios/agent-pipe/server.py	3832	3832	1	2	8fd01c634ab8	STAY	inline-scoped		0				0
usr/lib/mios/agent-pipe/server.py	3885	3885	1	2	8fd01c634ab8	STAY	inline-scoped		0				0
usr/lib/mios/agent-pipe/server.py	4135	4135	1	2	8fd01c634ab8	STAY	inline-scoped		0				0
usr/lib/mios/agent-pipe/server.py	4180	4180	1	2	8fd01c634ab8	STAY	inline-scoped		0				0
usr/lib/mios/agent-pipe/server.py	4215	4215	1	2	8fd01c634ab8	STAY	inline-scoped		0				0
usr/lib/mios/agent-pipe/server.py	4246	4246	1	3	240fa1f7442d	STAY	inline-scoped		0				0
usr/lib/mios/agent-pipe/server.py	4273	4273	1	7	1a7f20610a09	STAY	inline-scoped		0				0
usr/lib/mios/agent-pipe/server.py	4288	4288	1	8	5c532f742309	STAY	inline-scoped		0				0
usr/lib/mios/agent-pipe/server.py	4309	4309	1	6	30858d7b4ed8	STAY	inline-scoped		0				0
usr/lib/mios/agent-pipe/server.py	4318	4318	1	8	81795f862812	STAY	inline-scoped		0				0
usr/lib/mios/agent-pipe/server.py	4395	4397	3	29	a2dca7e98124	STAY	midsize-why		0				0
usr/lib/mios/agent-pipe/server.py	4406	4406	1	2	8fd01c634ab8	STAY	inline-scoped		0				0
usr/lib/mios/agent-pipe/server.py	4431	4431	1	2	8fd01c634ab8	STAY	inline-scoped		0				0
usr/lib/mios/agent-pipe/server.py	4517	4517	1	2	8fd01c634ab8	STAY	inline-scoped		0				0
usr/lib/mios/agent-pipe/server.py	4523	4523	1	2	8fd01c634ab8	STAY	inline-scoped		0				0
usr/lib/mios/agent-pipe/server.py	4837	4837	1	2	8fd01c634ab8	STAY	inline-scoped		0				0
usr/lib/mios/agent-pipe/server.py	4844	4844	1	2	8fd01c634ab8	STAY	inline-scoped		0				0
usr/lib/mios/agent-pipe/server.py	4847	4847	1	2	8fd01c634ab8	STAY	inline-scoped		0				0
usr/lib/mios/agent-pipe/server.py	4850	4850	1	2	8fd01c634ab8	STAY	inline-scoped		0				0
usr/lib/mios/agent-pipe/server.py	4853	4853	1	2	8fd01c634ab8	STAY	inline-scoped		0				0
usr/lib/mios/agent-pipe/server.py	4862	4862	1	2	8fd01c634ab8	STAY	inline-scoped		0				0
usr/lib/mios/agent-pipe/test_lora_endpoints.py	1	3	3	14	b0ade79dad7d	STAY	ai-header		0				0
usr/lib/mios/agent-pipe/test_mios_a2a.py	1	2	2	14	d12b54aafd72	STAY	ai-header		0				0
usr/lib/mios/agent-pipe/test_mios_a2a.py	3	3	1	11	109d776d39ed	STAY	local-scoped		0				0
usr/lib/mios/agent-pipe/test_mios_a2a.py	86	86	1	2	7eac85c93c34	DROP	commented-out-code		0				0
usr/lib/mios/agent-pipe/test_mios_a2a.py	95	99	5	34	77e2ebc11ce7	STAY	midsize-why		0				0
usr/lib/mios/agent-pipe/test_mios_a2a.py	125	125	1	6	b1d8bf421963	STAY	inline-scoped		0				0
usr/lib/mios/agent-pipe/test_mios_a2a.py	142	142	1	5	8f6cd21865a7	STAY	inline-scoped		0				0
usr/lib/mios/agent-pipe/test_mios_a2a.py	147	153	7	78	606e0131d1ae	MIGRATE	narrative-history		0				0
usr/lib/mios/agent-pipe/test_mios_a2a.py	160	160	1	9	7101608d8280	STAY	inline-scoped		0				0
usr/lib/mios/agent-pipe/test_mios_a2a.py	179	179	1	4	b014e3aadad4	STAY	inline-scoped		0				0
usr/lib/mios/agent-pipe/test_mios_a2a.py	180	180	1	5	497548357883	STAY	inline-scoped		0				0
usr/lib/mios/agent-pipe/test_mios_a2a.py	200	200	1	5	8330badc0e61	STAY	inline-scoped		0				0
usr/lib/mios/agent-pipe/test_mios_a2a.py	295	295	1	2	fc855ed00bd6	STAY	inline-scoped		0				0
usr/lib/mios/agent-pipe/test_mios_a2a.py	296	296	1	6	98f46ec198cd	STAY	inline-scoped		0				0
usr/lib/mios/agent-pipe/test_mios_a2a.py	333	333	1	10	64f324762115	STAY	local-scoped		0				0
usr/lib/mios/agent-pipe/test_mios_a2a.py	345	345	1	12	bd172293971e	STAY	local-scoped		0				0
usr/lib/mios/agent-pipe/test_mios_a2a.py	356	356	1	10	dfb5205d1770	STAY	local-scoped		0				0
usr/lib/mios/agent-pipe/test_mios_a2a.py	466	466	1	11	7d16d8205318	STAY	local-scoped		0				0
usr/lib/mios/agent-pipe/test_mios_a2a.py	479	481	3	30	c00f6a29ffe7	STAY	midsize-why		0				0
usr/lib/mios/agent-pipe/test_mios_a2a.py	513	513	1	6	407536f4fbc5	STAY	inline-scoped		0				0
usr/lib/mios/agent-pipe/test_mios_a2a.py	515	515	1	1	eabc01f12ec3	DROP	banner		0				0
usr/lib/mios/agent-pipe/test_mios_a2a.py	527	527	1	1	eabc01f12ec3	DROP	banner		0				0
usr/lib/mios/agent-pipe/test_mios_a2a.py	535	535	1	1	20cd938a2ea6	DROP	banner		0				0
usr/lib/mios/agent-pipe/test_mios_a2a.py	550	550	1	1	eabc01f12ec3	DROP	banner		0				0
usr/lib/mios/agent-pipe/test_mios_a2a.py	551	551	1	2	265043dca9fa	STAY	inline-scoped		0				0
usr/lib/mios/agent-pipe/test_mios_a2a.py	557	558	2	26	3ed4e4ce618c	STAY	midsize-why		0				0
usr/lib/mios/agent-pipe/test_mios_a2a.py	591	591	1	8	ca77fd3d4beb	STAY	inline-scoped		0				0
usr/lib/mios/agent-pipe/test_mios_a2a.py	598	598	1	3	d6828a204a0e	STAY	inline-scoped		0				0
usr/lib/mios/agent-pipe/test_mios_a2a.py	607	607	1	2	f62f64cf5437	STAY	inline-scoped		0				0
usr/lib/mios/agent-pipe/test_mios_a2a.py	622	622	1	2	1e116d2c5d6a	STAY	inline-scoped		0				0
usr/lib/mios/agent-pipe/test_mios_a2a_client.py	1	2	2	14	0ef41eb79cef	STAY	ai-header		0				0
usr/lib/mios/agent-pipe/test_mios_a2a_client.py	3	3	1	11	6ff70ff7d48f	STAY	local-scoped		0				0
usr/lib/mios/agent-pipe/test_mios_a2a_client.py	21	21	1	10	584203598300	STAY	local-scoped		0				0
usr/lib/mios/agent-pipe/test_mios_a2a_client.py	47	47	1	13	c450c7e68b16	STAY	local-scoped		0				0
usr/lib/mios/agent-pipe/test_mios_a2a_client.py	112	112	1	2	f64294bb9417	STAY	inline-scoped		0				0
usr/lib/mios/agent-pipe/test_mios_a2a_client.py	178	178	1	3	ebcf24dc8f72	STAY	inline-scoped		0				0
usr/lib/mios/agent-pipe/test_mios_a2a_client.py	217	218	2	17	5d2b59503158	STAY	local-scoped		0				0
usr/lib/mios/agent-pipe/test_mios_a2a_client.py	231	232	2	19	6210575ec3f5	STAY	local-scoped		0				0
usr/lib/mios/agent-pipe/test_mios_a2a_client.py	235	235	1	5	90ae7c003a3c	STAY	inline-scoped		0				0
usr/lib/mios/agent-pipe/test_mios_a2a_loopback.py	1	3	3	20	341a4e39bea9	STAY	ai-header		0				0
usr/lib/mios/agent-pipe/test_mios_a2a_loopback.py	4	10	6	44	69d603946b75	MIGRATE	narrative-rationale		0				0
usr/lib/mios/agent-pipe/test_mios_a2a_passport.py	1	2	2	22	f8769dd15891	STAY	ai-header		0				0
usr/lib/mios/agent-pipe/test_mios_a2a_passport.py	3	12	9	60	4f4d61c2c0e4	MIGRATE	narrative-history		0				0
usr/lib/mios/agent-pipe/test_mios_a2a_passport.py	39	39	1	3	cb923856c152	STAY	inline-scoped		0				0
usr/lib/mios/agent-pipe/test_mios_a2a_principal.py	1	3	3	20	8bda3e11e6d3	STAY	ai-header		0				0
usr/lib/mios/agent-pipe/test_mios_a2a_principal.py	4	4	1	9	663a4ebf925e	STAY	local-scoped		0				0
usr/lib/mios/agent-pipe/test_mios_a2a_principal.py	26	26	1	10	b173581d4288	STAY	local-scoped		0				0
usr/lib/mios/agent-pipe/test_mios_a2a_principal.py	32	32	1	5	24cf11dfa7b6	STAY	local-scoped		0				0
usr/lib/mios/agent-pipe/test_mios_a2a_principal.py	37	37	1	7	47e12052e18b	STAY	local-scoped		0				0
usr/lib/mios/agent-pipe/test_mios_a2a_principal.py	120	120	1	9	bc93c91964e3	STAY	local-scoped		0				0
usr/lib/mios/agent-pipe/test_mios_a2a_principal.py	169	170	2	22	4d94f2e84542	STAY	local-scoped		0				0
usr/lib/mios/agent-pipe/test_mios_a2a_principal.py	174	174	1	6	1fb43f8e5b7b	STAY	inline-scoped		0				0
usr/lib/mios/agent-pipe/test_mios_a2a_principal.py	200	200	1	11	1a44da35570e	STAY	local-scoped		0				0
usr/lib/mios/agent-pipe/test_mios_a2a_principal.py	217	217	1	12	0e50b9ebc611	STAY	local-scoped		0				0
usr/lib/mios/agent-pipe/test_mios_a2a_principal.py	290	291	2	19	1c5d15345166	STAY	local-scoped		0				0
usr/lib/mios/agent-pipe/test_mios_a2a_principal.py	295	295	1	9	7101608d8280	STAY	inline-scoped		0				0
usr/lib/mios/agent-pipe/test_mios_account_sync.py	1	2	2	10	f24c4af630a2	STAY	ai-header		0				0
usr/lib/mios/agent-pipe/test_mios_account_sync.py	77	77	1	3	aa59f4a39e83	STAY	inline-scoped		0				0
usr/lib/mios/agent-pipe/test_mios_aci.py	1	2	2	22	43b95686ebe9	STAY	ai-header		0				0
usr/lib/mios/agent-pipe/test_mios_aci.py	3	6	3	17	f55251b5f0a8	STAY	midsize-why		0				0
usr/lib/mios/agent-pipe/test_mios_aci.py	30	30	1	2	3eb282c4e316	STAY	inline-scoped		0				0
usr/lib/mios/agent-pipe/test_mios_admission.py	1	1	1	5	477f112198cc	STAY	ai-header		0				0
usr/lib/mios/agent-pipe/test_mios_admission.py	2	2	1	9	5ea7a03c0c56	STAY	local-scoped		0				0
usr/lib/mios/agent-pipe/test_mios_agent_call.py	1	4	4	16	4c450b898c44	STAY	ai-header		0				0
usr/lib/mios/agent-pipe/test_mios_agent_call.py	5	5	1	8	250cbc72f98c	STAY	local-scoped		0				0
usr/lib/mios/agent-pipe/test_mios_agent_call.py	41	41	1	8	a9ec9e3746f0	STAY	local-scoped		0				0
usr/lib/mios/agent-pipe/test_mios_agent_call.py	55	55	1	9	f9de9ef14369	STAY	local-scoped		0				0
usr/lib/mios/agent-pipe/test_mios_agent_call.py	73	73	1	10	309ba5701738	STAY	local-scoped		0				0
usr/lib/mios/agent-pipe/test_mios_agent_call.py	96	96	1	7	64a3dce47a74	STAY	inline-scoped		0				0
usr/lib/mios/agent-pipe/test_mios_agent_call.py	214	214	1	2	c2ed02f4f584	STAY	inline-scoped		0				0
usr/lib/mios/agent-pipe/test_mios_agent_call.py	219	219	1	2	b8fe1a79be76	STAY	inline-scoped		0				0
usr/lib/mios/agent-pipe/test_mios_agent_call.py	338	338	1	8	43e6de46d58a	STAY	local-scoped		0				0
usr/lib/mios/agent-pipe/test_mios_agent_call.py	442	442	1	3	a94793c1b9f8	STAY	inline-scoped		0				0
usr/lib/mios/agent-pipe/test_mios_agent_call.py	443	443	1	3	d3245ccb7868	STAY	inline-scoped		0				0
usr/lib/mios/agent-pipe/test_mios_agentcard_sign.py	1	2	2	9	0cb0a43643bc	STAY	ai-header		0				0
usr/lib/mios/agent-pipe/test_mios_agentcard_sign.py	3	3	1	4	4e6646d28851	STAY	local-scoped		0				0
usr/lib/mios/agent-pipe/test_mios_agentcard_sign.py	21	21	1	8	cc18aaef0028	STAY	local-scoped		0				0
usr/lib/mios/agent-pipe/test_mios_agentreg.py	1	3	3	19	2d296c156b93	STAY	ai-header		0				0
usr/lib/mios/agent-pipe/test_mios_agentreg.py	4	4	1	7	0f25d134d2f5	STAY	local-scoped		0				0
usr/lib/mios/agent-pipe/test_mios_agentreg.py	76	76	1	4	79bea1ed3bdf	STAY	inline-scoped		0				0
usr/lib/mios/agent-pipe/test_mios_agentreg.py	97	97	1	3	e42f92472563	STAY	inline-scoped		0				0
usr/lib/mios/agent-pipe/test_mios_agentreg.py	151	152	2	25	bcd7bde65d20	STAY	local-scoped		0				0
usr/lib/mios/agent-pipe/test_mios_agentreg.py	201	201	1	4	88226006e5c5	STAY	inline-scoped		0				0
usr/lib/mios/agent-pipe/test_mios_agentreg.py	202	202	1	4	892b582695cd	STAY	inline-scoped		0				0
usr/lib/mios/agent-pipe/test_mios_agentreg.py	203	203	1	2	df3ab073061f	STAY	inline-scoped		0				0
usr/lib/mios/agent-pipe/test_mios_agentreg.py	205	205	1	3	4258c596f45d	STAY	inline-scoped		0				0
usr/lib/mios/agent-pipe/test_mios_agentreg.py	206	206	1	5	89b7b3778443	STAY	inline-scoped		0				0
usr/lib/mios/agent-pipe/test_mios_agentreg.py	220	220	1	3	b7c62cf5e204	STAY	inline-scoped		0				0
usr/lib/mios/agent-pipe/test_mios_agentreg.py	224	224	1	5	ce0716ecfbd7	STAY	inline-scoped		0				0
usr/lib/mios/agent-pipe/test_mios_ai_manifest.py	1	3	3	19	d559fca1e7c6	STAY	ai-header		0				0
usr/lib/mios/agent-pipe/test_mios_ai_manifest.py	4	4	1	5	5ad2a5dac273	STAY	local-scoped		0				0
usr/lib/mios/agent-pipe/test_mios_antifab.py	1	2	2	16	a452aace7807	STAY	ai-header		0				0
usr/lib/mios/agent-pipe/test_mios_antifab.py	3	3	1	8	19e609f1bacb	STAY	local-scoped		0				0
usr/lib/mios/agent-pipe/test_mios_antifab.py	23	24	2	22	d0ed91d24260	STAY	local-scoped		0				0
usr/lib/mios/agent-pipe/test_mios_antifab.py	65	65	1	8	9b2ee810e54d	STAY	inline-scoped		0				0
usr/lib/mios/agent-pipe/test_mios_antifab.py	73	73	1	5	2a86ef444eb4	STAY	inline-scoped		0				0
usr/lib/mios/agent-pipe/test_mios_applet_webresearch.py	1	1	1	2	c8a5e92d1c7b	STAY	local-scoped		0				0
usr/lib/mios/agent-pipe/test_mios_applet_webresearch.py	2	2	1	8	fe03ae0ac088	STAY	local-scoped		0				0
usr/lib/mios/agent-pipe/test_mios_applet_webresearch.py	9	9	1	2	8fd01c634ab8	STAY	inline-scoped		0				0
usr/lib/mios/agent-pipe/test_mios_applet_webresearch.py	81	81	1	2	f56ee1e18c22	STAY	inline-scoped		0				0
usr/lib/mios/agent-pipe/test_mios_approutes.py	1	3	3	22	7539277055df	STAY	ai-header		0				0
usr/lib/mios/agent-pipe/test_mios_approutes.py	4	5	2	24	0d25cbeccd35	STAY	local-scoped		0				0
usr/lib/mios/agent-pipe/test_mios_approutes.py	18	18	1	8	87bcb8c402ba	STAY	inline-scoped		0				0
usr/lib/mios/agent-pipe/test_mios_approutes.py	24	25	2	23	0c4a329d6883	STAY	local-scoped		0				0
usr/lib/mios/agent-pipe/test_mios_approutes.py	36	43	8	85	fd58fad5ea1e	MIGRATE	narrative-rationale		0				0
usr/lib/mios/agent-pipe/test_mios_approutes.py	56	58	3	35	0513811c5222	STAY	midsize-why		0				0
usr/lib/mios/agent-pipe/test_mios_approutes.py	64	66	3	31	9d8acf6a660a	STAY	midsize-why		0				0
usr/lib/mios/agent-pipe/test_mios_approutes.py	72	76	5	52	20338cfdaa48	MIGRATE	midsize-narrative		0				0
usr/lib/mios/agent-pipe/test_mios_approutes.py	79	79	1	9	85c7dcfa54e4	STAY	inline-scoped		0				0
usr/lib/mios/agent-pipe/test_mios_approutes.py	88	92	5	59	c5279c242d5c	STAY	midsize-why		0				0
usr/lib/mios/agent-pipe/test_mios_approutes.py	122	125	4	47	cad13db275d4	STAY	midsize-why		0				0
usr/lib/mios/agent-pipe/test_mios_approutes.py	137	139	3	32	04d813be3e09	STAY	midsize-why		0				0
usr/lib/mios/agent-pipe/test_mios_approutes.py	149	149	1	9	17df28455d22	STAY	inline-scoped		0				0
usr/lib/mios/agent-pipe/test_mios_approutes.py	153	153	1	8	bfefb073de32	STAY	inline-scoped		0				0
usr/lib/mios/agent-pipe/test_mios_approutes.py	159	159	1	7	513b0a30fa54	STAY	inline-scoped		0				0
usr/lib/mios/agent-pipe/test_mios_approutes.py	166	169	4	34	73c2058ef548	STAY	midsize-why		0				0
usr/lib/mios/agent-pipe/test_mios_approutes.py	176	178	3	28	f819079d805d	STAY	midsize-why		0				0
usr/lib/mios/agent-pipe/test_mios_approutes.py	185	187	3	33	39ef1ebefea0	STAY	midsize-why		0				0
usr/lib/mios/agent-pipe/test_mios_arbiter.py	1	3	3	20	de30fd5627ad	STAY	ai-header		0				0
usr/lib/mios/agent-pipe/test_mios_arbiter.py	4	4	1	5	42acf74756c7	STAY	local-scoped		0				0
usr/lib/mios/agent-pipe/test_mios_arbiter.py	40	40	1	4	174810957f68	STAY	inline-scoped		0				0
usr/lib/mios/agent-pipe/test_mios_argval.py	1	3	3	19	04b87d6786c3	STAY	ai-header		0				0
usr/lib/mios/agent-pipe/test_mios_audit.py	1	3	3	16	506b778f3c8c	STAY	ai-header		0				0
usr/lib/mios/agent-pipe/test_mios_audit.py	4	4	1	9	fa42179724f6	STAY	local-scoped		0				0
usr/lib/mios/agent-pipe/test_mios_audit.py	14	15	2	24	db7d78f7f4fc	STAY	local-scoped		0				0
usr/lib/mios/agent-pipe/test_mios_audit.py	27	27	1	5	0efecf040b5e	STAY	inline-scoped		0				0
usr/lib/mios/agent-pipe/test_mios_audit.py	40	42	3	24	fb3191e8ba71	STAY	midsize-why		0				0
usr/lib/mios/agent-pipe/test_mios_audit.py	63	64	2	16	13d732d79777	STAY	local-scoped		0				0
usr/lib/mios/agent-pipe/test_mios_audit.py	69	69	1	4	1639a8b531a1	STAY	inline-scoped		0				0
usr/lib/mios/agent-pipe/test_mios_audit.py	73	73	1	6	3bf8eeeb1f5a	STAY	inline-scoped		0				0
usr/lib/mios/agent-pipe/test_mios_audit.py	76	76	1	10	6b041e11c32c	STAY	local-scoped		0				0
usr/lib/mios/agent-pipe/test_mios_audit.py	86	86	1	10	7f96c0f7fb87	STAY	local-scoped		0				0
usr/lib/mios/agent-pipe/test_mios_audit.py	89	89	1	4	429e6487811a	STAY	inline-scoped		0				0
usr/lib/mios/agent-pipe/test_mios_audit.py	95	96	2	17	7b97f60798a1	STAY	local-scoped		0				0
usr/lib/mios/agent-pipe/test_mios_audit.py	105	109	5	63	7d84c8799dae	MIGRATE	narrative-rationale		0				0
usr/lib/mios/agent-pipe/test_mios_audit.py	111	111	1	4	50f68bf41e2c	STAY	inline-scoped		0				0
usr/lib/mios/agent-pipe/test_mios_audit.py	125	126	2	19	290d690292e4	STAY	local-scoped		0				0
usr/lib/mios/agent-pipe/test_mios_audit.py	129	129	1	3	71ffde560d09	STAY	inline-scoped		0				0
usr/lib/mios/agent-pipe/test_mios_audit.py	137	138	2	17	2fbfbb0a481e	STAY	local-scoped		0				0
usr/lib/mios/agent-pipe/test_mios_audit.py	148	149	2	18	40cc9f84f7f4	STAY	local-scoped		0				0
usr/lib/mios/agent-pipe/test_mios_audit.py	150	150	1	2	146fab8c5934	STAY	inline-scoped		0				0
usr/lib/mios/agent-pipe/test_mios_auth.py	1	1	1	5	26f873d8c6ac	STAY	ai-header		0				0
usr/lib/mios/agent-pipe/test_mios_authn.py	1	1	1	5	2c48ce356880	STAY	ai-header		0				0
usr/lib/mios/agent-pipe/test_mios_authn.py	2	2	1	8	4e96bc4805fb	STAY	local-scoped		0				0
usr/lib/mios/agent-pipe/test_mios_batch.py	1	3	3	18	f6b5129ebc46	STAY	ai-header		0				0
usr/lib/mios/agent-pipe/test_mios_batch.py	4	4	1	5	45142223ea39	STAY	local-scoped		0				0
usr/lib/mios/agent-pipe/test_mios_batch.py	29	29	1	5	40bc4ae306ca	STAY	inline-scoped		0				0
usr/lib/mios/agent-pipe/test_mios_bench.py	1	3	3	19	92d887d9cfb1	STAY	ai-header		0				0
usr/lib/mios/agent-pipe/test_mios_bench.py	4	4	1	10	39f69679355f	STAY	local-scoped		0				0
usr/lib/mios/agent-pipe/test_mios_bench.py	56	56	1	8	ddf3bee8e8e8	STAY	inline-scoped		0				0
usr/lib/mios/agent-pipe/test_mios_bench_harness.py	1	3	3	17	dde61d3167d7	STAY	ai-header		0				0
usr/lib/mios/agent-pipe/test_mios_bench_harness.py	76	76	1	3	9f9e7be43fcb	STAY	inline-scoped		0				0
usr/lib/mios/agent-pipe/test_mios_blades.py	1	3	3	17	94be7c0df6d6	STAY	ai-header		0				0
usr/lib/mios/agent-pipe/test_mios_blades.py	4	4	1	11	617adf60d330	STAY	local-scoped		0				0
usr/lib/mios/agent-pipe/test_mios_blades.py	22	22	1	10	605a18f6a3a0	STAY	local-scoped		0				0
usr/lib/mios/agent-pipe/test_mios_blades.py	37	37	1	6	b6703a237330	STAY	inline-scoped		0				0
usr/lib/mios/agent-pipe/test_mios_blades.py	62	62	1	4	d975a48afe36	STAY	inline-scoped		0				0
usr/lib/mios/agent-pipe/test_mios_blades.py	65	65	1	5	2e242e423813	STAY	inline-scoped		0				0
usr/lib/mios/agent-pipe/test_mios_blades.py	66	66	1	1	3514cf816e54	STAY	inline-scoped		0				0
usr/lib/mios/agent-pipe/test_mios_blades.py	85	85	1	2	16294a642d58	STAY	inline-scoped		0				0
usr/lib/mios/agent-pipe/test_mios_blades.py	86	86	1	3	96a9b34d0809	STAY	inline-scoped		0				0
usr/lib/mios/agent-pipe/test_mios_blades.py	87	87	1	1	389595a44dc9	STAY	inline-scoped		0				0
usr/lib/mios/agent-pipe/test_mios_blades.py	88	88	1	1	389595a44dc9	STAY	inline-scoped		0				0
usr/lib/mios/agent-pipe/test_mios_blades.py	118	120	3	38	8f93b1c9fa44	STAY	midsize-why		0				0
usr/lib/mios/agent-pipe/test_mios_blades.py	121	121	1	6	f3dfbb34cadb	STAY	inline-scoped		0				0
usr/lib/mios/agent-pipe/test_mios_blades.py	124	124	1	4	81bf57ebd4a7	STAY	inline-scoped		0				0
usr/lib/mios/agent-pipe/test_mios_blades.py	138	138	1	5	2710051c49d7	DROP	banner		0				0
usr/lib/mios/agent-pipe/test_mios_budget.py	1	1	1	10	8c4b50963932	STAY	ai-header		0				0
usr/lib/mios/agent-pipe/test_mios_capreg.py	1	3	3	20	80a0dde069bf	STAY	ai-header		0				0
usr/lib/mios/agent-pipe/test_mios_capreg.py	4	4	1	8	b31749292b40	STAY	local-scoped		0				0
usr/lib/mios/agent-pipe/test_mios_capreg.py	159	159	1	3	9789aee128fd	STAY	inline-scoped		0				0
usr/lib/mios/agent-pipe/test_mios_capreg.py	160	160	1	2	c41eb634e29a	STAY	inline-scoped		0				0
usr/lib/mios/agent-pipe/test_mios_capreg.py	161	161	1	1	c501935a6b2b	STAY	inline-scoped		0				0
usr/lib/mios/agent-pipe/test_mios_capreg.py	163	163	1	1	4ca2d821beb2	STAY	inline-scoped		0				0
usr/lib/mios/agent-pipe/test_mios_chat.py	1	3	3	18	85490ba5c6dc	STAY	ai-header		0				0
usr/lib/mios/agent-pipe/test_mios_chat.py	4	4	1	6	fb83994245b2	STAY	local-scoped		0				0
usr/lib/mios/agent-pipe/test_mios_chat.py	25	26	2	24	a331961996cc	STAY	local-scoped		0				0
usr/lib/mios/agent-pipe/test_mios_chat.py	35	36	2	21	72690d487ab0	STAY	local-scoped		0				0
usr/lib/mios/agent-pipe/test_mios_chat.py	50	50	1	8	985927a34b3a	STAY	local-scoped		0				0
usr/lib/mios/agent-pipe/test_mios_chat.py	68	69	2	23	e84792de9ddb	STAY	local-scoped		0				0
usr/lib/mios/agent-pipe/test_mios_chat.py	98	98	1	12	01305211c5d9	STAY	inline-scoped		0				0
usr/lib/mios/agent-pipe/test_mios_chat.py	107	107	1	11	41e63bb9c4ca	STAY	local-scoped		0				0
usr/lib/mios/agent-pipe/test_mios_chat.py	119	120	2	20	20a69363c095	STAY	local-scoped		0				0
usr/lib/mios/agent-pipe/test_mios_chat.py	147	148	2	20	4798d6289640	STAY	local-scoped		0				0
usr/lib/mios/agent-pipe/test_mios_chat.py	181	181	1	3	72d13e5a11ef	STAY	inline-scoped		0				0
usr/lib/mios/agent-pipe/test_mios_chat.py	259	259	1	9	9c45da64d95d	STAY	local-scoped		0				0
usr/lib/mios/agent-pipe/test_mios_chat.py	268	268	1	7	2552889879d5	STAY	local-scoped		0				0
usr/lib/mios/agent-pipe/test_mios_chat.py	317	320	4	38	f106c8012c22	STAY	midsize-why		0				0
usr/lib/mios/agent-pipe/test_mios_chat.py	366	367	2	18	f9df9be177d3	STAY	local-scoped		0				0
usr/lib/mios/agent-pipe/test_mios_chat.py	386	391	6	64	c27eef8e3ea2	MIGRATE	narrative-history		0				0
usr/lib/mios/agent-pipe/test_mios_chat.py	417	422	6	58	183e1948a3f8	MIGRATE	narrative-rationale		0				0
usr/lib/mios/agent-pipe/test_mios_classify.py	1	2	2	12	7921e5e30356	STAY	ai-header		0				0
usr/lib/mios/agent-pipe/test_mios_classify.py	3	3	1	6	075790b5e016	STAY	local-scoped		0				0
usr/lib/mios/agent-pipe/test_mios_classify.py	21	21	1	8	fc47e1e7136b	STAY	local-scoped		0				0
usr/lib/mios/agent-pipe/test_mios_classify.py	70	70	1	3	d3557209e744	STAY	inline-scoped		0				0
usr/lib/mios/agent-pipe/test_mios_clusterhealth.py	1	2	2	19	930e3f521524	STAY	ai-header		0				0
usr/lib/mios/agent-pipe/test_mios_clusterhealth.py	3	3	1	10	2a59bc0e2681	STAY	local-scoped		0				0
usr/lib/mios/agent-pipe/test_mios_clusterhealth.py	22	22	1	8	bac5f67d5afb	STAY	local-scoped		0				0
usr/lib/mios/agent-pipe/test_mios_clusterhealth.py	33	33	1	12	4bee57a04d98	STAY	local-scoped		0				0
usr/lib/mios/agent-pipe/test_mios_clusterhealth.py	52	52	1	9	aca6e6544d41	STAY	local-scoped		0				0
usr/lib/mios/agent-pipe/test_mios_clusterhealth.py	342	342	1	6	e750a858c897	STAY	inline-scoped		0				0
usr/lib/mios/agent-pipe/test_mios_codemode.py	1	2	2	22	2f2bfe83ac71	STAY	ai-header		0				0
usr/lib/mios/agent-pipe/test_mios_codemode.py	3	11	8	52	fe6a7cb70ecf	MIGRATE	narrative-rationale		0				0
usr/lib/mios/agent-pipe/test_mios_cold_evict.py	1	3	3	12	fafc5ae00289	STAY	ai-header		0				0
usr/lib/mios/agent-pipe/test_mios_compact.py	1	3	3	19	3336523ff838	STAY	ai-header		0				0
usr/lib/mios/agent-pipe/test_mios_compact.py	4	4	1	5	13d849fea60b	STAY	local-scoped		0				0
usr/lib/mios/agent-pipe/test_mios_compact.py	25	25	1	3	21865f2cb06f	STAY	inline-scoped		0				0
usr/lib/mios/agent-pipe/test_mios_compound.py	1	2	2	24	978e5855968d	STAY	ai-header		0				0
usr/lib/mios/agent-pipe/test_mios_compound.py	3	13	10	80	a4070d756c4b	MIGRATE	narrative-rationale		0				0
usr/lib/mios/agent-pipe/test_mios_compound.py	60	60	1	5	9bb422fa4ce1	STAY	inline-scoped		0				0
usr/lib/mios/agent-pipe/test_mios_conductor.py	1	2	2	4	794194deab19	STAY	ai-header		0				0
usr/lib/mios/agent-pipe/test_mios_config.py	1	3	3	20	4c5c6fce94af	STAY	ai-header		0				0
usr/lib/mios/agent-pipe/test_mios_config.py	4	4	1	6	727bc5990a9e	STAY	local-scoped		0				0
usr/lib/mios/agent-pipe/test_mios_config_audit.py	1	1	1	2	c8a5e92d1c7b	STAY	local-scoped		0				0
usr/lib/mios/agent-pipe/test_mios_config_validate.py	1	2	2	13	f1c7ae216020	STAY	ai-header		0				0
usr/lib/mios/agent-pipe/test_mios_config_validate.py	3	7	4	16	28ff8b560b07	MIGRATE	midsize-narrative		0				0
usr/lib/mios/agent-pipe/test_mios_config_validate.py	125	125	1	2	f56ee1e18c22	STAY	inline-scoped		0				0
usr/lib/mios/agent-pipe/test_mios_config_write.py	1	2	2	21	8101c0191676	STAY	ai-header		0				0
usr/lib/mios/agent-pipe/test_mios_consensus.py	1	2	2	20	fcd7329c043c	STAY	ai-header		0				0
usr/lib/mios/agent-pipe/test_mios_consensus.py	3	3	1	11	862193815f0f	STAY	local-scoped		0				0
usr/lib/mios/agent-pipe/test_mios_consensus.py	55	55	1	10	e7ca64debbd5	STAY	local-scoped		0				0
usr/lib/mios/agent-pipe/test_mios_consensus.py	77	77	1	10	02656f5d1651	STAY	local-scoped		0				0
usr/lib/mios/agent-pipe/test_mios_consensus.py	102	103	2	30	fdec5aab2c88	STAY	midsize-why		0				0
usr/lib/mios/agent-pipe/test_mios_consensus.py	111	111	1	13	8763774d834a	STAY	local-scoped		0				0
usr/lib/mios/agent-pipe/test_mios_consensus.py	126	126	1	15	e0b0dbcb27b0	STAY	local-scoped		0				0
usr/lib/mios/agent-pipe/test_mios_cost.py	1	3	3	21	a50fb16a3b1a	STAY	ai-header		0				0
usr/lib/mios/agent-pipe/test_mios_cost.py	4	4	1	5	e776b8a7b97c	STAY	local-scoped		0				0
usr/lib/mios/agent-pipe/test_mios_cost.py	43	43	1	3	8c4fd795038c	DROP	banner		0				0
usr/lib/mios/agent-pipe/test_mios_cost.py	44	44	1	3	20266c22bf52	DROP	banner		0				0
usr/lib/mios/agent-pipe/test_mios_cost.py	45	45	1	2	dc9a7ea70f26	DROP	banner		0				0
usr/lib/mios/agent-pipe/test_mios_council_diversity.py	1	2	2	18	959cd5d56994	STAY	ai-header		0				0
usr/lib/mios/agent-pipe/test_mios_council_diversity.py	3	3	1	8	6616c2b13470	STAY	local-scoped		0				0
usr/lib/mios/agent-pipe/test_mios_crl.py	1	3	3	19	5108acb508b4	STAY	ai-header		0				0
usr/lib/mios/agent-pipe/test_mios_crl.py	4	4	1	8	050ec9a3388c	STAY	local-scoped		0				0
usr/lib/mios/agent-pipe/test_mios_ctxpack.py	1	3	3	19	e598db62ad73	STAY	ai-header		0				0
usr/lib/mios/agent-pipe/test_mios_ctxpack.py	4	4	1	5	185f2fd4178b	STAY	local-scoped		0				0
usr/lib/mios/agent-pipe/test_mios_ctxpack.py	25	25	1	3	bba9a993d4fe	STAY	inline-scoped		0				0
usr/lib/mios/agent-pipe/test_mios_ctxpack.py	36	36	1	3	6824d1e0e297	STAY	inline-scoped		0				0
usr/lib/mios/agent-pipe/test_mios_ctxpack.py	42	42	1	4	f8814055c3b2	STAY	inline-scoped		0				0
usr/lib/mios/agent-pipe/test_mios_ctxpack.py	49	49	1	2	dc617a72cdbf	STAY	inline-scoped		0				0
usr/lib/mios/agent-pipe/test_mios_ctxpack.py	50	50	1	4	b96ab1b2da6e	STAY	inline-scoped		0				0
usr/lib/mios/agent-pipe/test_mios_cua.py	1	3	3	22	93a2b522ff69	STAY	ai-header		0				0
usr/lib/mios/agent-pipe/test_mios_cua.py	4	4	1	5	7ab13de5e63b	STAY	local-scoped		0				0
usr/lib/mios/agent-pipe/test_mios_cua.py	78	78	1	3	ee622156c554	STAY	inline-scoped		0				0
usr/lib/mios/agent-pipe/test_mios_cua.py	89	90	2	15	2fe63373cf21	STAY	local-scoped		0				0
usr/lib/mios/agent-pipe/test_mios_cua.py	102	102	1	10	6f8031bae1ad	STAY	local-scoped		0				0
usr/lib/mios/agent-pipe/test_mios_cua.py	107	107	1	9	fd66cbbdad4f	STAY	local-scoped		0				0
usr/lib/mios/agent-pipe/test_mios_cua.py	157	157	1	9	76b985dfcda0	STAY	local-scoped		0				0
usr/lib/mios/agent-pipe/test_mios_cua_hierarchy.py	1	3	3	16	9c811c31bcda	STAY	ai-header		0				0
usr/lib/mios/agent-pipe/test_mios_daemon.py	1	1	1	9	97ad9d8f6c63	STAY	ai-header		0				0
usr/lib/mios/agent-pipe/test_mios_daemon.py	51	51	1	3	bae65392998f	STAY	inline-scoped		0				0
usr/lib/mios/agent-pipe/test_mios_daemon.py	62	62	1	1	22d5925ed646	STAY	inline-scoped		0				0
usr/lib/mios/agent-pipe/test_mios_daemon.py	63	63	1	2	461a47016829	STAY	inline-scoped		0				0
usr/lib/mios/agent-pipe/test_mios_daemon.py	100	100	1	7	aa5c28a64ac5	STAY	inline-scoped		0				0
usr/lib/mios/agent-pipe/test_mios_daemons.py	1	3	3	14	d251af5678f3	STAY	ai-header		0				0
usr/lib/mios/agent-pipe/test_mios_daemons.py	4	4	1	10	a88a31ec7033	STAY	local-scoped		0				0
usr/lib/mios/agent-pipe/test_mios_daemons.py	23	24	2	25	b328e722be71	STAY	local-scoped		0				0
usr/lib/mios/agent-pipe/test_mios_daemons.py	119	119	1	11	f934983e0b58	STAY	local-scoped		0				0
usr/lib/mios/agent-pipe/test_mios_daemons.py	190	190	1	9	61ccb5840994	STAY	inline-scoped		0				0
usr/lib/mios/agent-pipe/test_mios_daemons.py	247	247	1	3	707157f59022	STAY	inline-scoped		0				0
usr/lib/mios/agent-pipe/test_mios_daemons.py	257	257	1	6	c27790f55aa3	STAY	inline-scoped		0				0
usr/lib/mios/agent-pipe/test_mios_daemons.py	272	274	3	30	1b8e9750fafc	STAY	midsize-why		0				0
usr/lib/mios/agent-pipe/test_mios_daemons.py	312	312	1	3	a873f6324c65	STAY	inline-scoped		0				0
usr/lib/mios/agent-pipe/test_mios_daemons.py	340	340	1	2	782513dd9f3c	STAY	inline-scoped		0				0
usr/lib/mios/agent-pipe/test_mios_daemons.py	342	342	1	3	5610a28beeee	STAY	inline-scoped		0				0
usr/lib/mios/agent-pipe/test_mios_daemons.py	355	355	1	3	323865e93c19	STAY	inline-scoped		0				0
usr/lib/mios/agent-pipe/test_mios_daemons.py	390	390	1	4	a1b55c7558d7	STAY	inline-scoped		0				0
usr/lib/mios/agent-pipe/test_mios_daemons.py	394	394	1	7	19cd2fa0d1cd	STAY	inline-scoped		0				0
usr/lib/mios/agent-pipe/test_mios_dag_exec.py	1	4	4	16	f6087fc581e3	STAY	ai-header		0				0
usr/lib/mios/agent-pipe/test_mios_dag_exec.py	5	5	1	7	ab9c4e0c7b03	STAY	local-scoped		0				0
usr/lib/mios/agent-pipe/test_mios_dag_exec.py	12	12	1	10	b25f80cee32a	STAY	local-scoped		0				0
usr/lib/mios/agent-pipe/test_mios_dag_exec.py	14	14	1	3	de88b7167faf	STAY	inline-scoped		0				0
usr/lib/mios/agent-pipe/test_mios_dag_exec.py	17	17	1	4	fc1543894a30	STAY	inline-scoped		0				0
usr/lib/mios/agent-pipe/test_mios_dag_exec.py	68	68	1	4	007ac9d361f4	STAY	inline-scoped		0				0
usr/lib/mios/agent-pipe/test_mios_dag_exec.py	102	102	1	5	de78a798858d	STAY	inline-scoped		0				0
usr/lib/mios/agent-pipe/test_mios_dag_exec.py	103	103	1	2	093f61875af5	STAY	inline-scoped		0				0
usr/lib/mios/agent-pipe/test_mios_dag_exec.py	136	138	3	25	7a92ff7f00e0	STAY	midsize-why		0				0
usr/lib/mios/agent-pipe/test_mios_dag_exec.py	139	139	1	5	e1e1c8661413	STAY	inline-scoped		0				0
usr/lib/mios/agent-pipe/test_mios_dag_exec.py	147	148	2	19	4dfb7f3a100a	STAY	local-scoped		0				0
usr/lib/mios/agent-pipe/test_mios_dag_exec.py	158	159	2	14	92afdbe03a7d	STAY	local-scoped		0				0
usr/lib/mios/agent-pipe/test_mios_dag_exec.py	168	169	2	16	3b4b7f91f975	STAY	local-scoped		0				0
usr/lib/mios/agent-pipe/test_mios_dag_exec.py	180	181	2	14	d83af87b161e	STAY	local-scoped		0				0
usr/lib/mios/agent-pipe/test_mios_dag_exec.py	183	183	1	6	a5228310c68d	STAY	inline-scoped		0				0
usr/lib/mios/agent-pipe/test_mios_dag_exec.py	188	191	4	37	336583d016da	MIGRATE	midsize-narrative		0				0
usr/lib/mios/agent-pipe/test_mios_dag_exec.py	232	232	1	4	266059be277f	STAY	inline-scoped		0				0
usr/lib/mios/agent-pipe/test_mios_dag_exec.py	233	233	1	4	36d43cd36239	STAY	inline-scoped		0				0
usr/lib/mios/agent-pipe/test_mios_dag_validate.py	1	2	2	11	44c922fb0c80	STAY	ai-header		0				0
usr/lib/mios/agent-pipe/test_mios_dag_validate.py	3	3	1	4	27a461beee3b	STAY	local-scoped		0				0
usr/lib/mios/agent-pipe/test_mios_dag_validate.py	14	14	1	9	1e5c2cd3e4ef	STAY	local-scoped		0				0
usr/lib/mios/agent-pipe/test_mios_db.py	1	1	1	5	5c375bcf6de0	STAY	ai-header		0				0
usr/lib/mios/agent-pipe/test_mios_db_config.py	1	1	1	7	f8bee98d5f8e	STAY	ai-header		0				0
usr/lib/mios/agent-pipe/test_mios_dbwrite.py	1	1	1	5	2a1f00e8a63e	STAY	ai-header		0				0
usr/lib/mios/agent-pipe/test_mios_dbwrite.py	2	2	1	6	addf2e95c42a	STAY	local-scoped		0				0
usr/lib/mios/agent-pipe/test_mios_dci.py	1	3	3	19	3e1c190332ae	STAY	ai-header		0				0
usr/lib/mios/agent-pipe/test_mios_dci.py	4	4	1	6	f6f78f76a644	STAY	local-scoped		0				0
usr/lib/mios/agent-pipe/test_mios_dci.py	98	102	5	43	be5a10718f3e	STAY	midsize-why		0				0
usr/lib/mios/agent-pipe/test_mios_dci.py	133	137	5	47	ae2e74d3a2df	MIGRATE	midsize-narrative		0				0
usr/lib/mios/agent-pipe/test_mios_dci.py	169	171	3	31	8f9fe79325e7	STAY	midsize-why		0				0
usr/lib/mios/agent-pipe/test_mios_dci.py	180	184	5	54	04d26748f1cb	STAY	midsize-why		0				0
usr/lib/mios/agent-pipe/test_mios_dci.py	240	244	5	46	206a97e393cf	STAY	midsize-why		0				0
usr/lib/mios/agent-pipe/test_mios_dispatch.py	1	2	2	13	af6796caa847	STAY	ai-header		0				0
usr/lib/mios/agent-pipe/test_mios_dispatch.py	3	3	1	8	1b46b1bfbb62	STAY	local-scoped		0				0
usr/lib/mios/agent-pipe/test_mios_dispatch.py	50	50	1	2	499d9928f523	STAY	inline-scoped		0				0
usr/lib/mios/agent-pipe/test_mios_dispatch.py	72	72	1	4	b98e89591e5c	STAY	inline-scoped		0				0
usr/lib/mios/agent-pipe/test_mios_dispatch.py	188	188	1	6	7d548b720280	STAY	inline-scoped		0				0
usr/lib/mios/agent-pipe/test_mios_dispatch.py	250	250	1	2	23c73b0535ee	STAY	inline-scoped		0				0
usr/lib/mios/agent-pipe/test_mios_dispatch.py	378	378	1	4	e9a9b6be075e	STAY	inline-scoped		0				0
usr/lib/mios/agent-pipe/test_mios_dispatch.py	403	407	5	33	0b485b19afed	STAY	midsize-why		0				0
usr/lib/mios/agent-pipe/test_mios_dispatch.py	410	410	1	9	5ca8548222ef	STAY	local-scoped		0				0
usr/lib/mios/agent-pipe/test_mios_dispatch.py	412	412	1	11	bf035d4ecadf	STAY	local-scoped		0				0
usr/lib/mios/agent-pipe/test_mios_dispatch.py	419	419	1	12	907e4c914c8c	STAY	local-scoped		0				0
usr/lib/mios/agent-pipe/test_mios_dispatch.py	439	439	1	6	cd906feb6aa8	STAY	local-scoped		0				0
usr/lib/mios/agent-pipe/test_mios_dispatch.py	444	444	1	4	3bb41c91c702	STAY	local-scoped		0				0
usr/lib/mios/agent-pipe/test_mios_dispatch.py	449	449	1	5	d2c15af81f4f	STAY	local-scoped		0				0
usr/lib/mios/agent-pipe/test_mios_dispatch.py	455	455	1	7	bcac56dbb2be	STAY	local-scoped		0				0
usr/lib/mios/agent-pipe/test_mios_dispatch.py	460	460	1	10	aefa2356cc17	STAY	local-scoped		0				0
usr/lib/mios/agent-pipe/test_mios_dispatch.py	465	465	1	10	04eb22e16fa7	STAY	local-scoped		0				0
usr/lib/mios/agent-pipe/test_mios_dispatch.py	473	474	2	26	9c796faa5fb5	STAY	midsize-why		0				0
usr/lib/mios/agent-pipe/test_mios_dispatch.py	491	491	1	3	e61f170d0dae	STAY	local-scoped		0				0
usr/lib/mios/agent-pipe/test_mios_dispatch.py	496	496	1	4	3bb41c91c702	STAY	local-scoped		0				0
usr/lib/mios/agent-pipe/test_mios_dispatch.py	501	501	1	4	4bb89b17f5e3	STAY	local-scoped		0				0
usr/lib/mios/agent-pipe/test_mios_dispatch.py	506	507	2	19	d3d96d6fdc52	STAY	local-scoped		0				0
usr/lib/mios/agent-pipe/test_mios_dispatch.py	514	514	1	4	df08724d9efc	STAY	local-scoped		0				0
usr/lib/mios/agent-pipe/test_mios_dispatch.py	523	525	3	30	fca92f5ecd1f	STAY	midsize-why		0				0
usr/lib/mios/agent-pipe/test_mios_dispatch_cmd.py	1	3	3	20	eaf01ab80167	STAY	ai-header		0				0
usr/lib/mios/agent-pipe/test_mios_dispatch_cmd.py	24	25	2	16	e20a0d545320	STAY	local-scoped		0				0
usr/lib/mios/agent-pipe/test_mios_dispatch_cmd.py	28	28	1	13	b82a36d24a3a	STAY	local-scoped		0				0
usr/lib/mios/agent-pipe/test_mios_dispatch_cmd.py	39	39	1	11	5a02d7c705bd	STAY	local-scoped		0				0
usr/lib/mios/agent-pipe/test_mios_dispatch_cmd.py	69	71	3	34	452403c2374c	STAY	midsize-why		0				0
usr/lib/mios/agent-pipe/test_mios_dispatch_redos.py	1	3	3	82	4b489659169a	MIGRATE_HEADER	overlong-hint		0				0
usr/lib/mios/agent-pipe/test_mios_dispatch_redos.py	4	4	1	8	bd092de6c9f1	STAY	local-scoped		0				0
usr/lib/mios/agent-pipe/test_mios_dispatch_redos.py	19	23	5	27	0abd6a70d679	STAY	midsize-why		0				0
usr/lib/mios/agent-pipe/test_mios_dispatch_redos.py	39	40	2	24	17255b8c9108	STAY	local-scoped		0				0
usr/lib/mios/agent-pipe/test_mios_dispatch_redos.py	50	51	2	23	cfe536336bec	STAY	local-scoped		0				0
usr/lib/mios/agent-pipe/test_mios_dispatch_redos.py	79	80	2	23	06545082e431	STAY	local-scoped		0				0
usr/lib/mios/agent-pipe/test_mios_dispatcher.py	1	3	3	20	67216ec710d3	STAY	ai-header		0				0
usr/lib/mios/agent-pipe/test_mios_dispatcher.py	4	4	1	7	ac47d9d6db60	STAY	local-scoped		0				0
usr/lib/mios/agent-pipe/test_mios_dispatcher.py	56	56	1	3	61133e2fe62f	STAY	inline-scoped		0				0
usr/lib/mios/agent-pipe/test_mios_dispatcher.py	59	59	1	4	321d4592f772	STAY	inline-scoped		0				0
usr/lib/mios/agent-pipe/test_mios_dispatcher.py	70	70	1	3	06aacb7746a1	STAY	inline-scoped		0				0
usr/lib/mios/agent-pipe/test_mios_drift_monitor.py	1	2	2	19	c6a760aee5dd	STAY	ai-header		0				0
usr/lib/mios/agent-pipe/test_mios_drift_monitor.py	3	3	1	10	255b6c519bf5	STAY	local-scoped		0				0
usr/lib/mios/agent-pipe/test_mios_drift_monitor.py	117	121	5	44	15690611327a	STAY	midsize-why		0				0
usr/lib/mios/agent-pipe/test_mios_drift_monitor.py	122	122	1	2	c350bdc45a51	STAY	inline-scoped		0				0
usr/lib/mios/agent-pipe/test_mios_drift_monitor.py	134	134	1	2	c350bdc45a51	STAY	inline-scoped		0				0
usr/lib/mios/agent-pipe/test_mios_drift_monitor.py	136	136	1	2	f56ee1e18c22	STAY	inline-scoped		0				0
usr/lib/mios/agent-pipe/test_mios_dual_ledger.py	1	3	3	19	958c8ff831e3	STAY	ai-header		0				0
usr/lib/mios/agent-pipe/test_mios_dual_ledger.py	4	4	1	7	e138f7c500b2	STAY	local-scoped		0				0
usr/lib/mios/agent-pipe/test_mios_egress.py	1	2	2	20	b30e17c821e4	STAY	ai-header		0				0
usr/lib/mios/agent-pipe/test_mios_egress.py	3	11	8	56	99b212f0c3bb	MIGRATE	narrative-rationale		0				0
usr/lib/mios/agent-pipe/test_mios_embed_backfill.py	1	3	3	14	d9fceb70583f	STAY	ai-header		0				0
usr/lib/mios/agent-pipe/test_mios_embed_backfill.py	4	4	1	5	c4b956a5b8a6	STAY	local-scoped		0				0
usr/lib/mios/agent-pipe/test_mios_endpoints.py	1	3	3	19	c2d8d8f3c505	STAY	ai-header		0				0
usr/lib/mios/agent-pipe/test_mios_endpoints.py	4	4	1	7	c4a430fb8808	STAY	local-scoped		0				0
usr/lib/mios/agent-pipe/test_mios_endpoints.py	13	13	1	2	8fd01c634ab8	STAY	inline-scoped		0				0
usr/lib/mios/agent-pipe/test_mios_env.py	1	1	1	8	ae166284d014	STAY	ai-header		0				0
usr/lib/mios/agent-pipe/test_mios_evict.py	1	3	3	18	c3228742cc34	STAY	ai-header		0				0
usr/lib/mios/agent-pipe/test_mios_evict.py	4	4	1	7	587cef63ea14	STAY	local-scoped		0				0
usr/lib/mios/agent-pipe/test_mios_fanout.py	1	3	3	18	dc7ec469c361	STAY	ai-header		0				0
usr/lib/mios/agent-pipe/test_mios_fanout.py	4	4	1	8	6d3554956fc3	STAY	local-scoped		0				0
usr/lib/mios/agent-pipe/test_mios_fanout.py	33	33	1	9	9536c0a13fdf	STAY	local-scoped		0				0
usr/lib/mios/agent-pipe/test_mios_fanout.py	38	38	1	3	6b4013f74acd	STAY	inline-scoped		0				0
usr/lib/mios/agent-pipe/test_mios_fanout.py	56	56	1	4	ce5e6d3d04b5	STAY	inline-scoped		0				0
usr/lib/mios/agent-pipe/test_mios_fanout.py	103	103	1	8	02e1677de0d4	STAY	local-scoped		0				0
usr/lib/mios/agent-pipe/test_mios_fanout.py	118	118	1	2	4a479db6af79	STAY	inline-scoped		0				0
usr/lib/mios/agent-pipe/test_mios_fanout.py	157	160	4	51	4d32e2bfb674	STAY	midsize-why		0				0
usr/lib/mios/agent-pipe/test_mios_firewall.py	1	2	2	13	2af3852dd3dd	STAY	ai-header		0				0
usr/lib/mios/agent-pipe/test_mios_firewall.py	3	7	5	40	628528a46503	STAY	midsize-why		0				0
usr/lib/mios/agent-pipe/test_mios_firewall.py	100	100	1	1	f329e3a317ee	STAY	inline-scoped		0				0
usr/lib/mios/agent-pipe/test_mios_gateway_queue.py	1	3	3	12	caa8ecd2221c	STAY	ai-header		0				0
usr/lib/mios/agent-pipe/test_mios_gossip.py	1	3	3	19	7f0f6c26db27	STAY	ai-header		0				0
usr/lib/mios/agent-pipe/test_mios_gossip.py	4	4	1	7	fac36a0dcd2c	STAY	local-scoped		0				0
usr/lib/mios/agent-pipe/test_mios_gossip.py	63	63	1	2	4084483a40d3	STAY	inline-scoped		0				0
usr/lib/mios/agent-pipe/test_mios_grounding.py	1	3	3	20	c944a309878a	STAY	ai-header		0				0
usr/lib/mios/agent-pipe/test_mios_grounding.py	4	4	1	6	eca9208f8192	STAY	local-scoped		0				0
usr/lib/mios/agent-pipe/test_mios_grounding.py	23	23	1	10	39e2c69ea802	STAY	local-scoped		0				0
usr/lib/mios/agent-pipe/test_mios_grounding.py	63	63	1	4	e76159a55af0	STAY	inline-scoped		0				0
usr/lib/mios/agent-pipe/test_mios_health.py	1	2	2	9	ac4c37d0a47f	STAY	ai-header		0				0
usr/lib/mios/agent-pipe/test_mios_health.py	3	3	1	4	29095b2acc8b	STAY	local-scoped		0				0
usr/lib/mios/agent-pipe/test_mios_health.py	14	14	1	4	1204267b3e8e	STAY	local-scoped		0				0
usr/lib/mios/agent-pipe/test_mios_hitl.py	1	2	2	23	514180657c25	STAY	ai-header		0				0
usr/lib/mios/agent-pipe/test_mios_hitl.py	3	10	7	40	b23ebc543e08	MIGRATE	narrative-history		0				0
usr/lib/mios/agent-pipe/test_mios_hitlflow.py	1	2	2	14	5fd0cdbe3627	STAY	ai-header		0				0
usr/lib/mios/agent-pipe/test_mios_hitlflow.py	3	19	16	99	6f5103cf0f7c	MIGRATE	narrative-history		0				0
usr/lib/mios/agent-pipe/test_mios_hitlflow.py	30	30	1	3	92485fe3a05d	STAY	inline-scoped		0				0
usr/lib/mios/agent-pipe/test_mios_hitlflow.py	41	41	1	1	d06fe85da05d	STAY	inline-scoped		0				0
usr/lib/mios/agent-pipe/test_mios_hitlflow.py	95	95	1	3	2fcca450cfd4	STAY	local-scoped		0				0
usr/lib/mios/agent-pipe/test_mios_hitlflow.py	137	137	1	11	b8f99ef07974	STAY	local-scoped		0				0
usr/lib/mios/agent-pipe/test_mios_hitlflow.py	144	146	3	26	96875492ec6c	STAY	midsize-why		0				0
usr/lib/mios/agent-pipe/test_mios_hitlflow.py	155	155	1	10	6f8031bae1ad	STAY	local-scoped		0				0
usr/lib/mios/agent-pipe/test_mios_hopbudget.py	1	3	3	20	894dab71d773	STAY	ai-header		0				0
usr/lib/mios/agent-pipe/test_mios_hopbudget.py	4	4	1	5	d841e948e3cd	STAY	local-scoped		0				0
usr/lib/mios/agent-pipe/test_mios_http_caps.py	1	2	2	18	fe118127b3c6	STAY	ai-header		0				0
usr/lib/mios/agent-pipe/test_mios_http_caps.py	3	3	1	10	01e29df99523	STAY	local-scoped		0				0
usr/lib/mios/agent-pipe/test_mios_http_caps.py	25	25	1	9	aca6e6544d41	STAY	local-scoped		0				0
usr/lib/mios/agent-pipe/test_mios_httpclient.py	1	3	3	20	9f6cb1265bf8	STAY	ai-header		0				0
usr/lib/mios/agent-pipe/test_mios_httpclient.py	5	5	1	11	4af95f259d78	STAY	local-scoped		0				0
usr/lib/mios/agent-pipe/test_mios_httpclient.py	14	14	1	3	c4eab4cecb60	STAY	inline-scoped		0				0
usr/lib/mios/agent-pipe/test_mios_httpclient.py	106	106	1	6	db5eb9037eea	STAY	inline-scoped		0				0
usr/lib/mios/agent-pipe/test_mios_interop.py	1	3	3	21	a609b0af3de8	STAY	ai-header		0				0
usr/lib/mios/agent-pipe/test_mios_interop.py	4	4	1	5	23a5c1a5d1ce	STAY	local-scoped		0				0
usr/lib/mios/agent-pipe/test_mios_jsonsalvage.py	1	3	3	17	d4f51bfdaf78	STAY	ai-header		0				0
usr/lib/mios/agent-pipe/test_mios_jsonsalvage.py	4	4	1	7	f2b834f4734a	STAY	local-scoped		0				0
usr/lib/mios/agent-pipe/test_mios_k3s.py	1	2	2	21	dbcd4a589b9f	STAY	ai-header		0				0
usr/lib/mios/agent-pipe/test_mios_k3s.py	3	12	9	64	6a5839b5edb4	MIGRATE	narrative-rationale		0				0
usr/lib/mios/agent-pipe/test_mios_k3s.py	51	51	1	2	f56ee1e18c22	STAY	inline-scoped		0				0
usr/lib/mios/agent-pipe/test_mios_kernel.py	1	3	3	21	7946b253c2a7	STAY	ai-header		0				0
usr/lib/mios/agent-pipe/test_mios_kernel.py	4	4	1	7	cd28b9de49ea	STAY	local-scoped		0				0
usr/lib/mios/agent-pipe/test_mios_knowledge.py	1	3	3	19	5849505ddb93	STAY	ai-header		0				0
usr/lib/mios/agent-pipe/test_mios_knowledge.py	4	4	1	10	71ff430f8893	STAY	local-scoped		0				0
usr/lib/mios/agent-pipe/test_mios_knowledge.py	59	59	1	6	fdd39c108554	STAY	inline-scoped		0				0
usr/lib/mios/agent-pipe/test_mios_knowledge.py	63	66	4	44	d16bb8dd9f9d	STAY	midsize-why		0				0
usr/lib/mios/agent-pipe/test_mios_knowledge.py	86	86	1	12	4332c84ad25f	STAY	inline-scoped		0				0
usr/lib/mios/agent-pipe/test_mios_knowledge.py	125	125	1	8	e00f25a987cc	STAY	local-scoped		0				0
usr/lib/mios/agent-pipe/test_mios_knowledge.py	133	134	2	17	143d4f562be4	STAY	local-scoped		0				0
usr/lib/mios/agent-pipe/test_mios_knowledge.py	156	157	2	18	43535699a048	STAY	local-scoped		0				0
usr/lib/mios/agent-pipe/test_mios_knowledge.py	173	173	1	5	8e3b0226318e	STAY	inline-scoped		0				0
usr/lib/mios/agent-pipe/test_mios_knowledge.py	197	202	6	65	6d1217ae691e	MIGRATE	narrative-history		0				0
usr/lib/mios/agent-pipe/test_mios_knowledge.py	219	219	1	5	8e3b0226318e	STAY	inline-scoped		0				0
usr/lib/mios/agent-pipe/test_mios_knowledge.py	240	240	1	6	830233a68a1f	STAY	inline-scoped		0				0
usr/lib/mios/agent-pipe/test_mios_knowledge.py	244	245	2	21	cee0e3fec085	STAY	local-scoped		0				0
usr/lib/mios/agent-pipe/test_mios_kvfork.py	1	2	2	22	c04b610f3b40	STAY	ai-header		0				0
usr/lib/mios/agent-pipe/test_mios_kvfork.py	3	11	8	49	195641361b15	MIGRATE	narrative-rationale		0				0
usr/lib/mios/agent-pipe/test_mios_kvfork.py	35	36	2	22	7a24d9c495d9	STAY	local-scoped		0				0
usr/lib/mios/agent-pipe/test_mios_kvgc.py	1	3	3	19	bedfdbc37796	STAY	ai-header		0				0
usr/lib/mios/agent-pipe/test_mios_kvgc.py	4	4	1	5	6ef402d18048	STAY	local-scoped		0				0
usr/lib/mios/agent-pipe/test_mios_lanes.py	1	2	2	21	73107ba598b8	STAY	ai-header		0				0
usr/lib/mios/agent-pipe/test_mios_lanes.py	3	11	8	53	2da9cf12d2ec	MIGRATE	narrative-rationale		0				0
usr/lib/mios/agent-pipe/test_mios_lanes.py	27	27	1	3	27c99aaac2a3	STAY	local-scoped		0				0
usr/lib/mios/agent-pipe/test_mios_lanes.py	47	47	1	9	0b1fe3b4eb77	STAY	local-scoped		0				0
usr/lib/mios/agent-pipe/test_mios_lanes.py	94	94	1	6	a6a16c3d9c75	STAY	inline-scoped		0				0
usr/lib/mios/agent-pipe/test_mios_lanes.py	102	102	1	6	42344fa3c806	STAY	inline-scoped		0				0
usr/lib/mios/agent-pipe/test_mios_lanes.py	104	104	1	9	f36a578bec43	STAY	inline-scoped		0				0
usr/lib/mios/agent-pipe/test_mios_lanes.py	113	113	1	2	63f61d0cf026	STAY	inline-scoped		0				0
usr/lib/mios/agent-pipe/test_mios_lanes.py	116	116	1	3	fc4b41e0cb9a	STAY	inline-scoped		0				0
usr/lib/mios/agent-pipe/test_mios_lanes.py	126	126	1	3	72393894da48	STAY	inline-scoped		0				0
usr/lib/mios/agent-pipe/test_mios_lanes.py	127	127	1	4	3e9cb2bddeb4	STAY	inline-scoped		0				0
usr/lib/mios/agent-pipe/test_mios_lanes_resolver.py	1	2	2	12	7415eccb4ed4	STAY	ai-header		0				0
usr/lib/mios/agent-pipe/test_mios_lanes_resolver.py	3	10	7	69	74d2d1438d2c	MIGRATE	narrative-rationale		0				0
usr/lib/mios/agent-pipe/test_mios_lanes_resolver.py	27	27	1	13	6a4fdc3294c7	STAY	local-scoped		0				0
usr/lib/mios/agent-pipe/test_mios_lanes_resolver.py	40	40	1	10	8ce3af7f8118	STAY	local-scoped		0				0
usr/lib/mios/agent-pipe/test_mios_lanes_resolver.py	81	81	1	4	010096da3f74	STAY	inline-scoped		0				0
usr/lib/mios/agent-pipe/test_mios_launch.py	1	2	2	23	10149a97985d	STAY	ai-header		0				0
usr/lib/mios/agent-pipe/test_mios_launch.py	3	17	14	111	61ce4340e077	MIGRATE	narrative-history		0				0
usr/lib/mios/agent-pipe/test_mios_launch.py	32	32	1	11	d7210928687c	STAY	local-scoped		0				0
usr/lib/mios/agent-pipe/test_mios_launch.py	93	93	1	1	9b828d53402d	STAY	inline-scoped		0				0
usr/lib/mios/agent-pipe/test_mios_launch.py	94	94	1	6	6009880b412c	STAY	inline-scoped		0				0
usr/lib/mios/agent-pipe/test_mios_launch.py	95	95	1	6	cd90c8ed4818	STAY	inline-scoped		0				0
usr/lib/mios/agent-pipe/test_mios_launch.py	97	97	1	3	17939fbae758	STAY	inline-scoped		0				0
usr/lib/mios/agent-pipe/test_mios_launch.py	98	98	1	4	582e1be892c9	STAY	inline-scoped		0				0
usr/lib/mios/agent-pipe/test_mios_launch.py	99	99	1	3	db0b50bd22c8	STAY	inline-scoped		0				0
usr/lib/mios/agent-pipe/test_mios_launch.py	100	100	1	3	c9c5c68d8631	STAY	inline-scoped		0				0
usr/lib/mios/agent-pipe/test_mios_launch.py	101	101	1	4	05b8fcd85d3c	STAY	inline-scoped		0				0
usr/lib/mios/agent-pipe/test_mios_launch.py	102	102	1	4	ab7c6baeed57	STAY	inline-scoped		0				0
usr/lib/mios/agent-pipe/test_mios_letta.py	1	2	2	12	5e4aa2e3b6ca	STAY	ai-header		0				0
usr/lib/mios/agent-pipe/test_mios_list_dir.py	1	2	2	13	3c15ab9d1217	STAY	ai-header		0				0
usr/lib/mios/agent-pipe/test_mios_list_dir.py	20	20	1	11	1ea6e82d407b	STAY	local-scoped		0				0
usr/lib/mios/agent-pipe/test_mios_manifest.py	1	3	3	19	d44e74a2fe0a	STAY	ai-header		0				0
usr/lib/mios/agent-pipe/test_mios_manifest.py	4	4	1	8	4c7c758d6d72	STAY	local-scoped		0				0
usr/lib/mios/agent-pipe/test_mios_mcp.py	1	2	2	17	a1a9b4594f42	STAY	ai-header		0				0
usr/lib/mios/agent-pipe/test_mios_mcp.py	3	3	1	12	36cebc188168	STAY	local-scoped		0				0
usr/lib/mios/agent-pipe/test_mios_mcp.py	54	54	1	2	8fd01c634ab8	STAY	inline-scoped		0				0
usr/lib/mios/agent-pipe/test_mios_mcp.py	91	91	1	9	7ae3101dd7bb	STAY	local-scoped		0				0
usr/lib/mios/agent-pipe/test_mios_mcp.py	130	130	1	4	0394e66befc9	STAY	inline-scoped		0				0
usr/lib/mios/agent-pipe/test_mios_mcp.py	310	310	1	3	cbbd65e27828	STAY	inline-scoped		0				0
usr/lib/mios/agent-pipe/test_mios_mcp_dispatch.py	1	2	2	9	69326ce397cd	STAY	ai-header		0				0
usr/lib/mios/agent-pipe/test_mios_mcp_dispatch.py	3	3	1	4	2853c9db9c06	STAY	local-scoped		0				0
usr/lib/mios/agent-pipe/test_mios_mcp_dispatch.py	14	14	1	5	29fa3eedb656	STAY	local-scoped		0				0
usr/lib/mios/agent-pipe/test_mios_mcp_pool.py	1	3	3	12	6f0fa827b1d2	STAY	ai-header		0				0
usr/lib/mios/agent-pipe/test_mios_mcp_sandbox.py	1	3	3	20	010309bafa1b	STAY	ai-header		0				0
usr/lib/mios/agent-pipe/test_mios_mcp_sandbox.py	4	4	1	8	89e23e7e55e3	STAY	local-scoped		0				0
usr/lib/mios/agent-pipe/test_mios_mcp_sandbox.py	18	21	4	45	317a203bfa47	STAY	midsize-why		0				0
usr/lib/mios/agent-pipe/test_mios_mcp_sandbox.py	38	38	1	9	67988b5176ec	STAY	local-scoped		0				0
usr/lib/mios/agent-pipe/test_mios_mcp_sandbox.py	61	61	1	8	3f42cb0cad51	STAY	local-scoped		0				0
usr/lib/mios/agent-pipe/test_mios_mcp_sandbox.py	117	117	1	6	79ee992394ed	STAY	local-scoped		0				0
usr/lib/mios/agent-pipe/test_mios_mcp_sandbox.py	158	158	1	8	a07f5ce105e5	STAY	local-scoped		0				0
usr/lib/mios/agent-pipe/test_mios_mcp_sandbox.py	194	194	1	9	ee2e338767b4	STAY	local-scoped		0				0
usr/lib/mios/agent-pipe/test_mios_mcp_sandbox.py	219	219	1	11	5b20d6781c23	STAY	local-scoped		0				0
usr/lib/mios/agent-pipe/test_mios_memguard.py	1	3	3	18	beb30789dc08	STAY	ai-header		0				0
usr/lib/mios/agent-pipe/test_mios_memguard.py	4	4	1	8	0de933ab966a	STAY	local-scoped		0				0
usr/lib/mios/agent-pipe/test_mios_memory.py	1	3	3	14	c85e8791058f	STAY	ai-header		0				0
usr/lib/mios/agent-pipe/test_mios_memory.py	4	4	1	5	1f6882682d17	STAY	local-scoped		0				0
usr/lib/mios/agent-pipe/test_mios_memory.py	23	23	1	12	c22de9dcdd9d	STAY	local-scoped		0				0
usr/lib/mios/agent-pipe/test_mios_mtls.py	1	2	2	26	2dc0dd1ac4ab	STAY	ai-header		0				0
usr/lib/mios/agent-pipe/test_mios_mtls.py	3	11	8	66	bde353015183	MIGRATE	narrative-rationale		0				0
usr/lib/mios/agent-pipe/test_mios_mtls.py	59	59	1	2	e32f3059902c	STAY	inline-scoped		0				0
usr/lib/mios/agent-pipe/test_mios_mtls.py	80	80	1	2	f56ee1e18c22	STAY	inline-scoped		0				0
usr/lib/mios/agent-pipe/test_mios_native_loop.py	1	4	4	14	ede8d20bdd38	STAY	ai-header		0				0
usr/lib/mios/agent-pipe/test_mios_native_loop.py	5	5	1	6	2d500400f133	STAY	local-scoped		0				0
usr/lib/mios/agent-pipe/test_mios_native_loop.py	32	33	2	20	fda9a0a40e8a	STAY	local-scoped		0				0
usr/lib/mios/agent-pipe/test_mios_native_loop.py	47	47	1	4	1c24ed2f1661	STAY	inline-scoped		0				0
usr/lib/mios/agent-pipe/test_mios_native_loop.py	141	141	1	8	6b4de08d063d	STAY	inline-scoped		0				0
usr/lib/mios/agent-pipe/test_mios_native_loop.py	157	159	3	28	50b1225a45a2	MIGRATE	midsize-narrative		0				0
usr/lib/mios/agent-pipe/test_mios_native_loop.py	190	192	3	27	d7ad8caf09dc	STAY	midsize-why		0				0
usr/lib/mios/agent-pipe/test_mios_oscontrol.py	1	3	3	17	1d84120226b3	STAY	ai-header		0				0
usr/lib/mios/agent-pipe/test_mios_oscontrol.py	4	4	1	9	b0afa39297ae	STAY	local-scoped		0				0
usr/lib/mios/agent-pipe/test_mios_oscontrol.py	20	22	3	32	1b7cb51bdf3c	STAY	midsize-why		0				0
usr/lib/mios/agent-pipe/test_mios_owui.py	1	3	3	19	f996bc79a594	STAY	ai-header		0				0
usr/lib/mios/agent-pipe/test_mios_owui.py	4	4	1	7	de55718d2403	STAY	local-scoped		0				0
usr/lib/mios/agent-pipe/test_mios_pdp.py	1	3	3	15	51592733ccaa	STAY	ai-header		0				0
usr/lib/mios/agent-pipe/test_mios_pdp.py	4	4	1	5	95b81f578caf	STAY	local-scoped		0				0
usr/lib/mios/agent-pipe/test_mios_pg.py	1	2	2	24	048a467f25cd	STAY	ai-header		0				0
usr/lib/mios/agent-pipe/test_mios_pg.py	3	7	4	33	d94fe0196aea	MIGRATE	midsize-narrative		0	usr/share/doc/mios/manual/_harvest/usr/lib/mios/agent-pipe/test_mios_pg_py.md	mios-src:d94fe0196aea	33	1
usr/lib/mios/agent-pipe/test_mios_pg.py	13	13	1	5	0afcda800e58	STAY	inline-scoped		0				0
usr/lib/mios/agent-pipe/test_mios_pg.py	14	14	1	2	652a73c43ff5	STAY	inline-scoped		0				0
usr/lib/mios/agent-pipe/test_mios_pg.py	18	19	2	21	f9913f71fedd	STAY	local-scoped		0				0
usr/lib/mios/agent-pipe/test_mios_pg.py	206	206	1	4	76d00a8afc9c	STAY	inline-scoped		0				0
usr/lib/mios/agent-pipe/test_mios_pg.py	236	236	1	4	dec6edfc4a98	STAY	inline-scoped		0				0
usr/lib/mios/agent-pipe/test_mios_pg.py	252	252	1	4	332f13ac3cb9	STAY	inline-scoped		0				0
usr/lib/mios/agent-pipe/test_mios_pg.py	253	253	1	6	0c5da4aa88aa	STAY	inline-scoped		0				0
usr/lib/mios/agent-pipe/test_mios_pg.py	282	282	1	3	ad4c8a240986	DROP	commented-out-code		0				0
usr/lib/mios/agent-pipe/test_mios_pg.py	310	310	1	9	25c715629304	STAY	local-scoped		0				0
usr/lib/mios/agent-pipe/test_mios_pg.py	365	365	1	11	7734f80f40a5	STAY	local-scoped		0				0
usr/lib/mios/agent-pipe/test_mios_pg.py	376	376	1	8	d421b859f806	STAY	inline-scoped		0				0
usr/lib/mios/agent-pipe/test_mios_pg.py	426	426	1	5	39eab11a1bd9	STAY	inline-scoped		0				0
usr/lib/mios/agent-pipe/test_mios_pg.py	427	427	1	5	432f7be03150	STAY	inline-scoped		0				0
usr/lib/mios/agent-pipe/test_mios_pg.py	462	462	1	4	6769e700da0a	STAY	inline-scoped		0				0
usr/lib/mios/agent-pipe/test_mios_pg.py	463	463	1	2	17ae60dee6fb	STAY	inline-scoped		0				0
usr/lib/mios/agent-pipe/test_mios_planner.py	1	2	2	23	a74b096f4d8a	STAY	ai-header		0				0
usr/lib/mios/agent-pipe/test_mios_planner.py	3	3	1	7	b0aeebac2e55	STAY	local-scoped		0				0
usr/lib/mios/agent-pipe/test_mios_planner.py	51	51	1	3	37468cf3d608	STAY	inline-scoped		0				0
usr/lib/mios/agent-pipe/test_mios_planner.py	65	65	1	3	86fef7356bdc	STAY	inline-scoped		0				0
usr/lib/mios/agent-pipe/test_mios_planner.py	73	73	1	3	5800130d5b20	STAY	inline-scoped		0				0
usr/lib/mios/agent-pipe/test_mios_planner.py	113	113	1	2	baafc74908dd	DROP	commented-out-code		0				0
usr/lib/mios/agent-pipe/test_mios_planner.py	130	130	1	4	854c79a137db	STAY	inline-scoped		0				0
usr/lib/mios/agent-pipe/test_mios_planner.py	213	213	1	5	63e525051ae0	STAY	inline-scoped		0				0
usr/lib/mios/agent-pipe/test_mios_planner.py	214	214	1	4	ecea02a2f286	STAY	inline-scoped		0				0
usr/lib/mios/agent-pipe/test_mios_policy.py	1	2	2	13	d7cfc97b04e0	STAY	ai-header		0				0
usr/lib/mios/agent-pipe/test_mios_policy.py	3	3	1	7	4aeae4eb3e3a	STAY	local-scoped		0				0
usr/lib/mios/agent-pipe/test_mios_policy.py	67	67	1	3	ac6a856311b2	STAY	inline-scoped		0				0
usr/lib/mios/agent-pipe/test_mios_policy.py	68	68	1	3	38b58ad9f37c	STAY	inline-scoped		0				0
usr/lib/mios/agent-pipe/test_mios_policy.py	93	93	1	2	f89c2c27d04f	STAY	inline-scoped		0				0
usr/lib/mios/agent-pipe/test_mios_policy.py	94	94	1	3	84ec280b3602	STAY	inline-scoped		0				0
usr/lib/mios/agent-pipe/test_mios_policy.py	100	104	5	33	c039aed18a9e	STAY	midsize-why		0				0
usr/lib/mios/agent-pipe/test_mios_policy.py	109	109	1	12	2d5b077e1922	STAY	local-scoped		0				0
usr/lib/mios/agent-pipe/test_mios_policy.py	128	129	2	18	8f2e6297d7ad	STAY	local-scoped		0				0
usr/lib/mios/agent-pipe/test_mios_policy.py	145	145	1	5	4b86ed97d645	STAY	inline-scoped		0				0
usr/lib/mios/agent-pipe/test_mios_policy.py	151	152	2	20	d279f14d67e1	STAY	local-scoped		0				0
usr/lib/mios/agent-pipe/test_mios_portal.py	1	3	3	23	a23e5100b266	STAY	ai-header		0				0
usr/lib/mios/agent-pipe/test_mios_portal.py	4	4	1	10	59e361050f08	STAY	local-scoped		0				0
usr/lib/mios/agent-pipe/test_mios_portal.py	26	26	1	9	aca6e6544d41	STAY	local-scoped		0				0
usr/lib/mios/agent-pipe/test_mios_portal.py	40	41	2	23	abf7ea7a37a7	STAY	local-scoped		0				0
usr/lib/mios/agent-pipe/test_mios_portal.py	50	52	3	25	26cd55144948	STAY	midsize-why		0				0
usr/lib/mios/agent-pipe/test_mios_portal.py	68	70	3	25	b39e9cfdfe8d	STAY	midsize-why		0				0
usr/lib/mios/agent-pipe/test_mios_portal.py	85	85	1	9	6547a31d5d25	STAY	local-scoped		0				0
usr/lib/mios/agent-pipe/test_mios_preempt.py	1	3	3	20	afa1f222e28b	STAY	ai-header		0				0
usr/lib/mios/agent-pipe/test_mios_preempt.py	4	4	1	10	479b5a4665b9	STAY	local-scoped		0				0
usr/lib/mios/agent-pipe/test_mios_preempt.py	42	42	1	1	0c86aca05c3a	STAY	inline-scoped		0				0
usr/lib/mios/agent-pipe/test_mios_preempt.py	67	67	1	2	a9fa733b1db5	STAY	inline-scoped		0				0
usr/lib/mios/agent-pipe/test_mios_preempt.py	80	81	2	20	1f32ba89d923	STAY	local-scoped		0				0
usr/lib/mios/agent-pipe/test_mios_preempt.py	118	122	5	50	4f594d291174	STAY	midsize-why		0				0
usr/lib/mios/agent-pipe/test_mios_preempt.py	177	178	2	21	648bf8c86a43	STAY	local-scoped		0				0
usr/lib/mios/agent-pipe/test_mios_preempt.py	180	180	1	3	4989e716fa17	STAY	inline-scoped		0				0
usr/lib/mios/agent-pipe/test_mios_preempt.py	202	202	1	9	2f64c4714c14	STAY	local-scoped		0				0
usr/lib/mios/agent-pipe/test_mios_preempt.py	232	232	1	8	302202f49ac3	STAY	local-scoped		0				0
usr/lib/mios/agent-pipe/test_mios_preempt.py	274	275	2	17	a8ae4a4d077b	STAY	local-scoped		0				0
usr/lib/mios/agent-pipe/test_mios_preempt.py	289	291	3	24	84b0d4abd86f	STAY	midsize-why		0				0
usr/lib/mios/agent-pipe/test_mios_preempt.py	310	312	3	25	45047bc14359	STAY	midsize-why		0				0
usr/lib/mios/agent-pipe/test_mios_preempt.py	316	316	1	6	08e5317ca10f	STAY	inline-scoped		0				0
usr/lib/mios/agent-pipe/test_mios_preempt.py	337	338	2	12	1f91870e1a98	STAY	local-scoped		0				0
usr/lib/mios/agent-pipe/test_mios_preempt.py	352	353	2	17	db7a75d090ed	STAY	local-scoped		0				0
usr/lib/mios/agent-pipe/test_mios_preempt.py	365	366	2	21	e708c4bb3211	STAY	local-scoped		0				0
usr/lib/mios/agent-pipe/test_mios_preempt.py	388	388	1	8	88e3dc0b3edd	STAY	inline-scoped		0				0
usr/lib/mios/agent-pipe/test_mios_preempt.py	400	401	2	21	42a9d9377ff2	STAY	local-scoped		0				0
usr/lib/mios/agent-pipe/test_mios_preempt.py	407	407	1	11	077ba3178116	STAY	inline-scoped		0				0
usr/lib/mios/agent-pipe/test_mios_preempt.py	424	424	1	5	e6231eff95d1	STAY	inline-scoped		0				0
usr/lib/mios/agent-pipe/test_mios_preempt.py	452	453	2	20	5e50a62204d6	STAY	local-scoped		0				0
usr/lib/mios/agent-pipe/test_mios_preempt.py	474	474	1	6	9d26d4c5a225	STAY	inline-scoped		0				0
usr/lib/mios/agent-pipe/test_mios_preempt.py	479	480	2	25	01da08edd19a	STAY	local-scoped		0				0
usr/lib/mios/agent-pipe/test_mios_preempt.py	495	496	2	19	ed5cc6ae9f95	STAY	local-scoped		0				0
usr/lib/mios/agent-pipe/test_mios_preempt.py	499	499	1	2	9f47873363bb	STAY	inline-scoped		0				0
usr/lib/mios/agent-pipe/test_mios_preempt.py	501	501	1	2	87a142ec38f9	STAY	inline-scoped		0				0
usr/lib/mios/agent-pipe/test_mios_preempt.py	508	509	2	25	cb3156d9184b	STAY	local-scoped		0				0
usr/lib/mios/agent-pipe/test_mios_preempt.py	513	513	1	6	0bbcbe11aafc	STAY	inline-scoped		0				0
usr/lib/mios/agent-pipe/test_mios_preempt.py	519	519	1	2	728159e48524	STAY	inline-scoped		0				0
usr/lib/mios/agent-pipe/test_mios_preempt.py	520	520	1	1	b24d6d33736e	STAY	inline-scoped		0				0
usr/lib/mios/agent-pipe/test_mios_preempt.py	521	521	1	9	a87251f852ff	STAY	inline-scoped		0				0
usr/lib/mios/agent-pipe/test_mios_preempt.py	528	530	3	21	9326c9dc3fb6	STAY	midsize-why		0				0
usr/lib/mios/agent-pipe/test_mios_preempt.py	545	547	3	34	8ac8d2cfb2e1	STAY	midsize-why		0				0
usr/lib/mios/agent-pipe/test_mios_preempt.py	552	552	1	2	9f47873363bb	STAY	inline-scoped		0				0
usr/lib/mios/agent-pipe/test_mios_preempt.py	553	553	1	3	da6300ac6029	STAY	inline-scoped		0				0
usr/lib/mios/agent-pipe/test_mios_preempt.py	571	572	2	20	22c6d4303669	STAY	local-scoped		0				0
usr/lib/mios/agent-pipe/test_mios_preempt.py	578	578	1	4	80ab9489c720	STAY	inline-scoped		0				0
usr/lib/mios/agent-pipe/test_mios_preempt.py	589	591	3	38	52241539c13b	STAY	midsize-why		0				0
usr/lib/mios/agent-pipe/test_mios_preempt.py	618	619	2	20	6786be8ef8a5	STAY	local-scoped		0				0
usr/lib/mios/agent-pipe/test_mios_preempt.py	635	635	1	8	88e3dc0b3edd	STAY	inline-scoped		0				0
usr/lib/mios/agent-pipe/test_mios_preempt.py	647	649	3	31	8d8418cfe25d	MIGRATE	midsize-narrative		0				0
usr/lib/mios/agent-pipe/test_mios_preempt.py	653	653	1	7	6f764793fbd0	STAY	inline-scoped		0				0
usr/lib/mios/agent-pipe/test_mios_principal.py	1	2	2	13	022fe4626354	STAY	ai-header		0				0
usr/lib/mios/agent-pipe/test_mios_principal.py	3	3	1	4	d9c53580fbb4	STAY	local-scoped		0				0
usr/lib/mios/agent-pipe/test_mios_principal.py	14	14	1	8	ec79fe041dda	STAY	local-scoped		0				0
usr/lib/mios/agent-pipe/test_mios_promptfmt.py	1	2	2	11	fbb344cef230	STAY	ai-header		0				0
usr/lib/mios/agent-pipe/test_mios_promptfmt.py	3	3	1	6	3de1259cf91b	STAY	local-scoped		0				0
usr/lib/mios/agent-pipe/test_mios_promptfmt.py	25	25	1	1	e184fe130621	STAY	inline-scoped		0				0
usr/lib/mios/agent-pipe/test_mios_promptver.py	1	3	3	18	f0eaed515793	STAY	ai-header		0				0
usr/lib/mios/agent-pipe/test_mios_promptver.py	4	4	1	5	5efdf5fc790a	STAY	local-scoped		0				0
usr/lib/mios/agent-pipe/test_mios_provider_translate.py	1	3	3	19	c6edd7208563	STAY	ai-header		0				0
usr/lib/mios/agent-pipe/test_mios_provider_translate.py	4	4	1	6	08db7e50516c	STAY	local-scoped		0				0
usr/lib/mios/agent-pipe/test_mios_provider_translate.py	26	26	1	4	175eeaa37599	STAY	inline-scoped		0				0
usr/lib/mios/agent-pipe/test_mios_provider_translate.py	46	46	1	2	88b2d373f5a8	STAY	inline-scoped		0				0
usr/lib/mios/agent-pipe/test_mios_pty.py	1	3	3	22	4c9344581492	STAY	ai-header		0				0
usr/lib/mios/agent-pipe/test_mios_pty.py	38	39	2	24	1d3a054feec7	STAY	local-scoped		0				0
usr/lib/mios/agent-pipe/test_mios_pty.py	71	73	3	37	536fe8d4823e	STAY	midsize-why		0				0
usr/lib/mios/agent-pipe/test_mios_pty.py	110	112	3	25	acc0c2170261	STAY	midsize-why		0				0
usr/lib/mios/agent-pipe/test_mios_pty.py	125	126	2	24	f03e6db13f61	STAY	local-scoped		0				0
usr/lib/mios/agent-pipe/test_mios_quality_gate.py	1	2	2	13	21e9d27a2f36	STAY	ai-header		0				0
usr/lib/mios/agent-pipe/test_mios_quality_gate.py	3	3	1	4	c4211a0e6bd2	STAY	local-scoped		0				0
usr/lib/mios/agent-pipe/test_mios_quality_gate.py	15	15	1	8	4f38c041ef2d	STAY	local-scoped		0				0
usr/lib/mios/agent-pipe/test_mios_quarantine.py	1	2	2	19	baf27170b215	STAY	ai-header		0				0
usr/lib/mios/agent-pipe/test_mios_quarantine.py	3	3	1	11	c1f3b21a2d0d	STAY	local-scoped		0				0
usr/lib/mios/agent-pipe/test_mios_quarantine.py	75	75	1	2	f56ee1e18c22	STAY	inline-scoped		0				0
usr/lib/mios/agent-pipe/test_mios_quarantine.py	106	106	1	4	1949a0ad548a	STAY	inline-scoped		0				0
usr/lib/mios/agent-pipe/test_mios_quarantine.py	107	107	1	4	0d590e36a6d5	STAY	inline-scoped		0				0
usr/lib/mios/agent-pipe/test_mios_quarantine.py	108	108	1	4	e35ebd5f72f6	STAY	inline-scoped		0				0
usr/lib/mios/agent-pipe/test_mios_quarantine.py	109	109	1	3	dc4a0340ba65	STAY	inline-scoped		0				0
usr/lib/mios/agent-pipe/test_mios_quarantine.py	115	115	1	10	56e869868105	STAY	inline-scoped		0				0
usr/lib/mios/agent-pipe/test_mios_quarantine.py	116	116	1	7	437fcfc245ac	STAY	inline-scoped		0				0
usr/lib/mios/agent-pipe/test_mios_quarantine.py	130	130	1	9	6089186f1302	STAY	local-scoped		0				0
usr/lib/mios/agent-pipe/test_mios_quarantine.py	136	139	4	39	4930bbbfcaea	STAY	midsize-why		0				0
usr/lib/mios/agent-pipe/test_mios_quarantine.py	143	143	1	8	d429d25c3008	STAY	inline-scoped		0				0
usr/lib/mios/agent-pipe/test_mios_quarantine.py	145	145	1	6	bab5d2c070dd	STAY	inline-scoped		0				0
usr/lib/mios/agent-pipe/test_mios_quarantine.py	147	147	1	6	21cd7b007832	STAY	inline-scoped		0				0
usr/lib/mios/agent-pipe/test_mios_quarantine.py	171	171	1	8	d53a0621fc2a	STAY	inline-scoped		0				0
usr/lib/mios/agent-pipe/test_mios_quota.py	1	3	3	20	c3398dd096e3	STAY	ai-header		0				0
usr/lib/mios/agent-pipe/test_mios_quota.py	4	4	1	5	8d67c6ddd69a	STAY	local-scoped		0				0
usr/lib/mios/agent-pipe/test_mios_quota.py	41	41	1	4	6602ea71d8fc	DROP	banner		0				0
usr/lib/mios/agent-pipe/test_mios_quota.py	48	48	1	2	021e9f226c6b	STAY	inline-scoped		0				0
usr/lib/mios/agent-pipe/test_mios_quota.py	66	66	1	14	a229a7e1452d	STAY	local-scoped		0				0
usr/lib/mios/agent-pipe/test_mios_react_reflexion.py	1	3	3	18	21370fcf7992	STAY	ai-header		0				0
usr/lib/mios/agent-pipe/test_mios_react_reflexion.py	4	4	1	9	d2910bbaae93	STAY	local-scoped		0				0
usr/lib/mios/agent-pipe/test_mios_record_replay.py	1	2	2	13	b3737cebb1e5	STAY	ai-header		0				0
usr/lib/mios/agent-pipe/test_mios_record_replay.py	44	44	1	9	ae3a84cf7e91	STAY	local-scoped		0				0
usr/lib/mios/agent-pipe/test_mios_record_replay.py	60	60	1	11	0068e1fadc32	STAY	local-scoped		0				0
usr/lib/mios/agent-pipe/test_mios_record_replay.py	71	71	1	11	f2cbac250028	STAY	local-scoped		0				0
usr/lib/mios/agent-pipe/test_mios_record_replay.py	85	85	1	12	57dedd08d000	STAY	local-scoped		0				0
usr/lib/mios/agent-pipe/test_mios_redact.py	1	1	1	9	125b6ba14824	STAY	ai-header		0				0
usr/lib/mios/agent-pipe/test_mios_refine.py	1	3	3	19	fe415998de37	STAY	ai-header		0				0
usr/lib/mios/agent-pipe/test_mios_refine.py	4	4	1	10	52dea0c78d29	STAY	local-scoped		0				0
usr/lib/mios/agent-pipe/test_mios_refine.py	93	93	1	9	911e838247db	STAY	local-scoped		0				0
usr/lib/mios/agent-pipe/test_mios_refine.py	94	94	1	9	dd6ae24a6771	STAY	inline-scoped		0				0
usr/lib/mios/agent-pipe/test_mios_refine.py	251	251	1	4	d984b9729b7a	STAY	inline-scoped		0				0
usr/lib/mios/agent-pipe/test_mios_reflect.py	1	3	3	17	5f6acd46103a	STAY	ai-header		0				0
usr/lib/mios/agent-pipe/test_mios_reflect.py	4	4	1	6	8bccfcd85b5d	STAY	local-scoped		0				0
usr/lib/mios/agent-pipe/test_mios_reflect.py	222	223	2	19	df94d0c4630c	STAY	local-scoped		0				0
usr/lib/mios/agent-pipe/test_mios_reflect.py	266	267	2	24	086badb7b3a4	STAY	local-scoped		0				0
usr/lib/mios/agent-pipe/test_mios_reflect.py	286	286	1	12	b5ca2744f994	STAY	local-scoped		0				0
usr/lib/mios/agent-pipe/test_mios_reflect.py	295	295	1	15	b7dec5d9c20d	STAY	local-scoped		0				0
usr/lib/mios/agent-pipe/test_mios_reflect.py	303	303	1	11	92d05337d1b3	STAY	local-scoped		0				0
usr/lib/mios/agent-pipe/test_mios_reflect.py	309	309	1	6	4bfbf1006c2c	STAY	local-scoped		0				0
usr/lib/mios/agent-pipe/test_mios_registry.py	1	3	3	20	e8df29ea6fbc	STAY	ai-header		0				0
usr/lib/mios/agent-pipe/test_mios_registry.py	4	4	1	5	1adefc45304b	STAY	local-scoped		0				0
usr/lib/mios/agent-pipe/test_mios_remote_adapter.py	1	1	1	12	054d04dea644	STAY	ai-header		0				0
usr/lib/mios/agent-pipe/test_mios_replay.py	1	3	3	20	f54f7745bb3d	STAY	ai-header		0				0
usr/lib/mios/agent-pipe/test_mios_replay.py	5	5	1	7	bc3332a1ebcd	STAY	local-scoped		0				0
usr/lib/mios/agent-pipe/test_mios_replay.py	90	91	2	25	6a47c3c25eb8	STAY	local-scoped		0				0
usr/lib/mios/agent-pipe/test_mios_replay.py	111	112	2	23	d08ced677e78	STAY	local-scoped		0				0
usr/lib/mios/agent-pipe/test_mios_replay.py	115	115	1	3	c4eab4cecb60	STAY	inline-scoped		0				0
usr/lib/mios/agent-pipe/test_mios_replay.py	167	168	2	21	9ebb9ed74f0d	STAY	local-scoped		0				0
usr/lib/mios/agent-pipe/test_mios_reputation.py	1	2	2	18	97e63cf95f0a	STAY	ai-header		0				0
usr/lib/mios/agent-pipe/test_mios_reputation.py	3	11	8	48	8abb2ac12c2a	MIGRATE	narrative-rationale		0				0
usr/lib/mios/agent-pipe/test_mios_reputation.py	56	56	1	6	21aa6a5cb55a	STAY	inline-scoped		0				0
usr/lib/mios/agent-pipe/test_mios_reputation.py	87	87	1	7	15fe7613b668	STAY	inline-scoped		0				0
usr/lib/mios/agent-pipe/test_mios_reputation.py	89	89	1	7	ffa2c337581c	STAY	inline-scoped		0				0
usr/lib/mios/agent-pipe/test_mios_router.py	1	3	3	22	54a9026a4039	STAY	ai-header		0				0
usr/lib/mios/agent-pipe/test_mios_router.py	4	4	1	7	38f1eca5af66	STAY	local-scoped		0				0
usr/lib/mios/agent-pipe/test_mios_router_parity.py	1	3	3	17	2169a8e12166	STAY	ai-header		0				0
usr/lib/mios/agent-pipe/test_mios_router_parity.py	22	22	1	7	92333d95c4d4	STAY	local-scoped		0				0
usr/lib/mios/agent-pipe/test_mios_routing.py	1	3	3	19	d00f78c1a53b	STAY	ai-header		0				0
usr/lib/mios/agent-pipe/test_mios_routing.py	4	4	1	6	c7d5afc83200	STAY	local-scoped		0				0
usr/lib/mios/agent-pipe/test_mios_ruleof2.py	1	2	2	13	e9d7cfd66bef	STAY	ai-header		0				0
usr/lib/mios/agent-pipe/test_mios_ruleof2.py	3	3	1	11	1b87f65ddd2d	STAY	local-scoped		0				0
usr/lib/mios/agent-pipe/test_mios_ruleof2.py	72	72	1	2	f56ee1e18c22	STAY	inline-scoped		0				0
usr/lib/mios/agent-pipe/test_mios_ruleof2.py	86	86	1	2	197a02c51f08	DROP	banner		0				0
usr/lib/mios/agent-pipe/test_mios_ruleof2.py	87	87	1	2	48c61c865dee	STAY	inline-scoped		0				0
usr/lib/mios/agent-pipe/test_mios_ruleof2.py	88	88	1	2	22e50ef454d0	STAY	inline-scoped		0				0
usr/lib/mios/agent-pipe/test_mios_ruleof2.py	94	94	1	10	56e869868105	STAY	inline-scoped		0				0
usr/lib/mios/agent-pipe/test_mios_ruleof2.py	103	104	2	24	280e071ecea3	STAY	local-scoped		0				0
usr/lib/mios/agent-pipe/test_mios_ruleof2.py	108	108	1	8	d429d25c3008	STAY	inline-scoped		0				0
usr/lib/mios/agent-pipe/test_mios_run_template.py	1	3	3	20	230a174c68f7	STAY	ai-header		0				0
usr/lib/mios/agent-pipe/test_mios_run_template.py	5	5	1	11	db6069eac7ce	STAY	local-scoped		0				0
usr/lib/mios/agent-pipe/test_mios_sandbox.py	1	3	3	19	a2aeb5827278	STAY	ai-header		0				0
usr/lib/mios/agent-pipe/test_mios_sandbox.py	4	4	1	5	a211143f4d40	STAY	local-scoped		0				0
usr/lib/mios/agent-pipe/test_mios_sched.py	1	2	2	19	cdee0acb4ff6	STAY	ai-header		0				0
usr/lib/mios/agent-pipe/test_mios_sched.py	3	11	8	53	2bdaac1e6456	MIGRATE	narrative-rationale		0				0
usr/lib/mios/agent-pipe/test_mios_sched.py	31	33	3	31	57f0133a0777	STAY	midsize-why		0				0
usr/lib/mios/agent-pipe/test_mios_sched.py	52	52	1	12	9e7c6e76ff3c	STAY	local-scoped		0				0
usr/lib/mios/agent-pipe/test_mios_sched.py	68	68	1	6	41c413e294c6	STAY	inline-scoped		0				0
usr/lib/mios/agent-pipe/test_mios_sched.py	76	76	1	11	c680d230a03f	STAY	local-scoped		0				0
usr/lib/mios/agent-pipe/test_mios_sched.py	78	78	1	4	382570185620	STAY	inline-scoped		0				0
usr/lib/mios/agent-pipe/test_mios_sched.py	87	87	1	3	11e4ea38d8c9	STAY	inline-scoped		0				0
usr/lib/mios/agent-pipe/test_mios_sched.py	89	89	1	3	1c7be908f609	STAY	inline-scoped		0				0
usr/lib/mios/agent-pipe/test_mios_sched.py	91	91	1	9	aa40e27f5405	STAY	inline-scoped		0				0
usr/lib/mios/agent-pipe/test_mios_sched.py	97	97	1	5	d8ce2ea215f7	STAY	local-scoped		0				0
usr/lib/mios/agent-pipe/test_mios_sched.py	117	117	1	12	4e359c5d94bb	STAY	local-scoped		0				0
usr/lib/mios/agent-pipe/test_mios_sched.py	128	128	1	7	52d485685f31	STAY	inline-scoped		0				0
usr/lib/mios/agent-pipe/test_mios_sched.py	130	130	1	3	dcdb9ab4cc7a	STAY	inline-scoped		0				0
usr/lib/mios/agent-pipe/test_mios_sched.py	131	131	1	8	7cc925167941	STAY	inline-scoped		0				0
usr/lib/mios/agent-pipe/test_mios_sched.py	138	138	1	9	86b5ac20c96e	STAY	local-scoped		0				0
usr/lib/mios/agent-pipe/test_mios_sched.py	160	160	1	10	4823cdb849ec	STAY	local-scoped		0				0
usr/lib/mios/agent-pipe/test_mios_sched.py	183	183	1	9	17fc6f427f49	STAY	local-scoped		0				0
usr/lib/mios/agent-pipe/test_mios_sched.py	209	210	2	22	211f35aba1a7	STAY	local-scoped		0				0
usr/lib/mios/agent-pipe/test_mios_sched.py	211	211	1	4	17531df41608	STAY	inline-scoped		0				0
usr/lib/mios/agent-pipe/test_mios_sched.py	212	212	1	5	650513b10cb0	STAY	inline-scoped		0				0
usr/lib/mios/agent-pipe/test_mios_sched.py	216	216	1	4	99a41c15c298	STAY	inline-scoped		0				0
usr/lib/mios/agent-pipe/test_mios_sched.py	224	224	1	6	be1b3dfce86d	STAY	inline-scoped		0				0
usr/lib/mios/agent-pipe/test_mios_sched.py	232	236	5	67	2372a57da968	MIGRATE	narrative-history		0				0
usr/lib/mios/agent-pipe/test_mios_sched.py	237	237	1	6	8af5ec128e8b	STAY	inline-scoped		0				0
usr/lib/mios/agent-pipe/test_mios_sched.py	238	238	1	10	956d92317572	STAY	inline-scoped		0				0
usr/lib/mios/agent-pipe/test_mios_sched.py	239	239	1	6	df624288a5c4	STAY	inline-scoped		0				0
usr/lib/mios/agent-pipe/test_mios_sched.py	243	243	1	8	08552aedd9a2	STAY	inline-scoped		0				0
usr/lib/mios/agent-pipe/test_mios_sched.py	248	248	1	7	4a300649fb32	STAY	inline-scoped		0				0
usr/lib/mios/agent-pipe/test_mios_sched.py	251	251	1	7	167d700e38cb	STAY	inline-scoped		0				0
usr/lib/mios/agent-pipe/test_mios_sched.py	259	259	1	6	ca1e089ca7e1	STAY	inline-scoped		0				0
usr/lib/mios/agent-pipe/test_mios_sched.py	265	265	1	8	996c40560e53	STAY	inline-scoped		0				0
usr/lib/mios/agent-pipe/test_mios_sched.py	269	269	1	6	f507f2432f84	STAY	inline-scoped		0				0
usr/lib/mios/agent-pipe/test_mios_sched.py	276	277	2	26	bbba2df4cbe3	STAY	midsize-why		0				0
usr/lib/mios/agent-pipe/test_mios_sched.py	279	279	1	5	62adaf56a754	STAY	inline-scoped		0				0
usr/lib/mios/agent-pipe/test_mios_sched.py	280	280	1	4	a6cb5fe87991	STAY	inline-scoped		0				0
usr/lib/mios/agent-pipe/test_mios_sched.py	284	284	1	6	e0cfe5e1020e	STAY	inline-scoped		0				0
usr/lib/mios/agent-pipe/test_mios_sched.py	290	290	1	9	a7f43c90bb9f	STAY	inline-scoped		0				0
usr/lib/mios/agent-pipe/test_mios_sched.py	299	300	2	20	c8102ea20b4f	STAY	local-scoped		0				0
usr/lib/mios/agent-pipe/test_mios_sched.py	337	337	1	10	f749d6451547	STAY	local-scoped		0				0
usr/lib/mios/agent-pipe/test_mios_sched.py	347	347	1	5	9ab18888ce47	STAY	inline-scoped		0				0
usr/lib/mios/agent-pipe/test_mios_sched.py	353	353	1	10	a46bf29a93f9	STAY	local-scoped		0				0
usr/lib/mios/agent-pipe/test_mios_sched.py	370	370	1	11	ee822c2f72f4	STAY	local-scoped		0				0
usr/lib/mios/agent-pipe/test_mios_sched.py	391	393	3	37	65d37c3abb69	STAY	midsize-why		0				0
usr/lib/mios/agent-pipe/test_mios_sched.py	394	394	1	5	7115004aec1f	STAY	inline-scoped		0				0
usr/lib/mios/agent-pipe/test_mios_sched.py	415	416	2	24	b721c8803acf	STAY	local-scoped		0				0
usr/lib/mios/agent-pipe/test_mios_sched.py	445	447	3	31	831899366cf5	STAY	midsize-why		0				0
usr/lib/mios/agent-pipe/test_mios_sched.py	452	452	1	4	9da6ec6083e1	STAY	inline-scoped		0				0
usr/lib/mios/agent-pipe/test_mios_sched.py	454	454	1	4	f1ab559d0829	STAY	inline-scoped		0				0
usr/lib/mios/agent-pipe/test_mios_sched.py	456	456	1	3	0c7e43ef91ea	STAY	inline-scoped		0				0
usr/lib/mios/agent-pipe/test_mios_sched.py	463	465	3	33	bf52ed3b8f96	STAY	midsize-why		0				0
usr/lib/mios/agent-pipe/test_mios_sched.py	466	466	1	2	74bdaa5dd079	DROP	banner		0				0
usr/lib/mios/agent-pipe/test_mios_sched.py	468	468	1	3	b2b0c6b46a10	STAY	inline-scoped		0				0
usr/lib/mios/agent-pipe/test_mios_sched.py	477	477	1	10	3b0c44a3ea0d	STAY	local-scoped		0				0
usr/lib/mios/agent-pipe/test_mios_scratchpad.py	1	1	1	5	e662a0eefee6	STAY	ai-header		0				0
usr/lib/mios/agent-pipe/test_mios_scratchpad.py	2	2	1	6	fd992c79ae9e	STAY	local-scoped		0				0
usr/lib/mios/agent-pipe/test_mios_seccomp.py	1	3	3	12	22e1103f38b2	STAY	ai-header		0				0
usr/lib/mios/agent-pipe/test_mios_seccomp.py	5	5	1	10	9cfb06ef8c74	STAY	local-scoped		0				0
usr/lib/mios/agent-pipe/test_mios_seccomp.py	29	30	2	21	0ad7edd6945f	STAY	local-scoped		0				0
usr/lib/mios/agent-pipe/test_mios_seccomp.py	72	72	1	13	76349626f568	STAY	local-scoped		0				0
usr/lib/mios/agent-pipe/test_mios_secondary_loop.py	1	4	4	18	f8d0212b650c	STAY	ai-header		0				0
usr/lib/mios/agent-pipe/test_mios_secondary_loop.py	5	5	1	8	9dcdbf6448e7	STAY	local-scoped		0				0
usr/lib/mios/agent-pipe/test_mios_secondary_loop.py	36	36	1	9	e744f19432a1	STAY	local-scoped		0				0
usr/lib/mios/agent-pipe/test_mios_secondary_loop.py	71	71	1	10	e7f4f0a71473	STAY	local-scoped		0				0
usr/lib/mios/agent-pipe/test_mios_secondary_loop.py	74	74	1	2	fac5fd4b381e	STAY	inline-scoped		0				0
usr/lib/mios/agent-pipe/test_mios_secondary_loop.py	75	75	1	7	2c6afaff6691	STAY	inline-scoped		0				0
usr/lib/mios/agent-pipe/test_mios_secondary_loop.py	82	82	1	7	242ab0d2163c	STAY	inline-scoped		0				0
usr/lib/mios/agent-pipe/test_mios_secondary_loop.py	101	101	1	2	6660fb393e0a	STAY	inline-scoped		0				0
usr/lib/mios/agent-pipe/test_mios_secondary_loop.py	102	102	1	4	a9a072ecec24	STAY	inline-scoped		0				0
usr/lib/mios/agent-pipe/test_mios_secondary_loop.py	116	116	1	4	11bb499808b2	STAY	inline-scoped		0				0
usr/lib/mios/agent-pipe/test_mios_secondary_loop.py	147	147	1	2	680d61c7b174	STAY	inline-scoped		0				0
usr/lib/mios/agent-pipe/test_mios_secset.py	1	3	3	19	7cee961f03af	STAY	ai-header		0				0
usr/lib/mios/agent-pipe/test_mios_secset.py	4	4	1	5	a09e0ffa079f	STAY	local-scoped		0				0
usr/lib/mios/agent-pipe/test_mios_secset.py	22	22	1	4	b9034514e8c6	STAY	inline-scoped		0				0
usr/lib/mios/agent-pipe/test_mios_selfimprove.py	1	2	2	17	23af67b1e7d8	STAY	ai-header		0				0
usr/lib/mios/agent-pipe/test_mios_selfimprove.py	3	10	7	37	585ec8342721	MIGRATE	narrative-rationale		0	usr/share/doc/mios/manual/_harvest/usr_lib_mios_agent-pipe_test_mios_selfimprove_py.md	mios-src:585ec8342721	37	0
usr/lib/mios/agent-pipe/test_mios_selfimprove.py	33	33	1	4	cddb9c7d945f	STAY	inline-scoped		0				0
usr/lib/mios/agent-pipe/test_mios_selfimprove_act.py	1	2	2	17	9f2e7e320a09	STAY	ai-header		0				0
usr/lib/mios/agent-pipe/test_mios_selfimprove_act.py	3	16	13	93	08af0d0c0828	MIGRATE	narrative-rationale		0	usr/share/doc/mios/manual/_harvest/usr_lib_mios_agent-pipe_test_mios_selfimprove_act_py.md	mios-src:08af0d0c0828	93	0
usr/lib/mios/agent-pipe/test_mios_selfimprove_act.py	24	24	1	6	d8e0d92a94ae	STAY	inline-scoped		0				0
usr/lib/mios/agent-pipe/test_mios_selfimprove_act.py	25	25	1	4	17296da3ce76	STAY	inline-scoped		0				0
usr/lib/mios/agent-pipe/test_mios_selfimprove_act.py	34	34	1	8	660f9f467ffd	STAY	local-scoped		0				0
usr/lib/mios/agent-pipe/test_mios_selfimprove_act.py	79	79	1	3	68eabc91edd5	STAY	inline-scoped		0				0
usr/lib/mios/agent-pipe/test_mios_selfimprove_act.py	80	80	1	4	f5678e366179	STAY	inline-scoped		0				0
usr/lib/mios/agent-pipe/test_mios_selfimprove_act.py	81	81	1	4	33a26852ccd8	STAY	inline-scoped		0				0
usr/lib/mios/agent-pipe/test_mios_session_events.py	1	1	1	5	93ea06c3a0a5	STAY	ai-header		0				0
usr/lib/mios/agent-pipe/test_mios_session_events.py	2	2	1	10	967a55dfd83b	STAY	local-scoped		0				0
usr/lib/mios/agent-pipe/test_mios_skills.py	1	3	3	19	7660156f91f4	STAY	ai-header		0				0
usr/lib/mios/agent-pipe/test_mios_skills.py	4	4	1	6	cd47238997ee	STAY	local-scoped		0				0
usr/lib/mios/agent-pipe/test_mios_skills.py	150	150	1	7	10ae6bc2960b	STAY	inline-scoped		0				0
usr/lib/mios/agent-pipe/test_mios_skills.py	175	176	2	20	8a55a028d616	STAY	local-scoped		0				0
usr/lib/mios/agent-pipe/test_mios_skills.py	190	190	1	12	5f1bbec23f37	STAY	local-scoped		0				0
usr/lib/mios/agent-pipe/test_mios_skills.py	197	198	2	23	b3d382070f63	STAY	local-scoped		0				0
usr/lib/mios/agent-pipe/test_mios_skills.py	239	239	1	5	13f17bd040ad	STAY	inline-scoped		0				0
usr/lib/mios/agent-pipe/test_mios_slo.py	1	3	3	19	e6953e6df4d7	STAY	ai-header		0				0
usr/lib/mios/agent-pipe/test_mios_slo.py	4	4	1	5	95d8d1c442c6	STAY	local-scoped		0				0
usr/lib/mios/agent-pipe/test_mios_slo.py	36	36	1	2	96a0b5c038f5	STAY	inline-scoped		0				0
usr/lib/mios/agent-pipe/test_mios_slo.py	37	37	1	2	b320e25012ed	STAY	inline-scoped		0				0
usr/lib/mios/agent-pipe/test_mios_slo.py	57	57	1	8	cc8358e42a3b	STAY	inline-scoped		0				0
usr/lib/mios/agent-pipe/test_mios_slo.py	58	58	1	4	ad39f3c16130	STAY	inline-scoped		0				0
usr/lib/mios/agent-pipe/test_mios_slo.py	63	63	1	7	bc98182af453	STAY	inline-scoped		0				0
usr/lib/mios/agent-pipe/test_mios_slo.py	67	67	1	5	27fdb5595bd5	STAY	inline-scoped		0				0
usr/lib/mios/agent-pipe/test_mios_smartroute.py	1	3	3	18	77c0c51ed676	STAY	ai-header		0				0
usr/lib/mios/agent-pipe/test_mios_smartroute.py	4	4	1	5	42441ca8064f	STAY	local-scoped		0				0
usr/lib/mios/agent-pipe/test_mios_smartroute.py	56	56	1	5	42d8cd6fa547	STAY	inline-scoped		0				0
usr/lib/mios/agent-pipe/test_mios_sse.py	1	3	3	20	a47466678c9e	STAY	ai-header		0				0
usr/lib/mios/agent-pipe/test_mios_sse.py	4	4	1	6	936c0096b6b6	STAY	local-scoped		0				0
usr/lib/mios/agent-pipe/test_mios_sse.py	25	25	1	8	e05b9d7e0f27	STAY	local-scoped		0				0
usr/lib/mios/agent-pipe/test_mios_sse.py	91	91	1	4	27c1fe71b881	STAY	inline-scoped		0				0
usr/lib/mios/agent-pipe/test_mios_streaming.py	1	1	1	5	604d012b7cbf	STAY	ai-header		0				0
usr/lib/mios/agent-pipe/test_mios_stress.py	1	2	2	21	d9b8388153b9	STAY	ai-header		0				0
usr/lib/mios/agent-pipe/test_mios_stress.py	3	8	5	33	346d0853150b	MIGRATE	midsize-narrative		0	usr/share/doc/mios/manual/_harvest/usr_lib_mios_agent-pipe_test_mios_stress_py.md	mios-src:346d0853150b	33	0
usr/lib/mios/agent-pipe/test_mios_stress.py	23	23	1	1	d732fdbb134a	DROP	banner		0				0
usr/lib/mios/agent-pipe/test_mios_surface.py	1	3	3	22	cccbb3a02c81	STAY	ai-header		0				0
usr/lib/mios/agent-pipe/test_mios_surface.py	4	4	1	8	4cdf8834a346	STAY	local-scoped		0				0
usr/lib/mios/agent-pipe/test_mios_surface.py	74	76	3	37	ce777f0cafba	STAY	midsize-why		0				0
usr/lib/mios/agent-pipe/test_mios_swarm.py	1	3	3	18	3e6eb9806ca2	STAY	ai-header		0				0
usr/lib/mios/agent-pipe/test_mios_swarm.py	13	13	1	9	2f782f4284c4	STAY	local-scoped		0				0
usr/lib/mios/agent-pipe/test_mios_swarm.py	20	21	2	16	6db5caedc0af	STAY	local-scoped		0				0
usr/lib/mios/agent-pipe/test_mios_swarm.py	85	85	1	12	9577bf355fd2	STAY	local-scoped		0				0
usr/lib/mios/agent-pipe/test_mios_swarm.py	115	116	2	23	8b0e0ecb8d00	STAY	local-scoped		0				0
usr/lib/mios/agent-pipe/test_mios_swarm.py	158	158	1	9	7be1c505b76d	STAY	local-scoped		0				0
usr/lib/mios/agent-pipe/test_mios_swarm.py	168	170	3	27	d1c8f4e6f9c5	STAY	midsize-why		0				0
usr/lib/mios/agent-pipe/test_mios_swarm.py	197	198	2	21	80c80f021485	STAY	local-scoped		0				0
usr/lib/mios/agent-pipe/test_mios_swarm.py	216	216	1	8	54ac3b845bbc	STAY	local-scoped		0				0
usr/lib/mios/agent-pipe/test_mios_swarm.py	221	222	2	26	33c6bd1e8029	STAY	midsize-why		0				0
usr/lib/mios/agent-pipe/test_mios_swarm.py	245	245	1	10	bc94b0c431cc	STAY	local-scoped		0				0
usr/lib/mios/agent-pipe/test_mios_swarm.py	266	267	2	23	11d739156629	STAY	local-scoped		0				0
usr/lib/mios/agent-pipe/test_mios_swarm.py	280	280	1	11	58e8de1abcdf	STAY	local-scoped		0				0
usr/lib/mios/agent-pipe/test_mios_template.py	1	3	3	12	7de7d6463306	STAY	ai-header		0				0
usr/lib/mios/agent-pipe/test_mios_template.py	4	4	1	6	ca40356f8776	STAY	local-scoped		0				0
usr/lib/mios/agent-pipe/test_mios_template.py	75	75	1	3	69f13ee2aaa7	STAY	inline-scoped		0				0
usr/lib/mios/agent-pipe/test_mios_tiered_memory.py	1	2	2	31	488a35aafc01	STAY	ai-header		0				0
usr/lib/mios/agent-pipe/test_mios_tiered_memory.py	111	111	1	2	21b9d823863f	STAY	inline-scoped		0				0
usr/lib/mios/agent-pipe/test_mios_tiered_memory.py	143	143	1	2	0102a1e94e37	STAY	inline-scoped		0				0
usr/lib/mios/agent-pipe/test_mios_tiered_memory.py	144	144	1	2	0102a1e94e37	STAY	inline-scoped		0				0
usr/lib/mios/agent-pipe/test_mios_tokenize.py	1	3	3	18	69e487b2cac3	STAY	ai-header		0				0
usr/lib/mios/agent-pipe/test_mios_tokenize.py	4	4	1	5	6f11a6f9e6d6	STAY	local-scoped		0				0
usr/lib/mios/agent-pipe/test_mios_tokenize.py	63	63	1	4	9eeef32d2bf0	STAY	inline-scoped		0				0
usr/lib/mios/agent-pipe/test_mios_toml.py	1	3	3	15	7b714b131c9b	STAY	ai-header		0				0
usr/lib/mios/agent-pipe/test_mios_toolconflict.py	1	3	3	12	f1ab17a58142	STAY	ai-header		0				0
usr/lib/mios/agent-pipe/test_mios_toolconflict.py	4	4	1	8	e9b7f4a7d378	STAY	local-scoped		0				0
usr/lib/mios/agent-pipe/test_mios_toolconflict.py	27	29	3	31	389da70f8e21	STAY	midsize-why		0				0
usr/lib/mios/agent-pipe/test_mios_toolconflict.py	57	57	1	3	c501e42550f5	STAY	inline-scoped		0				0
usr/lib/mios/agent-pipe/test_mios_toolconflict.py	107	107	1	5	af1cb9ccf030	STAY	inline-scoped		0				0
usr/lib/mios/agent-pipe/test_mios_toolconflict.py	109	109	1	6	6af39735b9c1	STAY	inline-scoped		0				0
usr/lib/mios/agent-pipe/test_mios_toolconflict.py	110	110	1	3	e9fcc592853e	STAY	inline-scoped		0				0
usr/lib/mios/agent-pipe/test_mios_toolconflict.py	115	115	1	3	83f955f96dfb	STAY	inline-scoped		0				0
usr/lib/mios/agent-pipe/test_mios_toolconflict.py	151	151	1	1	02566ed5f414	STAY	inline-scoped		0				0
usr/lib/mios/agent-pipe/test_mios_toolconflict.py	152	152	1	1	eca9a27f3d10	STAY	inline-scoped		0				0
usr/lib/mios/agent-pipe/test_mios_toolconflict.py	153	153	1	2	537f1f62734d	STAY	inline-scoped		0				0
usr/lib/mios/agent-pipe/test_mios_toolexec.py	1	4	4	16	e180c97cc04e	STAY	ai-header		0				0
usr/lib/mios/agent-pipe/test_mios_toolexec.py	5	5	1	8	ed8658ae2cbf	STAY	local-scoped		0				0
usr/lib/mios/agent-pipe/test_mios_toolsearch.py	1	2	2	18	7b0580f30896	STAY	ai-header		0				0
usr/lib/mios/agent-pipe/test_mios_toolsearch.py	3	3	1	11	f23ae79833f7	STAY	local-scoped		0				0
usr/lib/mios/agent-pipe/test_mios_toolsearch.py	167	167	1	2	0ef4cd9fe3d4	STAY	inline-scoped		0				0
usr/lib/mios/agent-pipe/test_mios_toolsurface.py	1	1	1	5	940262bf8c73	STAY	ai-header		0				0
usr/lib/mios/agent-pipe/test_mios_toolsurface.py	2	2	1	11	21516983dcbb	STAY	local-scoped		0				0
usr/lib/mios/agent-pipe/test_mios_trace.py	1	3	3	14	ddb1470483d9	STAY	ai-header		0				0
usr/lib/mios/agent-pipe/test_mios_trace.py	4	4	1	5	225454426d86	STAY	local-scoped		0				0
usr/lib/mios/agent-pipe/test_mios_trace.py	41	41	1	4	661bc938bc92	STAY	inline-scoped		0				0
usr/lib/mios/agent-pipe/test_mios_trace.py	99	99	1	2	0f65daae3831	STAY	inline-scoped		0				0
usr/lib/mios/agent-pipe/test_mios_trace.py	100	100	1	3	bac5cdf5280f	STAY	inline-scoped		0				0
usr/lib/mios/agent-pipe/test_mios_turn.py	1	3	3	13	681825599946	STAY	ai-header		0				0
usr/lib/mios/agent-pipe/test_mios_turn.py	4	4	1	11	aabe4d21bbc5	STAY	local-scoped		0				0
usr/lib/mios/agent-pipe/test_mios_turn.py	25	25	1	9	a7f6c55ba9a0	STAY	local-scoped		0				0
usr/lib/mios/agent-pipe/test_mios_turn.py	75	75	1	4	2bc16865a929	STAY	inline-scoped		0				0
usr/lib/mios/agent-pipe/test_mios_turn.py	96	96	1	3	850b79ff2901	STAY	inline-scoped		0				0
usr/lib/mios/agent-pipe/test_mios_turn.py	154	154	1	11	ce7820a82959	STAY	local-scoped		0				0
usr/lib/mios/agent-pipe/test_mios_turn.py	164	164	1	10	556a219e47d1	STAY	local-scoped		0				0
usr/lib/mios/agent-pipe/test_mios_user_config.py	1	1	1	2	c8a5e92d1c7b	STAY	local-scoped		0				0
usr/lib/mios/agent-pipe/test_mios_vector.py	1	1	1	11	42db262056f1	STAY	ai-header		0				0
usr/lib/mios/agent-pipe/test_mios_verbcatalog.py	1	2	2	15	460aeec7cd36	STAY	ai-header		0				0
usr/lib/mios/agent-pipe/test_mios_verbcatalog.py	3	3	1	9	624c7b04af96	STAY	local-scoped		0				0
usr/lib/mios/agent-pipe/test_mios_verbcatalog.py	108	108	1	3	f1236c409ffb	STAY	inline-scoped		0				0
usr/lib/mios/agent-pipe/test_mios_verity.py	1	3	3	18	531982109dc1	STAY	ai-header		0				0
usr/lib/mios/agent-pipe/test_mios_verity.py	4	4	1	6	457e556f969e	STAY	local-scoped		0				0
usr/lib/mios/agent-pipe/test_mios_vision.py	1	2	2	13	95cd25646156	STAY	ai-header		0				0
usr/lib/mios/agent-pipe/test_mios_vision.py	3	16	13	86	a17a05418629	MIGRATE	narrative-rationale		0	usr/share/doc/mios/manual/_harvest/usr_lib_mios_agent-pipe_test_mios_vision_py.md	mios-src:a17a05418629	86	0
usr/lib/mios/agent-pipe/test_mios_vision.py	61	61	1	6	e839504fe8fe	STAY	inline-scoped		0				0
usr/lib/mios/agent-pipe/test_mios_vision.py	62	62	1	5	ef03c2c2d5e2	STAY	inline-scoped		0				0
usr/lib/mios/agent-pipe/test_mios_vision.py	63	63	1	2	ccccc5f5e4e2	STAY	inline-scoped		0				0
usr/lib/mios/agent-pipe/test_mios_vram.py	1	1	1	5	200a2d32a792	STAY	ai-header		0				0
usr/lib/mios/agent-pipe/test_mios_vram.py	2	2	1	8	00b465c2c87a	STAY	local-scoped		0				0
usr/lib/mios/agent-pipe/test_mios_vram_scheduler.py	1	1	1	5	56a2b117327c	STAY	ai-header		0				0
usr/lib/mios/agent-pipe/test_mios_web_research.py	1	2	2	10	bed0b40111c9	STAY	ai-header		0				0
usr/lib/mios/agent-pipe/test_mios_web_research.py	47	47	1	4	d7363b81569b	STAY	inline-scoped		0				0
usr/lib/mios/agent-pipe/test_mios_web_research.py	48	48	1	1	338129598f61	STAY	inline-scoped		0				0
usr/lib/mios/agent-pipe/test_mios_web_research.py	50	50	1	3	e5658c4062ad	STAY	inline-scoped		0				0
usr/lib/mios/agent-pipe/test_mios_web_research.py	167	167	1	4	309ee22d0524	STAY	inline-scoped		0				0
usr/lib/mios/agent-pipe/test_mios_web_research.py	227	227	1	4	7b9de76c22c4	STAY	inline-scoped		0				0
usr/lib/mios/agent-pipe/test_mios_web_research.py	269	269	1	4	b8af26f54159	STAY	inline-scoped		0				0
usr/lib/mios/agent-pipe/test_mios_web_research.py	291	291	1	7	aba92b82abcd	STAY	inline-scoped		0				0
usr/lib/mios/agent-pipe/test_mios_web_research.py	292	292	1	7	ee603857e741	STAY	inline-scoped		0				0
usr/lib/mios/agent-pipe/test_mios_web_research.py	300	300	1	3	53ceffa805f7	STAY	inline-scoped		0				0
usr/lib/mios/agent-pipe/test_mios_web_research.py	309	309	1	2	09184b7b5938	STAY	inline-scoped		0				0
usr/lib/mios/agent-pipe/test_mios_web_research.py	310	310	1	1	e7cd9c3ab5da	STAY	inline-scoped		0				0
usr/lib/mios/agent-pipe/test_mios_web_research.py	311	311	1	2	0fd0a048dc36	STAY	inline-scoped		0				0
usr/lib/mios/agent-pipe/test_mios_web_research.py	372	372	1	4	91e86496f490	STAY	inline-scoped		0				0
usr/lib/mios/agent-pipe/test_mios_web_research.py	373	373	1	3	3758119bc76a	STAY	inline-scoped		0				0
usr/lib/mios/agent-pipe/test_mios_web_research.py	374	374	1	4	4123df56b356	STAY	inline-scoped		0				0
usr/lib/mios/agent-pipe/test_mios_web_research.py	375	375	1	2	8edf7ec88b22	STAY	inline-scoped		0				0
usr/lib/mios/agent-pipe/test_mios_web_research.py	376	376	1	3	31a7d9030eec	STAY	inline-scoped		0				0
usr/lib/mios/agent-pipe/test_mios_web_research.py	380	380	1	4	6253bf436f27	STAY	inline-scoped		0				0
usr/lib/mios/agent-pipe/test_mios_web_research.py	381	381	1	5	8d3c7a894081	STAY	inline-scoped		0				0
usr/lib/mios/agent-pipe/test_mios_web_research.py	382	382	1	3	5bf33ac14f01	STAY	inline-scoped		0				0
usr/lib/mios/agent-pipe/test_mios_web_research.py	397	397	1	5	ada86f674db4	STAY	inline-scoped		0				0
usr/lib/mios/agent-pipe/test_mios_web_research.py	399	399	1	3	c79509eaff93	STAY	inline-scoped		0				0
usr/lib/mios/agent-pipe/test_mios_web_research.py	400	400	1	5	466696bdbbe8	STAY	inline-scoped		0				0
usr/lib/mios/agent-pipe/test_mios_web_research.py	401	401	1	2	42a969f6495d	STAY	inline-scoped		0				0
usr/lib/mios/agent-pipe/test_mios_web_research.py	411	411	1	5	1e81b30ab9e1	STAY	inline-scoped		0				0
usr/lib/mios/agent-pipe/test_mios_web_research.py	417	417	1	5	9c68d86d2639	STAY	inline-scoped		0				0
usr/lib/mios/agent-pipe/test_mios_web_research.py	419	419	1	4	1b3066177c06	STAY	inline-scoped		0				0
usr/lib/mios/agent-pipe/test_mios_web_research.py	421	421	1	6	023a9f2eafbe	STAY	inline-scoped		0				0
usr/lib/mios/agent-pipe/test_mios_web_research.py	430	430	1	2	9d2beab08531	STAY	inline-scoped		0				0
usr/lib/mios/agent-pipe/test_mios_web_research.py	437	437	1	2	a9999b789efd	STAY	inline-scoped		0				0
usr/lib/mios/agent-pipe/test_mios_web_research.py	439	439	1	2	bca1795ce7bd	STAY	inline-scoped		0				0
usr/lib/mios/agent-pipe/test_mios_web_research.py	441	441	1	4	666fc3c21cd1	STAY	inline-scoped		0				0
usr/lib/mios/agent-pipe/test_mios_web_research.py	442	442	1	4	10d398f02b39	STAY	inline-scoped		0				0
usr/lib/mios/agent-pipe/test_mios_worker_tools.py	1	3	3	19	9b295c622073	STAY	ai-header		0				0
usr/lib/mios/agent-pipe/test_mios_worker_tools.py	4	4	1	6	94ab7fb3271a	STAY	local-scoped		0				0
usr/lib/mios/agent-pipe/test_mios_worker_tools.py	23	23	1	11	d0736f0221af	STAY	local-scoped		0				0
usr/lib/mios/agent-pipe/test_mios_worker_tools.py	53	53	1	6	fd80a98b4820	STAY	inline-scoped		0				0
usr/lib/mios/agent-pipe/test_mios_worker_tools.py	121	121	1	3	56e26ca4dbc0	STAY	inline-scoped		0				0
usr/lib/mios/agent-pipe/test_mios_worker_tools.py	122	122	1	5	d6faecd08f99	STAY	inline-scoped		0				0
usr/lib/mios/agent-pipe/test_mios_worker_tools.py	156	156	1	11	62d53d5a2ee9	STAY	local-scoped		0				0
usr/lib/mios/agent-pipe/test_mios_worker_tools.py	172	172	1	3	4f94d9a22785	STAY	inline-scoped		0				0
usr/lib/mios/agent-pipe/test_mios_worker_tools.py	177	177	1	1	f329e3a317ee	STAY	inline-scoped		0				0
usr/lib/mios/agent-pipe/test_server_import.py	1	3	3	15	b9761569e879	STAY	ai-header		0				0
usr/lib/mios/agent-pipe/test_server_import.py	4	4	1	12	d67820f9d1eb	STAY	local-scoped		0				0
usr/lib/mios/agent-pipe/test_server_import.py	22	24	3	35	1cb3f968e343	MIGRATE	midsize-narrative		0	usr/share/doc/mios/manual/_harvest/usr_lib_mios_agent-pipe_test_server_import_py.md	mios-src:1cb3f968e343	35	0
usr/lib/mios/agent-pipe/test_server_import.py	129	129	1	8	c71d79b6d84e	STAY	inline-scoped		0				0
usr/lib/mios/agent-pipe/test_server_import.py	197	197	1	9	8e209ff8735c	STAY	inline-scoped		0				0
usr/lib/mios/agent-pipe/test_server_import.py	198	198	1	2	f56ee1e18c22	STAY	inline-scoped		0				0
usr/lib/mios/agent-pipe/tests/test_mios_health.py	1	1	1	6	3be3be285f35	STAY	ai-header		0				0
usr/lib/mios/agent-pipe/tests/test_mios_mcp_dispatch.py	1	1	1	6	55c87b7e3759	STAY	ai-header		0				0
usr/lib/mios/agents/opencode-gateway/server.py	1	3	3	21	d08dce5a1c0c	STAY	ai-header		0				0
usr/lib/mios/agents/opencode-gateway/server.py	4	35	31	184	2a299fcfb3e3	MIGRATE	narrative-history		0				0
usr/lib/mios/agents/opencode-gateway/server.py	65	69	5	26	5f488ac9f0a7	STAY	midsize-why		0				0
usr/lib/mios/agents/opencode-gateway/server.py	76	82	7	47	93ef4e2f3aa3	MIGRATE	narrative-history		0				0
usr/lib/mios/agents/opencode-gateway/server.py	104	104	1	5	f4ce1b2c5ac6	STAY	inline-scoped		0				0
usr/lib/mios/agents/opencode-gateway/server.py	122	135	14	109	fd05adc8a631	MIGRATE	narrative-rationale		0				0
usr/lib/mios/agents/opencode-gateway/server.py	268	276	9	71	3242f7b0c8f2	MIGRATE	narrative-rationale		0				0
usr/lib/mios/blade.sh	1	3	3	23	e1f05ae9e018	STAY	ai-header		0				0
usr/lib/mios/blade.sh	9	10	2	16	eaf7ba540baa	STAY	local-scoped		0				0
usr/lib/mios/blade.sh	16	16	1	1	0dca2d32eedf	DROP	commented-out-code		0				0
usr/lib/mios/blade.sh	22	23	2	23	a6e2d829ebc9	STAY	local-scoped		0				0
usr/lib/mios/blade.sh	28	28	1	0	0bb45820a040	DROP	banner		0				0
usr/lib/mios/blade.sh	29	29	1	0	d0d93a858adc	DROP	banner		0				0
usr/lib/mios/blade.sh	33	34	2	18	17cfd54c4e22	STAY	local-scoped		0				0
usr/lib/mios/blade.sh	66	68	3	30	d96ed8faf11a	STAY	midsize-why		0				0
usr/lib/mios/blade.sh	80	84	5	44	da97cc82980b	STAY	midsize-why		0				0
usr/lib/mios/blade.sh	102	102	1	11	b76c4c991d8a	STAY	local-scoped		0				0
usr/lib/mios/blade.sh	115	116	2	22	38aa02a998d9	STAY	local-scoped		0				0
usr/lib/mios/blade.sh	121	121	1	0	75a3dedb3323	DROP	banner		0				0
usr/lib/mios/blade.sh	142	143	2	23	527e56807b8b	STAY	local-scoped		0				0
usr/lib/mios/blade.sh	148	150	3	34	62be59173096	STAY	midsize-why		0				0
usr/lib/mios/blade.sh	185	186	2	19	c6c587176cf2	STAY	local-scoped		0				0
usr/lib/mios/blade.sh	195	196	2	22	c3fc2d738df5	STAY	local-scoped		0				0
usr/lib/mios/crawl4ai/mios-crawl4ai-service.py	1	3	3	21	0c1a6abb4b6e	STAY	ai-header		0				0
usr/lib/mios/crawl4ai/mios-crawl4ai-service.py	4	43	39	260	2b3f3daa86bf	MIGRATE	narrative-history	adr-candidate	0				0
usr/lib/mios/crawl4ai/mios-crawl4ai-service.py	64	64	1	6	865aac3e2dab	STAY	inline-scoped		0				0
usr/lib/mios/crawl4ai/mios-crawl4ai-service.py	66	66	1	8	52a286fcc0df	STAY	inline-scoped		0				0
usr/lib/mios/crawl4ai/mios-crawl4ai-service.py	108	118	11	101	7d159965b05f	MIGRATE	narrative-history		0				0
usr/lib/mios/crawl4ai/mios-crawl4ai-service.py	138	138	1	7	bd502256ab33	STAY	inline-scoped		0				0
usr/lib/mios/crawl4ai/mios-crawl4ai-service.py	159	161	3	28	1b7f202017b6	STAY	midsize-why		0				0
usr/lib/mios/log.sh	1	3	3	13	f81271158527	STAY	ai-header		0				0
usr/lib/mios/log.sh	8	8	1	3	2ed638f40f9b	STAY	inline-scoped		0				0
usr/lib/mios/log.sh	28	28	1	5	c06a4bbb9c70	STAY	inline-scoped		0				0
usr/lib/mios/log.sh	32	32	1	2	dd88ffb5372b	STAY	inline-scoped		0				0
usr/lib/mios/log.sh	40	40	1	3	41d0ac77c4c3	STAY	inline-scoped		0				0
usr/lib/mios/mios_comments.py	1	3	3	25	51de525e3364	STAY	ai-header		0				0
usr/lib/mios/mios_comments.py	4	24	20	134	f6c3310f2a36	MIGRATE	narrative-history		0				0
usr/lib/mios/mios_comments.py	40	41	2	18	2429923fa687	STAY	local-scoped		0				0
usr/lib/mios/mios_comments.py	48	56	9	70	4f4415e5d651	MIGRATE	narrative-rationale		0				0
usr/lib/mios/mios_comments.py	80	82	3	9	177d398afd15	STAY	midsize-why		0				0
usr/lib/mios/mios_comments.py	84	88	5	28	28a9e30776f6	MIGRATE	midsize-narrative		0				0
usr/lib/mios/mios_comments.py	99	101	3	1	dbf74133569a	DROP	banner		0				0
usr/lib/mios/mios_comments.py	105	105	1	2	38b4d7780ee9	STAY	inline-scoped		0				0
usr/lib/mios/mios_comments.py	106	106	1	2	38b4d7780ee9	STAY	inline-scoped		0				0
usr/lib/mios/mios_comments.py	107	107	1	4	05eddf386304	STAY	inline-scoped		0				0
usr/lib/mios/mios_comments.py	108	108	1	0	4da388acc7cb	STAY	inline-scoped		0				0
usr/lib/mios/mios_comments.py	109	109	1	4	0203fba48878	STAY	inline-scoped		0				0
usr/lib/mios/mios_comments.py	110	110	1	4	8a505cb0c9ed	STAY	inline-scoped		0				0
usr/lib/mios/mios_comments.py	114	114	1	4	7ab1c2f76c57	STAY	inline-scoped		0				0
usr/lib/mios/mios_comments.py	115	115	1	5	efafe72edac5	STAY	inline-scoped		0				0
usr/lib/mios/mios_comments.py	121	121	1	5	f02a4a7d66bd	DROP	banner		0				0
usr/lib/mios/mios_comments.py	122	122	1	5	24335ea5f97d	STAY	inline-scoped		0				0
usr/lib/mios/mios_comments.py	124	124	1	3	d1b64b4ebe02	STAY	inline-scoped		0				0
usr/lib/mios/mios_comments.py	129	129	1	8	8661f96f2778	STAY	local-scoped		0				0
usr/lib/mios/mios_comments.py	135	138	4	39	816af6e7d06c	STAY	midsize-why		0				0
usr/lib/mios/mios_comments.py	151	152	2	22	a6a16fcd542f	STAY	local-scoped		0				0
usr/lib/mios/mios_comments.py	155	159	5	34	a39bfc147091	STAY	midsize-why		0				0
usr/lib/mios/mios_comments.py	211	217	7	52	6fc7fcbe217c	MIGRATE	narrative-rationale		0				0
usr/lib/mios/mios_comments.py	268	272	5	22	1c386d6ea87e	STAY	midsize-why		0				0
usr/lib/mios/mios_comments.py	321	325	5	59	21b9b68bc9ad	STAY	midsize-why		0				0
usr/lib/mios/mios_comments.py	330	335	6	32	1fe018524038	MIGRATE	narrative-rationale		0				0
usr/lib/mios/mios_comments.py	341	341	1	3	bf8be58f731f	STAY	inline-scoped		0				0
usr/lib/mios/mios_comments.py	365	365	1	6	557f12f1b9d7	STAY	local-scoped		0				0
usr/lib/mios/mios_comments.py	369	369	1	5	015ac6d85bb1	STAY	inline-scoped		0				0
usr/lib/mios/mios_comments.py	419	422	4	40	dafb8ac5a8dd	STAY	midsize-why		0				0
usr/lib/mios/mios_comments.py	457	457	1	12	227946e3ec70	STAY	local-scoped		0				0
usr/lib/mios/mios_comments.py	485	489	5	27	59777b4abd6a	STAY	midsize-why		0				0
usr/lib/mios/mios_comments.py	513	515	3	8	8af49aed9ab4	STAY	midsize-why		0				0
usr/lib/mios/mios_comments.py	527	527	1	12	8da47b8dc44d	STAY	local-scoped		0				0
usr/lib/mios/mios_comments.py	532	532	1	11	3e57f606594f	STAY	local-scoped		0				0
usr/lib/mios/mios_comments.py	535	535	1	9	937854dba39c	STAY	local-scoped		0				0
usr/lib/mios/mios_comments.py	539	539	1	12	92c4d24a225e	STAY	local-scoped		0				0
usr/lib/mios/mios_comments.py	543	543	1	2	cb3c888536b0	DROP	banner		0				0
usr/lib/mios/mios_comments.py	549	549	1	3	4fefbba9bc0d	DROP	banner		0				0
usr/lib/mios/mios_comments.py	555	563	9	81	f3e774fcaabb	MIGRATE	narrative-rationale		0				0
usr/lib/mios/mios_comments.py	581	582	2	25	df82d71fef33	STAY	local-scoped		0				0
usr/lib/mios/mios_comments.py	586	586	1	6	0786321d45f1	STAY	local-scoped		0				0
usr/lib/mios/mios_db_config.py	1	1	1	14	9d0f9f16e7c9	STAY	ai-header		0				0
usr/lib/mios/mios_env.py	1	1	1	10	6698c5350579	STAY	ai-header		0				0
usr/lib/mios/mios_env.py	6	9	4	22	7d84993d6613	STAY	midsize-why		0				0
usr/lib/mios/mios_toml.py	1	2	2	18	85b98d8e1bce	STAY	ai-header		0				0
usr/lib/mios/mios_toml.py	3	3	1	10	111139bb365f	STAY	local-scoped		0				0
usr/lib/mios/mios_toml.py	13	13	1	2	6a45cb321409	STAY	inline-scoped		0				0
usr/lib/mios/mios_toml.py	15	15	1	2	652a73c43ff5	STAY	inline-scoped		0				0
usr/lib/mios/mios_toml.py	16	16	1	3	c4eab4cecb60	STAY	inline-scoped		0				0
usr/lib/mios/mios_toml.py	20	23	4	49	9e9f33087386	STAY	midsize-why		0				0
usr/lib/mios/mios_toml.py	35	35	1	10	28dee7d44129	STAY	local-scoped		0				0
usr/lib/mios/mios_toml.py	44	44	1	8	23a95e7f385c	STAY	local-scoped		0				0
usr/lib/mios/mios_toml.py	51	53	3	33	c51328849143	STAY	midsize-why		0				0
usr/lib/mios/mios_toml.py	61	64	4	40	69fb3387c633	MIGRATE	midsize-narrative		0				0
usr/lib/mios/mios_toml.py	78	89	12	119	982133a0fda5	MIGRATE	narrative-rationale		0				0
usr/lib/mios/mios_toml.py	97	98	2	22	c12e49ce3341	STAY	local-scoped		0				0
usr/lib/mios/mios_toml.py	115	115	1	11	d02f1c80a7a4	STAY	inline-scoped		0				0
usr/lib/mios/mios_toml.py	145	162	18	145	d55cbc3df935	MIGRATE	narrative-history		0				0
usr/lib/mios/mios_toml.py	193	193	1	8	7092dd2ff864	STAY	local-scoped		0				0
usr/lib/mios/mios_toml.py	218	220	3	33	4179b26ee527	MIGRATE	midsize-narrative		0				0
usr/lib/mios/mios_toml.py	229	233	5	45	c59075d9b666	STAY	midsize-why		0				0
usr/lib/mios/mios_toml.py	243	243	1	9	a238ccd72602	STAY	local-scoped		0				0
usr/lib/mios/mios_toml.py	253	253	1	12	6fc3b3eee930	STAY	local-scoped		0				0
usr/lib/mios/mios_toml.py	285	285	1	8	c18280c9a255	STAY	local-scoped		0				0
usr/lib/mios/mios_toml.py	302	302	1	7	853b01c06737	STAY	local-scoped		0				0
usr/lib/mios/mios_toml.py	445	448	4	37	ef8cbfde2c4b	STAY	midsize-why		0				0
usr/lib/mios/mios_toml.py	453	453	1	11	b617b7cff07d	STAY	local-scoped		0				0
usr/lib/mios/mios_toml.py	527	530	4	35	d1266b3bad8c	STAY	midsize-why		0				0
usr/lib/mios/mios_toml.py	535	535	1	11	dd59ef542589	STAY	local-scoped		0				0
usr/lib/mios/mios_toml.py	686	686	1	8	3237f6863039	STAY	local-scoped		0				0
usr/lib/mios/mios_toml.py	732	732	1	9	bd1440d85b4f	STAY	local-scoped		0				0
usr/lib/mios/paths.sh	1	3	3	29	3743f404b585	STAY	ai-header		0				0
usr/lib/mios/test_mios_comments.py	1	3	3	29	8d8ae269bc59	STAY	ai-header		0				0
usr/lib/mios/test_mios_comments.py	4	13	9	68	54f42dee754a	MIGRATE	narrative-rationale		0				0
usr/lib/mios/test_mios_comments.py	21	21	1	2	8fd01c634ab8	STAY	inline-scoped		0				0
usr/lib/mios/test_mios_comments.py	36	36	1	11	c02e7edabd9f	STAY	local-scoped		0				0
usr/lib/mios/test_mios_comments.py	50	50	1	7	eb3b08854043	STAY	local-scoped		0				0
usr/lib/mios/test_mios_comments.py	55	55	1	6	9881db7f4eaa	STAY	local-scoped		0				0
usr/lib/mios/test_mios_comments.py	61	61	1	10	f55b3257ffcc	STAY	local-scoped		0				0
usr/lib/mios/test_mios_comments.py	67	67	1	3	4fefbba9bc0d	STAY	local-scoped		0				0
usr/lib/mios/test_mios_comments.py	71	71	1	10	5bfa92c4da0b	STAY	local-scoped		0				0
usr/lib/mios/test_mios_comments.py	73	75	3	34	1d1efa0b6127	STAY	midsize-why		0				0
usr/lib/mios/test_mios_comments.py	78	78	1	5	662fb68a8186	STAY	local-scoped		0				0
usr/lib/mios/test_mios_comments.py	81	83	3	29	8b3b60953eb3	STAY	midsize-why		0				0
usr/lib/mios/test_mios_comments.py	97	97	1	8	60c0c49a7571	STAY	local-scoped		0				0
usr/lib/mios/test_mios_comments.py	101	101	1	10	4d6f8ad413f5	STAY	local-scoped		0				0
usr/lib/mios/test_mios_comments.py	105	105	1	8	81bce6fd4640	STAY	local-scoped		0				0
usr/lib/mios/test_mios_comments.py	111	111	1	4	835ab3babfde	STAY	local-scoped		0				0
usr/lib/mios/test_mios_comments.py	145	145	1	11	7895c932c4b9	STAY	local-scoped		0				0
usr/lib/mios/test_mios_comments.py	148	148	1	9	3444749d0af2	STAY	local-scoped		0				0
usr/lib/mios/test_mios_comments.py	155	155	1	8	ee900ffd79df	STAY	local-scoped		0				0
usr/lib/mios/test_mios_comments.py	159	159	1	9	3a6f546a0859	STAY	local-scoped		0				0
usr/lib/mios/userenv.sh	1	3	3	27	9a27d77790cc	STAY	ai-header		0				0
usr/lib/mios/userenv.sh	26	26	1	7	f6170cade9d9	STAY	local-scoped		0				0
usr/lib/mios/userenv.sh	41	41	1	4	fa00558fccc4	STAY	local-scoped		0				0
usr/lib/mios/userenv.sh	49	49	1	5	978f6a2b1664	STAY	local-scoped		0				0
usr/lib/mios/userenv.sh	109	109	1	6	e8febde2fd74	STAY	inline-scoped		0				0
usr/lib/modprobe.d/blacklist-nouveau.conf	1	1	1	21	06d1cfbe706d	STAY	ai-header		0				0
usr/lib/modprobe.d/blacklist-vmw_vsock.conf	1	1	1	30	049acbff2efd	STAY	ai-header		0				0
usr/lib/modprobe.d/nvidia-open.conf	4	4	1	10	54605cd070a6	STAY	local-scoped		0				0
usr/lib/modprobe.d/nvidia-open.conf	6	6	1	8	a2bd0ab16f97	STAY	local-scoped		0				0
usr/lib/modprobe.d/nvidia.conf	1	1	1	24	dea39cf90aa7	STAY	ai-header		0				0
usr/lib/modules-load.d/mios.conf	1	1	1	26	c6adf9b2eb7c	STAY	ai-header		0				0
usr/lib/multipath.conf	1	1	1	24	2d2969ca14f7	STAY	ai-header		0				0
usr/lib/profile.d/mios-wsl2.sh	1	2	2	24	91915e3af078	STAY	ai-header		0				0
usr/lib/repart.d/50-root.conf	1	1	1	23	ea4c497a8dee	STAY	ai-header		0				0
usr/lib/repart.d/50-root.conf	4	5	2	16	3077003f849b	STAY	local-scoped		0				0
usr/lib/repart.d/50-root.conf	7	9	3	17	c3c1ee9e89f7	STAY	midsize-why		0				0
usr/lib/repart.d/50-root.conf	11	11	1	13	4f3a13463abc	STAY	local-scoped		0				0
usr/lib/ssh/sshd_config.d/10-mios.conf	1	2	2	22	da1999eaf821	STAY	ai-header		0				0
usr/lib/ssh/sshd_config.d/50-mios-hardened.conf	1	1	1	29	58f7b40aaef9	STAY	ai-header		0				0
usr/lib/sysctl.d/90-mios-le9uo.conf	4	4	1	7	5371777de6ef	STAY	local-scoped		0				0
usr/lib/sysctl.d/90-mios-le9uo.conf	9	12	4	38	d1c11a72ac91	STAY	midsize-why		0				0
usr/lib/sysctl.d/90-mios-overlayfs.conf	4	7	4	30	3d956dbf5ceb	STAY	midsize-why		0				0
usr/lib/sysctl.d/90-mios-overlayfs.conf	9	10	2	11	0e31d7f0184f	STAY	local-scoped		0				0
usr/lib/sysctl.d/90-mios-overlayfs.conf	15	15	1	6	128d361b5d1f	STAY	local-scoped		0				0
usr/lib/sysctl.d/99-mios-hardening.conf	4	4	1	5	1d80bd702c0a	STAY	local-scoped		0				0
usr/lib/sysctl.d/99-mios-hardening.conf	8	8	1	5	51138ff8da1f	STAY	local-scoped		0				0
usr/lib/sysctl.d/99-mios-hardening.conf	11	13	3	28	a4b67f11dafc	STAY	midsize-why		0				0
usr/lib/sysctl.d/99-mios-hardening.conf	16	16	1	2	8b2e42a7109a	STAY	local-scoped		0				0
usr/lib/sysctl.d/99-mios-hardening.conf	28	28	1	3	ce65308c6768	STAY	local-scoped		0				0
usr/lib/sysctl.d/99-mios-hardening.conf	35	36	2	21	121fe6611fb9	STAY	local-scoped		0				0
usr/lib/sysctl.d/99-mios-hardening.conf	38	41	4	37	17dea6117d43	STAY	midsize-why		0				0
usr/lib/sysctl.d/99-mios-hardening.conf	45	45	1	9	cf9f819a284a	STAY	local-scoped		0				0
usr/lib/sysctl.d/99-mios-hardening.conf	48	49	2	17	885813a38350	STAY	local-scoped		0				0
usr/lib/sysctl.d/99-mios-vmhost.conf	1	1	1	25	ac0fbc999ebf	STAY	ai-header		0				0
usr/lib/systemd/journald.conf.d/10-mios-noaudit.conf	1	1	1	25	ce1855baec2a	STAY	ai-header		0				0
usr/lib/systemd/journald.conf.d/10-mios-noaudit.conf	3	3	1	10	5cd23e5e9362	STAY	local-scoped		0				0
usr/lib/systemd/journald.conf.d/10-mios-noaudit.conf	5	5	1	11	f6eadff550cd	STAY	local-scoped		0				0
usr/lib/systemd/journald.conf.d/10-mios-noaudit.conf	7	7	1	11	6609bd3462a5	STAY	local-scoped		0				0
usr/lib/systemd/system/NetworkManager-wait-online.service.d/timeout.conf	1	2	2	25	4988197ce82e	STAY	ai-header		0				0
usr/lib/systemd/system/NetworkManager-wait-online.service.d/timeout.conf	4	4	1	10	12d7ccce519b	STAY	local-scoped		0				0
usr/lib/systemd/system/NetworkManager.service.d/10-mios-container-gate.conf	1	1	1	22	ec69bf84404f	STAY	ai-header		0				0
usr/lib/systemd/system/NetworkManager.service.d/10-mios-container-gate.conf	3	3	1	15	ed1619ab2d83	STAY	local-scoped		0				0
usr/lib/systemd/system/cockpit-wsinstance-socket-user.service.d/10-mios-container.conf	5	8	4	32	8e2b7f1b5e71	STAY	midsize-why		0				0
usr/lib/systemd/system/cockpit.service.d/10-mios-container.conf	5	5	1	7	446b506930ac	DROP	banner		0				0
usr/lib/systemd/system/cockpit.service.d/10-mios-container.conf	12	13	2	21	b6e7043936b1	STAY	local-scoped		0				0
usr/lib/systemd/system/cockpit.service.d/10-mios-container.conf	24	26	3	25	0c8e29f89f24	STAY	midsize-why		0				0
usr/lib/systemd/system/cockpit.service.d/10-mios-container.conf	33	34	2	15	694708b8cb3b	STAY	local-scoped		0				0
usr/lib/systemd/system/cockpit.service.d/10-mios-container.conf	42	44	3	23	5d264252e7e1	STAY	midsize-why		0				0
usr/lib/systemd/system/cockpit.service.d/10-mios-wsl2.conf	1	2	2	23	c4b3c85e4c31	STAY	ai-header		0				0
usr/lib/systemd/system/cockpit.service.d/10-mios-wsl2.conf	4	4	1	12	2d3b536dcbae	STAY	local-scoped		0				0
usr/lib/systemd/system/cockpit.socket.d/10-mios-wsl2.conf	1	2	2	36	47663ee47730	STAY	ai-header		0				0
usr/lib/systemd/system/cockpit.socket.d/10-mios-wsl2.conf	4	5	2	13	d05b6a05097f	STAY	local-scoped		0				0
usr/lib/systemd/system/cockpit.socket.d/listen.conf	1	2	2	31	dcae9a0798f9	STAY	ai-header		0				0
usr/lib/systemd/system/cockpit.socket.d/listen.conf	5	14	10	88	933490c7e200	MIGRATE	narrative-rationale		0				0
usr/lib/systemd/system/cockpit.socket.d/listen.conf	17	22	6	58	07a4154c9b21	MIGRATE	narrative-rationale		0				0
usr/lib/systemd/system/coreos-ignition-firstboot-complete.service.d/10-mios-wsl2.conf	1	2	2	24	cad57f4350e1	STAY	ai-header		0				0
usr/lib/systemd/system/coreos-ignition-firstboot-complete.service.d/10-mios-wsl2.conf	4	4	1	9	8083859d4294	STAY	local-scoped		0				0
usr/lib/systemd/system/gnome-remote-desktop.service.d/10-network-wait.conf	1	2	2	20	e05355335659	STAY	ai-header		0				0
usr/lib/systemd/system/hermes-dashboard.service	6	7	2	21	2a0b194ce96e	STAY	local-scoped		0				0
usr/lib/systemd/system/hermes-dashboard.service	10	11	2	23	1420e66fe851	STAY	local-scoped		0				0
usr/lib/systemd/system/hermes-dashboard.service	14	16	3	27	9ec17addf374	STAY	midsize-why		0				0
usr/lib/systemd/system/hermes-dashboard.service	25	25	1	11	04d7ed210f35	STAY	local-scoped		0				0
usr/lib/systemd/system/hermes-dashboard.service	27	35	9	77	aa875fbee5e9	MIGRATE	narrative-rationale		0				0
usr/lib/systemd/system/hermes-dashboard.service	38	45	8	71	81881cba1533	MIGRATE	narrative-rationale		0				0
usr/lib/systemd/system/hermes-dashboard.service	57	59	3	25	ac48f500d816	MIGRATE	midsize-narrative		0				0
usr/lib/systemd/system/hermes-dashboard.service	66	66	1	1	1de2de31f415	DROP	banner		0				0
usr/lib/systemd/system/hermes-worker.service	4	16	13	105	7e38508e9639	MIGRATE	narrative-rationale		0				0
usr/lib/systemd/system/hermes-worker.service	19	21	3	24	5d9fa5862844	STAY	midsize-why		0				0
usr/lib/systemd/system/hermes-worker.service	24	24	1	9	e15d7ae05b3c	STAY	local-scoped		0				0
usr/lib/systemd/system/hermes-worker.service	31	33	3	30	9e439c793ede	STAY	midsize-why		0				0
usr/lib/systemd/system/hermes-worker.service	36	36	1	11	0991a92ee974	STAY	local-scoped		0				0
usr/lib/systemd/system/hermes-worker.service	40	41	2	23	38f6c0647b36	STAY	local-scoped		0				0
usr/lib/systemd/system/hermes-worker.service	44	45	2	25	04e2e08e1caf	STAY	local-scoped		0				0
usr/lib/systemd/system/hermes-worker.service	47	51	5	57	e83023f8a4a8	MIGRATE	midsize-narrative		0				0
usr/lib/systemd/system/hermes-worker.service	53	54	2	24	927e80b8d2cd	STAY	local-scoped		0				0
usr/lib/systemd/system/hermes-worker.service	56	60	5	46	29ecb25e7e54	STAY	midsize-why		0				0
usr/lib/systemd/system/hermes-worker.service	63	65	3	37	8e451b9a6eff	STAY	midsize-why		0				0
usr/lib/systemd/system/hermes-worker.service	67	69	3	34	d554c7380ef4	STAY	midsize-why		0				0
usr/lib/systemd/system/hermes-worker.service	72	73	2	21	2f8b895ef78a	STAY	local-scoped		0				0
usr/lib/systemd/system/hermes-worker.service	83	84	2	22	73d1e084c7a6	STAY	local-scoped		0				0
usr/lib/systemd/system/hermes-worker.service	86	87	2	17	888bd89e2ffe	STAY	local-scoped		0				0
usr/lib/systemd/system/k3s.service	16	17	2	22	c9d26ddb1981	STAY	local-scoped		0				0
usr/lib/systemd/system/k3s.service	27	30	4	30	b23cd1306ea2	STAY	midsize-why		0				0
usr/lib/systemd/system/keydb-sentinel.service.d/limit.conf	1	4	4	30	6c87f3f005b9	STAY	midsize-why		0				0
usr/lib/systemd/system/keydb-sentinel.service.d/limit.conf	6	9	4	32	9c1e1d46f23e	STAY	midsize-why		0				0
usr/lib/systemd/system/keydb-sentinel.service.d/limit.conf	13	14	2	4	26d3c648d5e1	DROP	commented-out-code		0				0
usr/lib/systemd/system/keydb.service.d/limit.conf	1	4	4	30	6c87f3f005b9	STAY	midsize-why		0				0
usr/lib/systemd/system/keydb.service.d/limit.conf	6	9	4	32	9c1e1d46f23e	STAY	midsize-why		0				0
usr/lib/systemd/system/keydb.service.d/limit.conf	13	14	2	4	26d3c648d5e1	DROP	commented-out-code		0				0
usr/lib/systemd/system/libvirtd.service.d/10-mios.conf	7	7	1	8	0d87fcef2f4b	STAY	local-scoped		0				0
usr/lib/systemd/system/libvirtd.service.d/override.conf	1	2	2	33	fec08e58cc19	STAY	ai-header		0				0
usr/lib/systemd/system/mios-account-sync.service	1	2	2	24	4487599b5eb5	STAY	ai-header		0				0
usr/lib/systemd/system/mios-account-sync.service	15	15	1	9	2988f6d9f963	STAY	local-scoped		0				0
usr/lib/systemd/system/mios-additionalimagestores-perms.service	4	19	16	123	bc6dcdce3f39	MIGRATE	narrative-history		0				0
usr/lib/systemd/system/mios-additionalimagestores-perms.service	31	31	1	7	7f3bf842df72	STAY	local-scoped		0				0
usr/lib/systemd/system/mios-agent-pipe.service	6	9	4	48	9013652dc24f	STAY	midsize-why		0				0
usr/lib/systemd/system/mios-agent-pipe.service	12	13	2	28	c29f19e0c069	STAY	midsize-why		0				0
usr/lib/systemd/system/mios-agent-pipe.service	15	16	2	25	6189efe05265	STAY	local-scoped		0				0
usr/lib/systemd/system/mios-agent-pipe.service	19	23	5	68	bf0858246578	MIGRATE	narrative-rationale		0				0
usr/lib/systemd/system/mios-agent-pipe.service	30	35	6	65	424b25023a25	MIGRATE	narrative-history		0				0
usr/lib/systemd/system/mios-agent-pipe.service	39	42	4	28	900e3d0db002	MIGRATE	midsize-narrative		0				0
usr/lib/systemd/system/mios-agent-pipe.service	44	47	4	42	447af0ee7fe8	STAY	midsize-why		0				0
usr/lib/systemd/system/mios-agent-pipe.service	50	64	15	145	fcd7ab5afd0f	MIGRATE	narrative-history		0				0
usr/lib/systemd/system/mios-agent-pipe.service	66	69	4	38	123e399a9fd3	STAY	midsize-why		0				0
usr/lib/systemd/system/mios-agent-pipe.service	71	78	8	95	14a9c500f03c	MIGRATE	narrative-history		0				0
usr/lib/systemd/system/mios-agent-pipe.service	82	101	20	177	7a803109b31e	MIGRATE	narrative-history		0				0
usr/lib/systemd/system/mios-agent-pipe.service	103	114	12	118	582fc52f8dd4	MIGRATE	narrative-rationale		0				0
usr/lib/systemd/system/mios-agent-pipe.service	118	125	8	93	946ed1dfa4a2	MIGRATE	narrative-history		0				0
usr/lib/systemd/system/mios-agent-pipe.service	128	134	7	60	7471f670d81d	MIGRATE	narrative-history		0				0
usr/lib/systemd/system/mios-agent-pipe.service	141	141	1	7	085de397ee74	STAY	local-scoped		0				0
usr/lib/systemd/system/mios-agent-pipe.service	147	149	3	23	8a10d2bbf1ff	STAY	midsize-why		0				0
usr/lib/systemd/system/mios-agents.service	12	15	4	35	0a4f9f8c3ad6	STAY	midsize-why		0				0
usr/lib/systemd/system/mios-agents.service	20	20	1	11	a0b6da346551	STAY	local-scoped		0				0
usr/lib/systemd/system/mios-agents.service	22	25	4	34	f19bbd70badc	STAY	midsize-why		0				0
usr/lib/systemd/system/mios-ai-firstboot.service	6	9	4	43	bf2c65e6dda2	STAY	midsize-why		0				0
usr/lib/systemd/system/mios-ai-firstboot.service	12	13	2	26	a08d1598d4fb	STAY	midsize-why		0				0
usr/lib/systemd/system/mios-ai-firstboot.service	15	18	4	44	bc653911bb96	STAY	midsize-why		0				0
usr/lib/systemd/system/mios-ai-firstboot.service	23	24	2	25	1f79750b5238	STAY	local-scoped		0				0
usr/lib/systemd/system/mios-ai-firstboot.service	26	31	6	56	d59660636efe	MIGRATE	narrative-history		0				0
usr/lib/systemd/system/mios-ai-firstboot.timer	6	10	5	50	05924f622575	STAY	midsize-why		0				0
usr/lib/systemd/system/mios-ai-firstboot.timer	14	17	4	41	c68f826bb9fe	MIGRATE	midsize-narrative		0				0
usr/lib/systemd/system/mios-ai.target	1	2	2	11	5b2149521c4b	STAY	ai-header		0				0
usr/lib/systemd/system/mios-aios-refresh.service	6	9	4	40	7c82b103f88f	MIGRATE	midsize-narrative		0				0
usr/lib/systemd/system/mios-aios-refresh.service	15	16	2	19	92955ec22a3a	STAY	local-scoped		0				0
usr/lib/systemd/system/mios-aios-refresh.service	18	20	3	34	f78b7177ccd2	STAY	midsize-why		0				0
usr/lib/systemd/system/mios-aios-refresh.service	22	23	2	23	d5699800f194	STAY	local-scoped		0				0
usr/lib/systemd/system/mios-aios-refresh.service	25	26	2	21	744b21259b29	STAY	local-scoped		0				0
usr/lib/systemd/system/mios-aios-refresh.timer	1	2	2	29	a43211ade46e	STAY	ai-header		0				0
usr/lib/systemd/system/mios-aios-refresh.timer	7	8	2	27	696e9b248c35	STAY	midsize-why		0				0
usr/lib/systemd/system/mios-boot-diag.service	5	5	1	7	18c1d3b98480	STAY	local-scoped		0				0
usr/lib/systemd/system/mios-bootc-switch.service	16	16	1	10	7d5940c27541	STAY	local-scoped		0				0
usr/lib/systemd/system/mios-cdi-detect.service	5	7	3	34	e28ead6bf744	STAY	midsize-why		0				0
usr/lib/systemd/system/mios-cdi-detect.service	14	17	4	48	062b6532bdbe	MIGRATE	midsize-narrative		0				0
usr/lib/systemd/system/mios-ceph-bootstrap.service	1	2	2	20	dce21997d4b4	STAY	ai-header		0				0
usr/lib/systemd/system/mios-ceph-bootstrap.service	7	7	1	10	c2bebc79ccb7	STAY	local-scoped		0				0
usr/lib/systemd/system/mios-ceph-bootstrap.service	17	18	2	12	3187d9a7bd40	STAY	local-scoped		0				0
usr/lib/systemd/system/mios-ceph-bootstrap.service	21	21	1	9	edc484eda071	STAY	local-scoped		0				0
usr/lib/systemd/system/mios-chrony-ptp.service	1	1	1	17	9e09d09b604f	STAY	ai-header		0				0
usr/lib/systemd/system/mios-cockpit-link.service	1	2	2	16	10fcf3ba5f91	STAY	ai-header		0				0
usr/lib/systemd/system/mios-cockpit-link.service	11	14	4	52	a36c511c8818	STAY	midsize-why		0				0
usr/lib/systemd/system/mios-cockpit-link.socket	1	2	2	17	7795755216dd	STAY	ai-header		0				0
usr/lib/systemd/system/mios-compute.target	1	2	2	15	8de6a0aacc2a	STAY	ai-header		0				0
usr/lib/systemd/system/mios-controller.target	1	2	2	15	94a6aa844e1b	STAY	ai-header		0				0
usr/lib/systemd/system/mios-copy-build-log.service	1	2	2	32	f0c3510cf6ed	STAY	ai-header		0				0
usr/lib/systemd/system/mios-cpu-isolate.service	1	2	2	24	ae89f68d888c	STAY	ai-header		0				0
usr/lib/systemd/system/mios-cron-director.service	17	18	2	22	f76d9456985b	STAY	local-scoped		0				0
usr/lib/systemd/system/mios-daemon.service	4	16	13	76	246a91740e67	MIGRATE	narrative-history		0				0
usr/lib/systemd/system/mios-daemon.service	33	40	8	29	871a4e7dba09	DROP	commented-out-code		0				0
usr/lib/systemd/system/mios-daemon.service	42	43	2	12	9d5d2decd55a	STAY	local-scoped		0				0
usr/lib/systemd/system/mios-daemon.service	46	50	5	42	70a087601bb9	MIGRATE	midsize-narrative		0				0
usr/lib/systemd/system/mios-dashboard-issue.service	7	13	7	60	0e0f102267d0	MIGRATE	narrative-rationale		0				0
usr/lib/systemd/system/mios-dashboard-issue.service	23	23	1	4	4d88dc2b1451	STAY	local-scoped		0				0
usr/lib/systemd/system/mios-doc-distill.service	13	15	3	33	782a0938053a	STAY	midsize-why		0				0
usr/lib/systemd/system/mios-doc-distill.timer	1	3	3	26	d1530b58b18b	STAY	ai-header		0				0
usr/lib/systemd/system/mios-embed-backfill.service	7	8	2	18	d1311d020157	STAY	local-scoped		0				0
usr/lib/systemd/system/mios-embed-backfill.service	19	19	1	2	3f7ed4f2310f	STAY	local-scoped		0				0
usr/lib/systemd/system/mios-endpoint.target	1	2	2	15	241112ca8b33	STAY	ai-header		0				0
usr/lib/systemd/system/mios-finetune-serve.service	17	17	1	11	0765b6335aee	STAY	local-scoped		0				0
usr/lib/systemd/system/mios-firewall-ports.service	4	17	14	108	326262c3952a	MIGRATE	narrative-history		0				0
usr/lib/systemd/system/mios-firewall-ports.service	27	32	6	58	5661a9f13594	MIGRATE	narrative-history		0				0
usr/lib/systemd/system/mios-firewall-ports.service	63	64	2	12	7cead36f5afe	STAY	local-scoped		0				0
usr/lib/systemd/system/mios-flatpak-init.service	4	15	12	70	7099d0cface4	MIGRATE	narrative-history		0				0
usr/lib/systemd/system/mios-flatpak-install.service	1	2	2	26	97c1d7b26b12	STAY	ai-header		0				0
usr/lib/systemd/system/mios-forge-firstboot.service	8	12	5	39	9160b40872f0	STAY	midsize-why		0				0
usr/lib/systemd/system/mios-forge-firstboot.service	14	17	4	45	8d9a939e6787	STAY	midsize-why		0				0
usr/lib/systemd/system/mios-forge-firstboot.service	32	53	22	182	525f471875d5	MIGRATE	narrative-history		0				0
usr/lib/systemd/system/mios-freeipa-enroll.service	7	9	3	25	e17c97040834	STAY	midsize-why		0				0
usr/lib/systemd/system/mios-freeipa-enroll.service	19	19	1	7	5d1b523c2286	STAY	local-scoped		0				0
usr/lib/systemd/system/mios-freeipa-enroll.service.d/10-boot-timeout.conf	1	2	2	19	80ba438fedbf	STAY	ai-header		0				0
usr/lib/systemd/system/mios-gateway-agent.service.d/50-soul-sync.conf	6	8	3	24	3f7af0a16bcd	STAY	midsize-why		0				0
usr/lib/systemd/system/mios-git-root-init.service	6	11	6	54	80bd6c2eb357	MIGRATE	narrative-history		0				0
usr/lib/systemd/system/mios-git-root-init.service	16	18	3	29	33e1174dc244	STAY	midsize-why		0				0
usr/lib/systemd/system/mios-gpu-amd.service	9	10	2	18	c1a73dc87d5b	STAY	local-scoped		0				0
usr/lib/systemd/system/mios-gpu-amd.service	16	16	1	6	5bc5c1811043	STAY	local-scoped		0				0
usr/lib/systemd/system/mios-gpu-amd.service	18	20	3	25	b6f7bd40ec4b	STAY	midsize-why		0				0
usr/lib/systemd/system/mios-gpu-amd.service	24	25	2	19	6e6892a3e0f9	STAY	local-scoped		0				0
usr/lib/systemd/system/mios-gpu-intel.service	9	12	4	34	0db8998aa8b0	STAY	midsize-why		0				0
usr/lib/systemd/system/mios-gpu-intel.service	18	18	1	6	5bc5c1811043	STAY	local-scoped		0				0
usr/lib/systemd/system/mios-gpu-intel.service	20	21	2	19	67503fc180c7	STAY	local-scoped		0				0
usr/lib/systemd/system/mios-gpu-nvidia.service	10	10	1	6	eb79640a7d19	STAY	local-scoped		0				0
usr/lib/systemd/system/mios-gpu-nvidia.service	12	16	5	49	646d559a42d5	STAY	midsize-why		0				0
usr/lib/systemd/system/mios-gpu-nvidia.service	22	22	1	6	5bc5c1811043	STAY	local-scoped		0				0
usr/lib/systemd/system/mios-gpu-status.service	9	14	6	52	2b6b463d5603	MIGRATE	narrative-rationale		0				0
usr/lib/systemd/system/mios-gpu-status.service	28	28	1	8	157f4000115a	STAY	local-scoped		0				0
usr/lib/systemd/system/mios-gpu-status.service	37	39	3	27	58db549bb57a	STAY	midsize-why		0				0
usr/lib/systemd/system/mios-ha-bootstrap.service	6	6	1	10	c2bebc79ccb7	STAY	local-scoped		0				0
usr/lib/systemd/system/mios-ha-bootstrap.service	14	19	6	50	ef3c6fb82a88	MIGRATE	narrative-rationale		0				0
usr/lib/systemd/system/mios-hermes-browser-worker.service	4	13	10	70	f52ed5f6cec0	MIGRATE	narrative-rationale		0				0
usr/lib/systemd/system/mios-hermes-browser-worker.service	30	32	3	31	376568c838a9	STAY	midsize-why		0				0
usr/lib/systemd/system/mios-hermes-browser.service	4	18	15	93	0be669a51b99	MIGRATE	narrative-history		0				0
usr/lib/systemd/system/mios-hermes-browser.service	23	25	3	25	0f19102d4dda	MIGRATE	midsize-narrative		0				0
usr/lib/systemd/system/mios-hermes-browser.service	31	33	3	33	fe999f875ffa	STAY	midsize-why		0				0
usr/lib/systemd/system/mios-hermes-browser.service	37	39	3	26	e5ae40ae4fab	STAY	midsize-why		0				0
usr/lib/systemd/system/mios-hermes-browser.service	42	44	3	27	4a0741802806	STAY	midsize-why		0				0
usr/lib/systemd/system/mios-hermes-browser.service	49	61	13	143	3ca119b3688f	MIGRATE	narrative-history		0				0
usr/lib/systemd/system/mios-hermes-browser.service	64	65	2	20	a6a3bbadbcb9	STAY	local-scoped		0				0
usr/lib/systemd/system/mios-hermes-browser.service	69	75	7	77	4f99aa5a5d80	MIGRATE	narrative-history		0				0
usr/lib/systemd/system/mios-hermes-browser.service	77	79	3	31	58fd4bdb0277	STAY	midsize-why		0				0
usr/lib/systemd/system/mios-hermes-browser.service	85	87	3	28	7610d0aa84ec	MIGRATE	midsize-narrative		0				0
usr/lib/systemd/system/mios-hermes-browser.service	90	90	1	7	7d3a126ada7d	DROP	banner		0				0
usr/lib/systemd/system/mios-hermes-browser.service	92	98	7	69	70f5d8eb986a	MIGRATE	narrative-history		0				0
usr/lib/systemd/system/mios-hermes-firstboot.service	6	11	6	37	8dd00094cd2a	MIGRATE	narrative-history		0				0
usr/lib/systemd/system/mios-hermes-firstboot.service	14	24	11	93	e7183040201e	MIGRATE	narrative-history		0				0
usr/lib/systemd/system/mios-hermes-firstboot.service	29	32	4	35	ebed3892724d	MIGRATE	midsize-narrative		0				0
usr/lib/systemd/system/mios-hermes-tail.service	4	17	14	85	3878d1a8bfc3	MIGRATE	narrative-history		0				0
usr/lib/systemd/system/mios-hermes-tail.service	32	32	1	8	8ae2d7dc8f16	STAY	local-scoped		0				0
usr/lib/systemd/system/mios-k3s-init.service	7	9	3	26	e0cb6560df5c	STAY	midsize-why		0				0
usr/lib/systemd/system/mios-k3s-init.service	17	17	1	8	14ec4dfc61fc	STAY	local-scoped		0				0
usr/lib/systemd/system/mios-kvmfr-load.service	1	2	2	27	909f48b3d38c	STAY	ai-header		0				0
usr/lib/systemd/system/mios-kvmfr-load.service	19	19	1	8	3493782af82f	STAY	local-scoped		0				0
usr/lib/systemd/system/mios-libexec-perms.service	4	15	12	117	c6f47c928718	MIGRATE	narrative-history		0				0
usr/lib/systemd/system/mios-libexec-perms.service	27	27	1	7	7f3bf842df72	STAY	local-scoped		0				0
usr/lib/systemd/system/mios-llm-heavy.service.d/50-blade-gpu-serving.conf	1	2	2	23	e558004741c3	STAY	ai-header		0				0
usr/lib/systemd/system/mios-luks-enroll.service	2	2	1	11	318103cb79ed	STAY	ai-header		0				0
usr/lib/systemd/system/mios-mcp.service	5	9	5	41	138adc119160	STAY	midsize-why		0				0
usr/lib/systemd/system/mios-mcp.service	17	17	1	12	3d29beb9f242	STAY	local-scoped		0				0
usr/lib/systemd/system/mios-mcp.service	22	22	1	12	5dc094eaec4a	STAY	local-scoped		0				0
usr/lib/systemd/system/mios-mcp.service	26	27	2	13	0df50e7646f2	STAY	local-scoped		0				0
usr/lib/systemd/system/mios-mcp.service	31	32	2	18	d55331476a6e	STAY	local-scoped		0				0
usr/lib/systemd/system/mios-models-firstboot.service	14	14	1	8	17114fb87639	STAY	local-scoped		0				0
usr/lib/systemd/system/mios-mok-enroll.service	6	7	2	16	5597de4f5bef	STAY	local-scoped		0				0
usr/lib/systemd/system/mios-mok-enroll.service	9	12	4	43	0d0304c7f565	MIGRATE	midsize-narrative		0				0
usr/lib/systemd/system/mios-mok-enroll.service	20	20	1	12	21bf7d646f7d	STAY	local-scoped		0				0
usr/lib/systemd/system/mios-mok-enroll.service	24	28	5	53	1b093947cb74	STAY	midsize-why		0				0
usr/lib/systemd/system/mios-oci-delta-apply.service	1	2	2	4	794194deab19	STAY	ai-header		0				0
usr/lib/systemd/system/mios-opencode-gateway.service	6	7	2	20	f4e745b7642b	STAY	local-scoped		0				0
usr/lib/systemd/system/mios-opencode-gateway.service	10	34	25	208	4e02b33863bc	MIGRATE	narrative-history		0				0
usr/lib/systemd/system/mios-opencode-gateway.service	39	41	3	23	3b6588a54427	STAY	midsize-why		0				0
usr/lib/systemd/system/mios-opencode-gateway.service	44	45	2	16	692d95040a0e	STAY	local-scoped		0				0
usr/lib/systemd/system/mios-opencode-gateway.service	48	49	2	9	9ffce08827c4	STAY	local-scoped		0				0
usr/lib/systemd/system/mios-opencode-gateway.service	57	60	4	36	edaf7f976876	STAY	midsize-why		0				0
usr/lib/systemd/system/mios-opencode-gateway.service	65	65	1	4	5337ecedc411	STAY	local-scoped		0				0
usr/lib/systemd/system/mios-passport-provision.service	17	29	13	132	097819a761c0	MIGRATE	narrative-history		0				0
usr/lib/systemd/system/mios-passport-provision.service	33	33	1	9	79fd3b742c9d	STAY	local-scoped		0				0
usr/lib/systemd/system/mios-passport-provision.service	35	37	3	29	352d77c9a177	MIGRATE	midsize-narrative		0				0
usr/lib/systemd/system/mios-pgvector-backup.service	9	10	2	25	e4dada8bba76	STAY	local-scoped		0				0
usr/lib/systemd/system/mios-pgvector-backup.service	16	18	3	20	ecafee76085a	MIGRATE	midsize-narrative		0				0
usr/lib/systemd/system/mios-pgvector-backup.service	20	20	1	14	3b17594cfd83	STAY	local-scoped		0				0
usr/lib/systemd/system/mios-pgvector-backup.service	26	28	3	32	38f9dab4947c	STAY	midsize-why		0				0
usr/lib/systemd/system/mios-pgvector-backup.service	30	34	5	54	3c0dd2e02eb9	MIGRATE	midsize-narrative		0				0
usr/lib/systemd/system/mios-pgvector-backup.service	37	39	3	38	49add09871d2	MIGRATE	midsize-narrative		0				0
usr/lib/systemd/system/mios-pgvector-backup.timer	8	11	4	41	aedd41140f89	STAY	midsize-why		0				0
usr/lib/systemd/system/mios-pgvector-major-upgrade.service	7	7	1	10	703ca3c937c9	STAY	local-scoped		0				0
usr/lib/systemd/system/mios-pgvector-major-upgrade.service	9	9	1	8	5abc85e062cb	STAY	local-scoped		0				0
usr/lib/systemd/system/mios-pgvector-major-upgrade.service	16	18	3	22	696145bfd19d	STAY	midsize-why		0				0
usr/lib/systemd/system/mios-pgvector-major-upgrade.service	20	20	1	14	841e0147eed7	STAY	local-scoped		0				0
usr/lib/systemd/system/mios-pgvector-major-upgrade.service	26	26	1	14	2cdee9c7ad3d	STAY	local-scoped		0				0
usr/lib/systemd/system/mios-podman-gc.service	1	1	1	25	d663d25b67ba	STAY	ai-header		0				0
usr/lib/systemd/system/mios-podman-gc.service	4	6	3	28	e9a8e3f4794f	STAY	midsize-why		0				0
usr/lib/systemd/system/mios-podman-gc.timer	1	2	2	28	a0bd2fa2df66	STAY	ai-header		0				0
usr/lib/systemd/system/mios-podman-ps.service	11	21	11	103	485b886a1cf8	MIGRATE	narrative-history		0				0
usr/lib/systemd/system/mios-podman-ps.timer	1	2	2	25	b117e396b8ba	STAY	ai-header		0				0
usr/lib/systemd/system/mios-policy-arbiter.service	18	18	1	10	32850bc508f7	STAY	local-scoped		0				0
usr/lib/systemd/system/mios-role.service	5	7	3	28	d4e286ea7cb1	STAY	midsize-why		0				0
usr/lib/systemd/system/mios-selinux-init.service	1	2	2	24	6b04ee7cd32f	STAY	ai-header		0				0
usr/lib/systemd/system/mios-shell-session-gc.service	12	12	1	12	5c90ad841acb	STAY	local-scoped		0				0
usr/lib/systemd/system/mios-shell-session-gc.timer	1	2	2	15	095e49719d41	STAY	ai-header		0				0
usr/lib/systemd/system/mios-skills-miner.service	15	17	3	21	b097d541848b	STAY	midsize-why		0				0
usr/lib/systemd/system/mios-skills-miner.service	19	21	3	34	bfcff782991c	STAY	midsize-why		0				0
usr/lib/systemd/system/mios-skills-miner.service	23	26	4	41	7e559fc79931	STAY	midsize-why		0				0
usr/lib/systemd/system/mios-skills-miner.service	33	34	2	12	741b0b38bf54	STAY	local-scoped		0				0
usr/lib/systemd/system/mios-suggestion-refresh.service	7	9	3	26	521435dcd382	STAY	midsize-why		0				0
usr/lib/systemd/system/mios-suggestion-refresh.service	18	19	2	15	b499dfa0575b	STAY	local-scoped		0				0
usr/lib/systemd/system/mios-suggestion-refresh.timer	9	9	1	12	7e95f98dc6ab	STAY	local-scoped		0				0
usr/lib/systemd/system/mios-suggestion-refresh.timer	11	11	1	6	97a856fb07ed	STAY	local-scoped		0				0
usr/lib/systemd/system/mios-swarm-pack-firstboot.service	7	7	1	14	79387eec42d5	STAY	local-scoped		0				0
usr/lib/systemd/system/mios-swarm-pack-firstboot.service	14	14	1	7	afb7d871f6eb	STAY	local-scoped		0				0
usr/lib/systemd/system/mios-sync-theme.service	13	15	3	23	6acf13dd0069	MIGRATE	midsize-narrative		0				0
usr/lib/systemd/system/mios-sys-env-refresh.service	7	9	3	35	46c1113d07de	STAY	midsize-why		0				0
usr/lib/systemd/system/mios-sys-env-refresh.service	11	13	3	31	1b6fe3efdaf9	MIGRATE	midsize-narrative		0				0
usr/lib/systemd/system/mios-sys-env-refresh.service	19	29	11	107	b83a92415520	MIGRATE	narrative-history		0				0
usr/lib/systemd/system/mios-sys-env-refresh.service	31	35	5	58	82f1edf23fdd	MIGRATE	midsize-narrative		0				0
usr/lib/systemd/system/mios-sys-env-refresh.service	38	39	2	20	98585d0c941d	STAY	local-scoped		0				0
usr/lib/systemd/system/mios-sys-env-refresh.timer	7	10	4	43	49a86851b405	STAY	midsize-why		0				0
usr/lib/systemd/system/mios-ttyd-bash.service	9	11	3	26	21afec325467	STAY	midsize-why		0				0
usr/lib/systemd/system/mios-ttyd-bash.service	18	21	4	34	6d9300946c47	MIGRATE	midsize-narrative		0				0
usr/lib/systemd/system/mios-ttyd-bash.service	30	31	2	21	9f50cba51d1b	STAY	local-scoped		0				0
usr/lib/systemd/system/mios-ttyd-bash.service	37	38	2	19	a7042354a8f4	STAY	local-scoped		0				0
usr/lib/systemd/system/mios-ttyd-expose.service	6	7	2	17	39c88f71ca1f	STAY	local-scoped		0				0
usr/lib/systemd/system/mios-ttyd-expose.service	10	10	1	12	e6d23ad7c043	STAY	local-scoped		0				0
usr/lib/systemd/system/mios-ttyd-expose.service	16	18	3	33	7528da5a0441	STAY	midsize-why		0				0
usr/lib/systemd/system/mios-ttyd-powershell.service	9	9	1	11	2a9f2fc26b9d	STAY	local-scoped		0				0
usr/lib/systemd/system/mios-ttyd-powershell.service	11	12	2	12	9bb9316c1a4a	STAY	local-scoped		0				0
usr/lib/systemd/system/mios-ttyd-powershell.service	18	22	5	41	9f38ed496740	MIGRATE	midsize-narrative		0				0
usr/lib/systemd/system/mios-ttyd-powershell.service	36	37	2	16	f005fff9c501	STAY	local-scoped		0				0
usr/lib/systemd/system/mios-userdb-render.service	1	2	2	20	367898cfae04	STAY	ai-header		0				0
usr/lib/systemd/system/mios-verify-root.service	9	12	4	40	6676790c48e0	STAY	midsize-why		0				0
usr/lib/systemd/system/mios-verify-root.service	20	20	1	11	c96743427b37	STAY	local-scoped		0				0
usr/lib/systemd/system/mios-verify.service	14	14	1	8	122afae881f7	STAY	local-scoped		0				0
usr/lib/systemd/system/mios-waydroid-init.service	1	2	2	28	26718caedfcc	STAY	ai-header		0				0
usr/lib/systemd/system/mios-waydroid-init.service	7	7	1	12	7f9c7ac31b08	STAY	local-scoped		0				0
usr/lib/systemd/system/mios-waydroid-init.service	17	17	1	9	6fe9975eb96f	STAY	local-scoped		0				0
usr/lib/systemd/system/mios-webtools-firstboot.service	6	7	2	23	e8fd8eeac1e5	STAY	local-scoped		0				0
usr/lib/systemd/system/mios-webtools-firstboot.service	15	16	2	22	d896bf9d4ee5	STAY	local-scoped		0				0
usr/lib/systemd/system/mios-wsl-early.service	16	18	3	29	57a6a00e4d63	STAY	midsize-why		0				0
usr/lib/systemd/system/mios-wsl-flatpak-export-sync.service	5	7	3	29	0f684e07f810	STAY	midsize-why		0				0
usr/lib/systemd/system/mios-wsl-flatpak-export-sync.service	10	13	4	31	f12b5dc05289	STAY	midsize-why		0				0
usr/lib/systemd/system/mios-wsl-flatpak-export-sync.service	20	21	2	18	c01d23778f40	STAY	local-scoped		0				0
usr/lib/systemd/system/mios-wsl-init.service	1	2	2	26	d4035c8fd1fb	STAY	ai-header		0				0
usr/lib/systemd/system/mios-wsl-interop-priority.service	6	19	14	130	735884b1b343	MIGRATE	narrative-history		0				0
usr/lib/systemd/system/mios-wsl-runtime-dir.service	1	2	2	28	f35bc926953f	STAY	ai-header		0				0
usr/lib/systemd/system/mios-wsl-runtime-dir.service	4	13	10	92	16e0a3f4b96c	MIGRATE	narrative-rationale		0				0
usr/lib/systemd/system/mios-wsl-runtime-dir.service	23	25	3	31	8d03a2455bfd	STAY	midsize-why		0				0
usr/lib/systemd/system/mios-wsl-runtime-dir.service	30	32	3	26	9be58b7e4ba3	STAY	midsize-why		0				0
usr/lib/systemd/system/mios-wslg-permissions-fix.service	8	26	19	155	2f640cad5b85	MIGRATE	narrative-history		0				0
usr/lib/systemd/system/mios-wslg-permissions-fix.service	38	47	10	83	cdfae792d28a	MIGRATE	narrative-history		0				0
usr/lib/systemd/system/mios-wslg-permissions-fix.service	54	59	6	59	8577afbd08c5	MIGRATE	narrative-history		0				0
usr/lib/systemd/system/nut-monitor.service.d/10-mios-condition.conf	1	1	1	10	5107ef74e6da	STAY	ai-header		0				0
usr/lib/systemd/system/nut-server.service.d/10-mios-condition.conf	1	1	1	10	8e3058ba9b72	STAY	ai-header		0				0
usr/lib/systemd/system/polkit.service.d/10-mios-container.conf	1	2	2	20	7c77d8836cb6	STAY	ai-header		0				0
usr/lib/systemd/system/rc-local.service.d/debian.conf	1	2	2	26	a7d403604456	STAY	ai-header		0				0
usr/lib/systemd/system/rc-local.service.d/debian.conf	4	5	2	17	41ac3c194af2	STAY	local-scoped		0				0
usr/lib/systemd/system/rc-local.service.d/debian.conf	8	9	2	14	5bad537144b9	STAY	local-scoped		0				0
usr/lib/systemd/system/sshd-keygen@.service.d/disable-sshd-keygen-if-cloud-init-active.conf	1	5	5	46	2cb52c205a1f	STAY	midsize-why		0				0
usr/lib/systemd/system/systemd-binfmt.service.d/10-wsl.conf	1	1	1	15	3e93b8cec236	STAY	ai-header		0				0
usr/lib/systemd/system/systemd-journald.service.d/nice.conf	1	1	1	27	c3e434fe9c54	STAY	ai-header		0				0
usr/lib/systemd/system/systemd-journald.service.d/nice.conf	3	3	1	11	9de04fb43b9b	STAY	local-scoped		0				0
usr/lib/systemd/system/systemd-localed.service.d/x11-keyboard.conf	1	1	1	22	3d1e5312a729	STAY	ai-header		0				0
usr/lib/systemd/system/systemd-localed.service.d/x11-keyboard.conf	3	4	2	25	f23d29cc659f	STAY	local-scoped		0				0
usr/lib/systemd/system/systemd-machined.service.d/wsl2-optional.conf	1	1	1	21	1c1df36c297b	STAY	ai-header		0				0
usr/lib/systemd/system/systemd-machined.service.d/wsl2-optional.conf	3	3	1	11	a61a40be3e59	STAY	local-scoped		0				0
usr/lib/systemd/system/systemd-networkd-wait-online.service.d/10-mios-wsl2.conf	1	2	2	29	5f3f44a755bc	STAY	ai-header		0				0
usr/lib/systemd/system/systemd-resolved.service.d/10-mios-container-gate.conf	1	1	1	23	fb12298c54df	STAY	ai-header		0				0
usr/lib/systemd/system/systemd-resolved.service.d/10-mios-container-gate.conf	3	3	1	8	32e767825295	STAY	local-scoped		0				0
usr/lib/systemd/system/ublue-nvctk-cdi.service.d/10-mios.conf	1	1	1	31	88bc31b441ad	STAY	ai-header		0				0
usr/lib/systemd/system/upower.service.d/10-mios-wsl2.conf	1	1	1	23	cfdacc65c271	STAY	ai-header		0				0
usr/lib/systemd/system/upower.service.d/10-mios-wsl2.conf	3	4	2	20	4083ac15f74b	STAY	local-scoped		0				0
usr/lib/systemd/user/mios-computer-use-server.service	4	30	27	217	adb750389465	MIGRATE	narrative-rationale		0				0
usr/lib/systemd/user/mios-computer-use-server.service	38	43	6	52	37f3f3d02cf6	MIGRATE	narrative-rationale		0				0
usr/lib/systemd/user/mios-computer-use-server.service	48	54	7	40	c432b58dda41	MIGRATE	narrative-rationale		0				0
usr/lib/systemd/user/mios-keyring-autounlock.service	6	9	4	33	a4c63679eb14	MIGRATE	midsize-narrative		0				0
usr/lib/systemd/user/mios-keyring-autounlock.service	13	14	2	13	8da9ccb87e74	STAY	local-scoped		0				0
usr/lib/systemd/user/mios-keyring-autounlock.service	19	28	10	76	2b61314289d1	MIGRATE	narrative-history		0				0
usr/lib/systemd/user/mios-keyring-autounlock.service	30	30	1	10	81dae000fd3e	STAY	local-scoped		0				0
usr/lib/systemd/user/mios-launcher.service	4	23	20	133	cc8cbc40817f	MIGRATE	narrative-history		0				0
usr/lib/systemd/user/mios-launcher.service	26	34	9	87	917db232f01b	MIGRATE	narrative-history		0				0
usr/lib/systemd/user/mios-launcher.service	39	42	4	47	09b634164cff	MIGRATE	midsize-narrative		0				0
usr/lib/systemd/user/mios-wsl-env-import.service	8	24	17	95	a8939d83f49c	MIGRATE	narrative-history		0				0
usr/lib/systemd/user/mios-wsl-env-import.service	31	40	10	74	e4db02f2582c	MIGRATE	narrative-history		0				0
usr/lib/systemd/user/mios-wsl-env-import.service	42	50	9	74	8fbb62638b8d	MIGRATE	narrative-history		0				0
usr/lib/systemd/user/mios-wsl-flatpak-heal.service	12	13	2	19	82f18617729c	STAY	local-scoped		0				0
usr/lib/systemd/user/mios-wsl-graphical-session.service	8	31	24	143	1eb091e7863b	MIGRATE	narrative-rationale		0				0
usr/lib/systemd/user/mios-wsl-theme-bridge.service	1	2	2	26	62763a9f05ad	STAY	ai-header		0				0
usr/lib/systemd/user/mios-wsl-theme-bridge.service	6	9	4	36	b3af3fe7cf17	STAY	midsize-why		0				0
usr/lib/systemd/user/mios-wsl-theme-bridge.service	18	20	3	29	49409beff03f	STAY	midsize-why		0				0
usr/lib/systemd/user/mios-wslg-env.service	4	14	11	101	6baee29ec169	MIGRATE	narrative-rationale		0				0
usr/lib/systemd/user/mios-wslg-env.service	24	25	2	28	297ff1272e81	STAY	midsize-why		0				0
usr/lib/systemd/zram-generator.conf.d/10-mios.conf	1	1	1	24	afe7b7347c5d	STAY	ai-header		0				0
usr/lib/systemd/zram-generator.conf.d/10-mios.conf	3	5	3	25	ad009664173f	STAY	midsize-why		0				0
usr/lib/systemd/zram-generator.conf.d/mios.conf	1	1	1	27	a0c5ca28b0c2	STAY	ai-header		0				0
usr/lib/sysupdate.d/50-mios.conf	15	15	1	6	8d1f79b8dd95	STAY	local-scoped		0				0
usr/lib/sysusers.d/10-mios.conf	7	9	3	29	38e0e6c251c2	STAY	midsize-why		0				0
usr/lib/sysusers.d/10-mios.conf	22	26	5	41	1d9d02229959	STAY	midsize-why		0				0
usr/lib/sysusers.d/10-mios.conf	28	33	6	55	1bc5b9b20d19	MIGRATE	narrative-history		0				0
usr/lib/sysusers.d/30-mios-tmpfiles-prereq.conf	4	7	4	22	974e246cbf95	STAY	midsize-why		0				0
usr/lib/sysusers.d/50-mios-cockpit.conf	4	4	1	4	b0394134ead1	STAY	local-scoped		0				0
usr/lib/sysusers.d/50-mios-cockpit.conf	8	9	2	14	7fc88835133a	STAY	local-scoped		0				0
usr/lib/sysusers.d/50-mios-cockpit.conf	13	14	2	7	d96016708ef7	DROP	commented-out-code		0				0
usr/lib/sysusers.d/50-mios-cockpit.conf	21	21	1	3	a25cb9a2f0e9	STAY	local-scoped		0				0
usr/lib/sysusers.d/50-mios-cockpit.conf	25	31	7	54	b5539dcf2e12	MIGRATE	narrative-history		0				0
usr/lib/sysusers.d/50-mios-cockpit.conf	35	48	14	83	e6a8d9319d52	MIGRATE	narrative-history		0				0
usr/lib/sysusers.d/50-mios-cockpit.conf	53	59	7	59	8a8bbac22260	MIGRATE	narrative-rationale		0				0
usr/lib/sysusers.d/50-mios-services.conf	5	16	12	110	27259b586c6b	MIGRATE	narrative-history		0				0
usr/lib/sysusers.d/50-mios-services.conf	32	36	5	37	495e4ffddb81	MIGRATE	midsize-narrative		0				0
usr/lib/sysusers.d/50-mios-services.conf	42	42	1	13	a39cec3801e1	STAY	local-scoped		0				0
usr/lib/sysusers.d/50-mios-services.conf	44	53	10	74	95700909e9e0	MIGRATE	narrative-history		0				0
usr/lib/sysusers.d/50-mios-services.conf	55	61	7	71	b51935d3f2a4	MIGRATE	narrative-rationale		0				0
usr/lib/sysusers.d/50-mios-services.conf	65	70	6	47	5afdcc4027d9	MIGRATE	narrative-history		0				0
usr/lib/sysusers.d/50-mios-services.conf	73	85	13	105	dabb7198c478	MIGRATE	narrative-history		0				0
usr/lib/sysusers.d/50-mios-services.conf	88	92	5	53	88f870236154	STAY	midsize-why		0				0
usr/lib/sysusers.d/50-mios-services.conf	95	99	5	42	9c3d3d525d91	STAY	midsize-why		0				0
usr/lib/sysusers.d/50-mios-services.conf	102	105	4	34	22a57a765b11	STAY	midsize-why		0				0
usr/lib/sysusers.d/50-mios-services.conf	108	112	5	48	cc8d735cda56	STAY	midsize-why		0				0
usr/lib/sysusers.d/50-mios-services.conf	115	115	1	5	046bd9e623cf	STAY	local-scoped		0				0
usr/lib/sysusers.d/50-mios-services.conf	118	120	3	20	69b205569aaa	STAY	midsize-why		0				0
usr/lib/sysusers.d/50-mios-services.conf	123	128	6	47	5642bd93c268	MIGRATE	narrative-rationale		0				0
usr/lib/sysusers.d/50-mios-services.conf	131	134	4	21	4f66662e51d4	STAY	midsize-why		0				0
usr/lib/sysusers.d/50-mios-services.conf	144	144	1	6	19481e342200	STAY	local-scoped		0				0
usr/lib/sysusers.d/50-mios.conf	4	4	1	8	c047105ec535	STAY	local-scoped		0				0
usr/lib/tmpfiles.d/mios-backup.conf	1	1	1	23	b3e9e07651a5	STAY	ai-header		0				0
usr/lib/tmpfiles.d/mios-cephfs.conf	1	2	2	16	7ba178529052	STAY	ai-header		0				0
usr/lib/tmpfiles.d/mios-cpu.conf	1	2	2	31	fe264ee85249	STAY	ai-header		0				0
usr/lib/tmpfiles.d/mios-forge-runner.conf	4	6	3	22	66b1f22528d2	STAY	midsize-why		0				0
usr/lib/tmpfiles.d/mios-forge-runner.conf	9	14	6	50	a3a681b03e44	MIGRATE	narrative-rationale		0				0
usr/lib/tmpfiles.d/mios-forge.conf	4	6	3	29	919a61a5acdd	STAY	midsize-why		0				0
usr/lib/tmpfiles.d/mios-forge.conf	9	10	2	20	a2a9a2167ec5	STAY	local-scoped		0				0
usr/lib/tmpfiles.d/mios-forge.conf	14	18	5	42	49f51587ad0c	MIGRATE	midsize-narrative		0				0
usr/lib/tmpfiles.d/mios-freeipa.conf	4	4	1	1	caa39bc19ce9	STAY	local-scoped		0				0
usr/lib/tmpfiles.d/mios-freeipa.conf	10	10	1	1	414a350acbad	STAY	local-scoped		0				0
usr/lib/tmpfiles.d/mios-freeipa.conf	15	15	1	3	16b21619b6ad	STAY	local-scoped		0				0
usr/lib/tmpfiles.d/mios-freeipa.conf	23	23	1	4	69a33a7cda2f	STAY	local-scoped		0				0
usr/lib/tmpfiles.d/mios-freeipa.conf	26	26	1	8	749a0fd1faaa	STAY	local-scoped		0				0
usr/lib/tmpfiles.d/mios-freeipa.conf	31	34	4	31	337d99f60360	STAY	midsize-why		0				0
usr/lib/tmpfiles.d/mios-gateway-agent.conf	1	4	4	20	d5c5ef627fa1	STAY	ai-header		0				0
usr/lib/tmpfiles.d/mios-gateway-agent.conf	10	10	1	3	7db5e543ee16	STAY	local-scoped		0				0
usr/lib/tmpfiles.d/mios-gpu.conf	8	10	3	23	8e8c96dd902a	STAY	midsize-why		0				0
usr/lib/tmpfiles.d/mios-hermes-worker.conf	8	9	2	16	095ce8c9d4e3	STAY	local-scoped		0				0
usr/lib/tmpfiles.d/mios-hermes-worker.conf	11	15	5	41	5b70a604c4ae	MIGRATE	midsize-narrative		0				0
usr/lib/tmpfiles.d/mios-infra.conf	4	4	1	1	a58fdac9fe4d	DROP	banner		0				0
usr/lib/tmpfiles.d/mios-infra.conf	9	9	1	2	e001c6c7f75c	DROP	banner		0				0
usr/lib/tmpfiles.d/mios-infra.conf	16	16	1	5	946f6feb6886	STAY	local-scoped		0				0
usr/lib/tmpfiles.d/mios-infra.conf	19	22	4	29	0a4d6f159023	STAY	midsize-why		0				0
usr/lib/tmpfiles.d/mios-infra.conf	25	29	5	28	03454dcb03c9	STAY	midsize-why		0				0
usr/lib/tmpfiles.d/mios-infra.conf	32	32	1	3	597a0223b7a8	DROP	banner		0				0
usr/lib/tmpfiles.d/mios-infra.conf	36	36	1	12	5915b8b7b353	STAY	local-scoped		0				0
usr/lib/tmpfiles.d/mios-infra.conf	39	41	3	29	b8a2baba9704	MIGRATE	midsize-narrative		0				0
usr/lib/tmpfiles.d/mios-infra.conf	47	51	5	48	8fdd1edae862	MIGRATE	midsize-narrative		0				0
usr/lib/tmpfiles.d/mios-infra.conf	56	58	3	23	af06eaac88be	MIGRATE	midsize-narrative		0				0
usr/lib/tmpfiles.d/mios-infra.conf	61	61	1	2	b249e110a348	DROP	banner		0				0
usr/lib/tmpfiles.d/mios-infra.conf	67	67	1	2	14e3c49c92d3	DROP	banner		0				0
usr/lib/tmpfiles.d/mios-infra.conf	70	72	3	23	42e9c0c65bbc	STAY	midsize-why		0				0
usr/lib/tmpfiles.d/mios-infra.conf	75	75	1	2	921caef9caa2	DROP	banner		0				0
usr/lib/tmpfiles.d/mios-infra.conf	80	80	1	2	01222a899d88	DROP	banner		0				0
usr/lib/tmpfiles.d/mios-infra.conf	89	89	1	2	4cf30fcc9572	DROP	banner		0				0
usr/lib/tmpfiles.d/mios-infra.conf	93	93	1	2	f0b1ad468a62	DROP	banner		0				0
usr/lib/tmpfiles.d/mios-infra.conf	98	98	1	2	9242d1512f90	DROP	banner		0				0
usr/lib/tmpfiles.d/mios-iommu.conf	1	1	1	25	9d6ba125105f	STAY	ai-header		0				0
usr/lib/tmpfiles.d/mios-k3s.conf	7	8	2	17	0d47e5c840bc	STAY	local-scoped		0				0
usr/lib/tmpfiles.d/mios-llamacpp.conf	5	6	2	20	2eb892456ca5	STAY	local-scoped		0				0
usr/lib/tmpfiles.d/mios-llamacpp.conf	8	12	5	64	16d6fa749c5a	MIGRATE	narrative-rationale		0				0
usr/lib/tmpfiles.d/mios-opencode-gateway.conf	5	9	5	44	bba9f2c36d1c	MIGRATE	midsize-narrative		0				0
usr/lib/tmpfiles.d/mios-opencode-gateway.conf	11	17	7	68	2fd336135b13	MIGRATE	narrative-rationale		0				0
usr/lib/tmpfiles.d/mios-passports.conf	4	7	4	36	8bd843488c96	STAY	midsize-why		0				0
usr/lib/tmpfiles.d/mios-pgvector.conf	5	6	2	22	88e3e584025d	STAY	local-scoped		0				0
usr/lib/tmpfiles.d/mios-scratch.conf	5	5	1	8	1c38881ecdd2	DROP	banner		0				0
usr/lib/tmpfiles.d/mios-searxng.conf	6	9	4	36	15ad1de4fe14	MIGRATE	midsize-narrative		0				0
usr/lib/tmpfiles.d/mios-shim-links.conf	4	5	2	13	f5d1e2421f5a	STAY	local-scoped		0				0
usr/lib/tmpfiles.d/mios-shim-links.conf	7	7	1	2	eb1d3ea25717	STAY	local-scoped		0				0
usr/lib/tmpfiles.d/mios-shim-links.conf	39	40	2	21	9428556dff2e	STAY	local-scoped		0				0
usr/lib/tmpfiles.d/mios-shim-links.conf	51	52	2	17	20dab665583b	STAY	local-scoped		0				0
usr/lib/tmpfiles.d/mios-shim-links.conf	56	59	4	31	7282d4c01933	STAY	midsize-why		0				0
usr/lib/tmpfiles.d/mios-shim-links.conf	62	63	2	17	6df151e5f365	STAY	local-scoped		0				0
usr/lib/tmpfiles.d/mios-shim-links.conf	67	67	1	2	bd9c7738abab	STAY	local-scoped		0				0
usr/lib/tmpfiles.d/mios-shim-links.conf	76	80	5	55	962cb7fda343	STAY	midsize-why		0				0
usr/lib/tmpfiles.d/mios-shim-links.conf	83	86	4	40	1620fa9734f6	STAY	midsize-why		0				0
usr/lib/tmpfiles.d/mios-shim-links.conf	92	92	1	3	7ceeef055780	STAY	local-scoped		0				0
usr/lib/tmpfiles.d/mios-shim-links.conf	112	112	1	10	d49e0367bdd2	STAY	local-scoped		0				0
usr/lib/tmpfiles.d/mios-shim-links.conf	116	116	1	2	37efb77c4257	STAY	local-scoped		0				0
usr/lib/tmpfiles.d/mios-shim-links.conf	122	122	1	2	5cdada895c48	STAY	local-scoped		0				0
usr/lib/tmpfiles.d/mios-shim-links.conf	130	133	4	31	1abfca3c7541	STAY	midsize-why		0				0
usr/lib/tmpfiles.d/mios-shim-links.conf	139	139	1	2	5c0fc62ef6f2	STAY	local-scoped		0				0
usr/lib/tmpfiles.d/mios-shim-links.conf	180	183	4	40	e13807b2c7b4	STAY	midsize-why		0				0
usr/lib/tmpfiles.d/mios-shim-links.conf	186	188	3	29	0a3ac8edcb21	STAY	midsize-why		0				0
usr/lib/tmpfiles.d/mios-shim-links.conf	191	194	4	34	6f1ae7d3600f	STAY	midsize-why		0				0
usr/lib/tmpfiles.d/mios-shim-links.conf	197	199	3	25	2c37afd873b5	STAY	midsize-why		0				0
usr/lib/tmpfiles.d/mios-shim-links.conf	202	204	3	29	0a97426c5446	STAY	midsize-why		0				0
usr/lib/tmpfiles.d/mios-shim-links.conf	207	211	5	52	3dab2a0cf70f	STAY	midsize-why		0				0
usr/lib/tmpfiles.d/mios-shim-links.conf	214	216	3	32	a4a2f063d340	STAY	midsize-why		0				0
usr/lib/tmpfiles.d/mios-shim-links.conf	219	221	3	35	6bbde363a2f6	STAY	midsize-why		0				0
usr/lib/tmpfiles.d/mios-shim-links.conf	224	226	3	28	3abf694e63b4	STAY	midsize-why		0				0
usr/lib/tmpfiles.d/mios-shim-links.conf	237	238	2	17	2b206ab8f992	STAY	local-scoped		0				0
usr/lib/tmpfiles.d/mios-skills.conf	4	9	6	55	b62d5b2e3de3	MIGRATE	narrative-history		0				0
usr/lib/tmpfiles.d/mios-user.conf	4	4	1	8	d2efb0752cdf	STAY	local-scoped		0				0
usr/lib/tmpfiles.d/mios-user.conf	9	22	14	131	638f15bbbd1b	MIGRATE	narrative-history		0				0
usr/lib/tmpfiles.d/mios-user.conf	26	31	6	46	fe0efea57622	MIGRATE	narrative-rationale		0				0
usr/lib/tmpfiles.d/mios-user.conf	33	37	5	43	de1992f28d11	STAY	midsize-why		0				0
usr/lib/tmpfiles.d/mios-virtio.conf	1	2	2	27	099832a81c26	STAY	ai-header		0				0
usr/lib/tmpfiles.d/mios-vllm.conf	1	2	2	15	7bd767435016	STAY	ai-header		0				0
usr/lib/tmpfiles.d/mios-wslg.conf	4	4	1	8	caa446d91c79	STAY	local-scoped		0				0
usr/lib/tmpfiles.d/mios.conf	5	6	2	16	371ae751be76	STAY	local-scoped		0				0
usr/lib/tmpfiles.d/mios.conf	8	14	7	65	5ea141d9ad1c	MIGRATE	narrative-history		0				0
usr/lib/tmpfiles.d/mios.conf	16	20	5	45	a91500914799	MIGRATE	midsize-narrative		0				0
usr/lib/tmpfiles.d/mios.conf	22	26	5	45	2865d8a91653	STAY	midsize-why		0				0
usr/lib/tmpfiles.d/mios.conf	29	36	8	90	91f148a8d502	MIGRATE	narrative-history		0				0
usr/lib/tmpfiles.d/mios.conf	38	42	5	48	e22c39fdb40b	MIGRATE	midsize-narrative		0				0
usr/lib/tmpfiles.d/mios.conf	45	50	6	59	837569963cb6	MIGRATE	narrative-history		0				0
usr/lib/tmpfiles.d/mios.conf	52	59	8	71	08c8099618c6	MIGRATE	narrative-history		0				0
usr/lib/tmpfiles.d/mios.conf	69	77	9	88	215fbe133435	MIGRATE	narrative-history		0				0
usr/lib/tmpfiles.d/mios.conf	79	84	6	63	de2119c75df5	MIGRATE	narrative-history		0				0
usr/lib/tmpfiles.d/mios.conf	86	95	10	109	3cea27d8883f	MIGRATE	narrative-history		0				0
usr/lib/tmpfiles.d/mios.conf	100	100	1	14	b64545106bef	STAY	local-scoped		0				0
usr/lib/tmpfiles.d/mios.conf	105	107	3	26	579f29ef21fe	STAY	midsize-why		0				0
usr/lib/tmpfiles.d/mios.conf	112	116	5	42	7c95f35ad802	STAY	midsize-why		0				0
usr/lib/tmpfiles.d/mios.conf	118	118	1	5	3f75cbad7932	STAY	local-scoped		0				0
usr/lib/wsl-distribution.conf	1	1	1	23	ba770b81fc5f	STAY	ai-header		0				0
usr/lib/xrdp/startwm.sh	1	2	2	26	a4f0625f52a0	STAY	ai-header		0				0
usr/libexec/mios/57-mios-sys-build.sh	1	3	3	21	ff24eab7efb4	STAY	ai-header		0				0
usr/libexec/mios/Heal-MiOSLocalhostForwarding.ps1	1	2	2	23	7a3000af454a	STAY	ai-header		0				0
usr/libexec/mios/Heal-MiOSLocalhostForwarding.ps1	6	6	1	1	de9deb2e9460	STAY	local-scoped		0				0
usr/libexec/mios/Heal-MiOSLocalhostForwarding.ps1	15	15	1	8	c7bee9cfd9f6	STAY	local-scoped		0				0
usr/libexec/mios/Heal-MiOSLocalhostForwarding.ps1	21	22	2	20	0156af887e29	STAY	local-scoped		0				0
usr/libexec/mios/Heal-MiOSLocalhostForwarding.ps1	44	44	1	12	b0b119105b77	STAY	local-scoped		0				0
usr/libexec/mios/MiOS-Mon.py	1	2	2	12	5a699dc73ae0	STAY	ai-header		0				0
usr/libexec/mios/MiOS-Mon.py	3	7	4	35	aca878c25beb	STAY	midsize-why		0				0
usr/libexec/mios/MiOS-Mon.py	466	466	1	4	1e1cc7cdce64	STAY	inline-scoped		0				0
usr/libexec/mios/MiOS.Export.psm1	1	2	2	25	e76d47f4f212	STAY	ai-header		0				0
usr/libexec/mios/MiOSShortcutUtils.psm1	1	2	2	20	585bab027878	STAY	ai-header		0				0
usr/libexec/mios/Setup-MiOSLanPortProxy.ps1	1	2	2	25	5789f385e0ec	STAY	ai-header		0				0
usr/libexec/mios/Setup-MiOSLanPortProxy.ps1	11	11	1	4	ed5f4a34f642	STAY	local-scoped		0				0
usr/libexec/mios/Setup-MiOSLanPortProxy.ps1	21	23	3	35	760d4090d540	STAY	midsize-why		0				0
usr/libexec/mios/Setup-MiOSLanPortProxy.ps1	43	43	1	12	c83f3c253533	STAY	local-scoped		0				0
usr/libexec/mios/Setup-MiOSLanPortProxy.ps1	58	58	1	8	682abf97dd60	STAY	local-scoped		0				0
usr/libexec/mios/Setup-MiOSLanPortProxy.ps1	66	66	1	9	d34d1d7b4c56	STAY	local-scoped		0				0
usr/libexec/mios/Setup-MiOSLanPortProxy.ps1	78	78	1	7	7d0249663e32	STAY	local-scoped		0				0
usr/libexec/mios/Setup-MiOSLanPortProxy.ps1	97	97	1	10	ac3662334638	STAY	local-scoped		0				0
usr/libexec/mios/Setup-MiOSLanPortProxy.ps1	112	112	1	12	3403a80b03e2	STAY	local-scoped		0				0
usr/libexec/mios/Update-MiOSStartMenuShortcuts.ps1	1	2	2	24	8a5d152d39b9	STAY	ai-header		0				0
usr/libexec/mios/Update-MiOSStartMenuShortcuts.ps1	8	21	14	125	614c5fa292af	MIGRATE	narrative-history		0				0
usr/libexec/mios/Update-MiOSStartMenuShortcuts.ps1	33	34	2	15	579fafb11e66	STAY	local-scoped		0				0
usr/libexec/mios/Update-MiOSStartMenuShortcuts.ps1	39	40	2	20	7d6381c57093	STAY	local-scoped		0				0
usr/libexec/mios/Update-MiOSStartMenuShortcuts.ps1	64	66	3	21	3bc960bbad98	STAY	midsize-why		0				0
usr/libexec/mios/Update-MiOSStartMenuShortcuts.ps1	93	95	3	27	ab9ea9a605ce	STAY	midsize-why		0				0
usr/libexec/mios/Update-MiOSStartMenuShortcuts.ps1	101	102	2	18	ad9984ab3998	STAY	local-scoped		0				0
usr/libexec/mios/Update-MiOSStartMenuShortcuts.ps1	110	110	1	2	5388f6be1ea9	STAY	local-scoped		0				0
usr/libexec/mios/Update-MiOSStartMenuShortcuts.ps1	112	112	1	7	caf1598b4faa	STAY	local-scoped		0				0
usr/libexec/mios/Update-MiOSStartMenuShortcuts.ps1	134	137	4	32	d1af9b19682f	STAY	midsize-why		0				0
usr/libexec/mios/Update-MiOSStartMenuShortcuts.ps1	158	160	3	25	fd095c7a4419	MIGRATE	midsize-narrative		0				0
usr/libexec/mios/Update-MiOSStartMenuShortcuts.ps1	172	173	2	12	22818ad97aca	STAY	local-scoped		0				0
usr/libexec/mios/Update-MiOSStartMenuShortcuts.ps1	182	182	1	8	f8740d60143b	STAY	local-scoped		0				0
usr/libexec/mios/Update-MiOSStartMenuShortcuts.ps1	195	212	18	140	ddea11fea6f3	MIGRATE	narrative-history		0				0
usr/libexec/mios/Update-MiOSStartMenuShortcuts.ps1	218	220	3	27	fd1594b07fd6	STAY	midsize-why		0				0
usr/libexec/mios/Update-MiOSStartMenuShortcuts.ps1	223	223	1	7	a72b629a03be	STAY	local-scoped		0				0
usr/libexec/mios/Update-MiOSStartMenuShortcuts.ps1	229	229	1	1	a93ac68cecf4	DROP	banner		0				0
usr/libexec/mios/Update-MiOSStartMenuShortcuts.ps1	230	230	1	1	1cf8f595e971	STAY	inline-scoped		0				0
usr/libexec/mios/Update-MiOSStartMenuShortcuts.ps1	231	231	1	3	a1d9f7809a50	STAY	inline-scoped		0				0
usr/libexec/mios/Update-MiOSStartMenuShortcuts.ps1	232	232	1	1	e35b38436ce5	STAY	inline-scoped		0				0
usr/libexec/mios/Update-MiOSStartMenuShortcuts.ps1	233	233	1	1	9cebb252889f	DROP	banner		0				0
usr/libexec/mios/Update-MiOSStartMenuShortcuts.ps1	234	234	1	1	4a0fd03dd6ff	STAY	inline-scoped		0				0
usr/libexec/mios/Update-MiOSStartMenuShortcuts.ps1	235	235	1	1	aac351ec6dfe	STAY	inline-scoped		0				0
usr/libexec/mios/Update-MiOSStartMenuShortcuts.ps1	236	236	1	5	3ae27045c834	STAY	inline-scoped		0				0
usr/libexec/mios/Update-MiOSStartMenuShortcuts.ps1	237	237	1	1	cd58bcef5699	STAY	inline-scoped		0				0
usr/libexec/mios/Update-MiOSStartMenuShortcuts.ps1	238	238	1	1	855e92b97953	STAY	inline-scoped		0				0
usr/libexec/mios/Update-MiOSStartMenuShortcuts.ps1	239	239	1	1	b18d49e5c13a	STAY	inline-scoped		0				0
usr/libexec/mios/Update-MiOSStartMenuShortcuts.ps1	240	240	1	1	3b5b11b9fe7b	STAY	inline-scoped		0				0
usr/libexec/mios/Update-MiOSStartMenuShortcuts.ps1	241	241	1	3	4d420e2a5470	STAY	inline-scoped		0				0
usr/libexec/mios/Update-MiOSStartMenuShortcuts.ps1	242	242	1	2	b41b86dcfdc6	STAY	local-scoped		0				0
usr/libexec/mios/Update-MiOSStartMenuShortcuts.ps1	253	253	1	11	e4f1a46b279c	STAY	local-scoped		0				0
usr/libexec/mios/Update-MiOSStartMenuShortcuts.ps1	259	268	10	67	957c6391295e	MIGRATE	narrative-history		0				0
usr/libexec/mios/Update-MiOSStartMenuShortcuts.ps1	273	274	2	13	c5d04523da6d	STAY	local-scoped		0				0
usr/libexec/mios/Update-MiOSStartMenuShortcuts.ps1	280	280	1	4	c85408c88d04	DROP	banner		0				0
usr/libexec/mios/Update-MiOSStartMenuShortcuts.ps1	285	290	6	61	3de75bb63b2a	MIGRATE	narrative-history		0				0
usr/libexec/mios/Update-MiOSStartMenuShortcuts.ps1	311	311	1	7	cd6bf759a698	STAY	local-scoped		0				0
usr/libexec/mios/Update-MiOSStartMenuShortcuts.ps1	314	315	2	18	632f1bfb4bc7	STAY	local-scoped		0				0
usr/libexec/mios/Update-MiOSStartMenuShortcuts.ps1	330	334	5	46	6ff500faf6d8	STAY	midsize-why		0				0
usr/libexec/mios/Update-MiOSStartMenuShortcuts.ps1	339	342	4	39	bde7cfdb0d72	MIGRATE	midsize-narrative		0				0
usr/libexec/mios/Update-MiOSStartMenuShortcuts.ps1	347	353	7	43	82739bd24264	MIGRATE	narrative-rationale		0				0
usr/libexec/mios/Update-MiOSStartMenuShortcuts.ps1	366	374	9	81	ef9ce2ef6f33	MIGRATE	narrative-history		0				0
usr/libexec/mios/Update-MiOSStartMenuShortcuts.ps1	390	396	7	64	9a6c3ef60a2c	MIGRATE	narrative-rationale		0				0
usr/libexec/mios/Update-MiOSStartMenuShortcuts.ps1	408	409	2	18	64f76fe1cfd7	STAY	local-scoped		0				0
usr/libexec/mios/automation/35-xrdp-enhanced-session.sh	1	3	3	17	3e392380ab6b	STAY	ai-header		0				0
usr/libexec/mios/bootc-switch-from-build.sh	1	3	3	25	930e46b9fd54	STAY	ai-header		0				0
usr/libexec/mios/capability-audit.sh	1	3	3	25	ac33e52db5a4	STAY	ai-header		0				0
usr/libexec/mios/capability-audit.sh	19	19	1	4	6310a55c400c	STAY	inline-scoped		0				0
usr/libexec/mios/capability-audit.sh	20	20	1	3	b81c530e0360	STAY	inline-scoped		0				0
usr/libexec/mios/capability-audit.sh	21	21	1	6	9014f912a8b5	STAY	inline-scoped		0				0
usr/libexec/mios/capability-audit.sh	980	980	1	4	70c8a52af20b	DROP	banner		0				0
usr/libexec/mios/capability-audit.sh	996	996	1	5	b1987eb78657	STAY	inline-scoped		0				0
usr/libexec/mios/capability-audit.sh	1002	1002	1	5	141fa32ba2dc	STAY	inline-scoped		0				0
usr/libexec/mios/capability-audit.sh	1234	1234	1	2	6f8945d49dc8	DROP	banner		0				0
usr/libexec/mios/capability-audit.sh	1372	1372	1	7	52529af0e858	STAY	inline-scoped		0				0
usr/libexec/mios/capability-audit.sh	1502	1502	1	3	d903bd2e77d7	STAY	inline-scoped		0				0
usr/libexec/mios/capability-audit.sh	2136	2136	1	5	569cba97da8b	DROP	banner		0				0
usr/libexec/mios/capability-audit.sh	2162	2162	1	0	028c739e2417	DROP	banner		0				0
usr/libexec/mios/ceph-bootstrap.sh	1	3	3	27	97f9c1fd66e7	STAY	ai-header		0				0
usr/libexec/mios/config-history.py	1	1	1	2	c8a5e92d1c7b	STAY	local-scoped		0				0
usr/libexec/mios/copy-build-log.sh	1	3	3	26	686185f72b9a	STAY	ai-header		0				0
usr/libexec/mios/enumerate-mios-desktops.sh	1	2	2	11	57230954287f	STAY	ai-header		0				0
usr/libexec/mios/flatpaks-manage.sh	1	3	3	18	ec2afe5dd4f4	STAY	ai-header		0				0
usr/libexec/mios/flatpaks-manage.sh	48	48	1	0	40a6ab89aa12	DROP	banner		0				0
usr/libexec/mios/flight-control.sh	1	2	2	10	a4424ab4701d	STAY	ai-header		0				0
usr/libexec/mios/forge-firstboot.sh	1	3	3	13	a345986b69db	STAY	ai-header		0				0
usr/libexec/mios/forge-firstboot.sh	33	33	1	7	02083bfe1635	STAY	local-scoped		0				0
usr/libexec/mios/forge-firstboot.sh	77	77	1	7	7013065f75b4	STAY	local-scoped		0				0
usr/libexec/mios/forge-firstboot.sh	167	167	1	1	3dcedee2a321	DROP	banner		0				0
usr/libexec/mios/forge-firstboot.sh	168	168	1	5	1dc4018a1ff4	STAY	inline-scoped		0				0
usr/libexec/mios/git-root-init.sh	1	3	3	21	56905eb910fb	STAY	ai-header		0				0
usr/libexec/mios/git-root-init.sh	51	51	1	5	b1e821fe38d8	STAY	inline-scoped		0				0
usr/libexec/mios/hardware-iommu-groups.sh	1	3	3	17	072c62b27d89	STAY	ai-header		0				0
usr/libexec/mios/hardware-iommu-groups.sh	25	25	1	0	94e220b2522b	DROP	banner		0				0
usr/libexec/mios/hardware-iommu-groups.sh	41	41	1	0	94e220b2522b	DROP	banner		0				0
usr/libexec/mios/hardware-iommu-groups.sh	44	44	1	0	94e220b2522b	DROP	banner		0				0
usr/libexec/mios/hardware-iommu-groups.sh	52	52	1	0	aa48b767be64	DROP	commented-out-code		0				0
usr/libexec/mios/hardware-iommu.sh	1	3	3	15	67f765813a56	STAY	ai-header		0				0
usr/libexec/mios/hardware-iommu.sh	68	68	1	1	b1e512e43497	DROP	banner		0				0
usr/libexec/mios/hardware-iommu.sh	70	70	1	0	3faa633f336c	DROP	banner		0				0
usr/libexec/mios/hardware-iommu.sh	81	81	1	4	e8d44e3e7e13	STAY	inline-scoped		0				0
usr/libexec/mios/hardware-iommu.sh	91	91	1	2	73770e7a9c88	STAY	inline-scoped		0				0
usr/libexec/mios/hardware-iommu.sh	93	93	1	4	dfeea897d503	STAY	inline-scoped		0				0
usr/libexec/mios/hardware-iommu.sh	126	126	1	1	b1e512e43497	DROP	banner		0				0
usr/libexec/mios/hardware-iommu.sh	176	176	1	1	b1e512e43497	DROP	banner		0				0
usr/libexec/mios/hardware-iommu.sh	200	200	1	1	b1e512e43497	DROP	banner		0				0
usr/libexec/mios/hardware-iommu.sh	203	203	1	0	94e220b2522b	DROP	banner		0				0
usr/libexec/mios/install-ai-clis.sh	1	4	4	18	11e4d1148fc6	STAY	ai-header		0				0
usr/libexec/mios/install-ai-clis.sh	27	27	1	1	111c0070b618	STAY	inline-scoped		0				0
usr/libexec/mios/install-nvidia-wsl-userland.sh	1	3	3	14	72493bba8652	STAY	ai-header		0				0
usr/libexec/mios/materialize-build-catalog.py	1	3	3	13	088122eb7438	STAY	ai-header		0				0
usr/libexec/mios/materialize-build-catalog.py	13	13	1	11	5a836ec4ab35	STAY	local-scoped		0				0
usr/libexec/mios/materialize-build-ctx.py	1	1	1	2	c8a5e92d1c7b	STAY	local-scoped		0				0
usr/libexec/mios/materialize-config-toml.py	1	1	1	2	c8a5e92d1c7b	STAY	local-scoped		0				0
usr/libexec/mios/materialize-config-toml.py	71	71	1	2	88f283d38b6e	STAY	inline-scoped		0				0
usr/libexec/mios/materialize-user-config.py	1	1	1	2	c8a5e92d1c7b	STAY	local-scoped		0				0
usr/libexec/mios/mcp-init.sh	1	4	4	19	b920ad52f0c1	STAY	ai-header		0				0
usr/libexec/mios/mios-agents-firstboot.sh	1	3	3	17	bd0102a6adc2	STAY	ai-header		0				0
usr/libexec/mios/mios-codemode-api.py	1	2	2	27	21877b2a31bb	STAY	ai-header		0				0
usr/libexec/mios/mios-codemode-api.py	3	31	28	220	c6e5226f446e	MIGRATE	narrative-history		0				0
usr/libexec/mios/mios-codemode-api.py	45	46	2	23	698f7cdfbf9e	STAY	local-scoped		0				0
usr/libexec/mios/mios-codemode-api.py	50	51	2	18	678aa52b7056	STAY	local-scoped		0				0
usr/libexec/mios/mios-codemode-api.py	93	95	3	24	684521b29b52	STAY	midsize-why		0				0
usr/libexec/mios/mios-codemode-api.py	100	100	1	9	97f5ffdb83e1	STAY	local-scoped		0				0
usr/libexec/mios/mios-codemode-api.py	105	105	1	8	b0bf0e41897d	STAY	local-scoped		0				0
usr/libexec/mios/mios-codemode-api.py	110	110	1	4	dabf33a83098	STAY	local-scoped		0				0
usr/libexec/mios/mios-codemode-api.py	115	115	1	6	e433895313d7	STAY	local-scoped		0				0
usr/libexec/mios/mios-codemode-api.py	120	122	3	33	d0a13e0b0da2	STAY	midsize-why		0				0
usr/libexec/mios/mios-dashboard-render-issue.sh	1	3	3	16	fc33dc01b20f	STAY	ai-header		0				0
usr/libexec/mios/mios-dashboard.sh	1	2	2	14	2464af37679a	STAY	ai-header		0				0
usr/libexec/mios/mios-forgejo-runner-firstboot.sh	1	3	3	14	c86ace87351d	STAY	ai-header		0				0
usr/libexec/mios/mios-freeipa-enroll.sh	1	3	3	24	1fb5885d4b2e	STAY	ai-header		0				0
usr/libexec/mios/mios-freeipa-enroll.sh	58	58	1	3	0427c989b77c	STAY	inline-scoped		0				0
usr/libexec/mios/mios-mcp-enable-tier0.sh	1	3	3	16	3dfaef50363e	STAY	ai-header		0				0
usr/libexec/mios/mios-oci-delta-service.sh	1	2	2	7	45727c7a486e	STAY	ai-header		0				0
usr/libexec/mios/mios-webtools-firstboot.sh	1	3	3	14	f976d0bf9ff9	STAY	ai-header		0				0
usr/libexec/mios/mios-wsl-flatpak-export-sync.sh	1	4	4	21	83882d640a12	STAY	ai-header		0				0
usr/libexec/mios/mios-wsl-flatpak-export-sync.sh	42	42	1	3	a4e26f006951	STAY	inline-scoped		0				0
usr/libexec/mios/mios_window_region.py	1	3	3	12	75718b1cfc15	STAY	ai-header		0				0
usr/libexec/mios/mios_window_region.py	4	10	6	55	b4e108c80621	MIGRATE	narrative-rationale		0				0
usr/libexec/mios/mios_window_region.py	29	29	1	9	821b2520a931	STAY	local-scoped		0				0
usr/libexec/mios/mios_window_region.py	35	39	5	39	9745a1281a03	STAY	midsize-why		0				0
usr/libexec/mios/mios_window_region.py	63	69	7	51	476acf14a8a6	MIGRATE	narrative-rationale		0				0
usr/libexec/mios/mios_window_region.py	85	87	3	29	3f8396141d84	STAY	midsize-why		0				0
usr/libexec/mios/oscap-scan.py	1	3	3	24	6b2dc40ecf80	STAY	ai-header		0				0
usr/libexec/mios/oscap-scan.py	57	57	1	3	603ebecccd83	STAY	inline-scoped		0				0
usr/libexec/mios/rasterize-mios-icons.sh	1	4	4	19	a02210070268	STAY	ai-header		0				0
usr/libexec/mios/reconcile-blade.py	1	4	4	20	e11b699e7c91	STAY	ai-header		0				0
usr/libexec/mios/reconcile-blade.py	5	12	7	53	1f760e9abf57	MIGRATE	narrative-history		0				0
usr/libexec/mios/reconcile-blade.py	31	34	4	14	a8db98d3d96d	STAY	midsize-why		0				0
usr/libexec/mios/reconcile-blade.py	48	48	1	7	6e1d922b0ff9	STAY	local-scoped		0				0
usr/libexec/mios/reconcile-blade.py	90	90	1	9	6b2dd427083a	STAY	local-scoped		0				0
usr/libexec/mios/reconcile-blade.py	91	91	1	3	79fca913f613	STAY	local-scoped		0				0
usr/libexec/mios/reconcile-blade.py	98	98	1	3	d297abaac03d	STAY	local-scoped		0				0
usr/libexec/mios/reconcile-blade.py	105	105	1	3	30dd8762f9fa	STAY	local-scoped		0				0
usr/libexec/mios/reconcile-blade.py	112	112	1	4	ac862fa0379a	STAY	local-scoped		0				0
usr/libexec/mios/reconcile-blade.py	118	118	1	4	7a57c682f658	STAY	local-scoped		0				0
usr/libexec/mios/seed-db-config.py	1	1	1	2	c8a5e92d1c7b	STAY	local-scoped		0				0
usr/libexec/mios/system-env.sh	1	3	3	23	e2e639b78f1a	STAY	ai-header		0				0
usr/libexec/mios/system-env.sh	84	84	1	3	8175bde1321e	STAY	inline-scoped		0				0
usr/libexec/mios/system-profile.sh	1	3	3	15	f08866b056e4	STAY	ai-header		0				0
usr/libexec/mios/system-profile.sh	290	290	1	4	0225a6c3a99e	STAY	inline-scoped		0				0
usr/libexec/mios/system-profile.sh	292	292	1	3	44949012f599	STAY	inline-scoped		0				0
usr/libexec/mios/system-profile.sh	306	306	1	2	5fd1ee43faca	STAY	inline-scoped		0				0
usr/libexec/mios/system-profile.sh	307	307	1	2	01a259b5f975	STAY	inline-scoped		0				0
usr/libexec/mios/system-profile.sh	309	309	1	1	dd0216022ef3	STAY	inline-scoped		0				0
usr/libexec/mios/system-profile.sh	310	310	1	2	b71adcf4670f	STAY	inline-scoped		0				0
usr/libexec/mios/system-profile.sh	391	391	1	0	20f431cc1914	DROP	banner		0				0
usr/libexec/mios/system-summary.sh	1	3	3	24	81d12d2a34fb	STAY	ai-header		0				0
usr/libexec/mios/system-summary.sh	72	72	1	0	20f431cc1914	DROP	banner		0				0
usr/libexec/mios/system-summary.sh	99	99	1	1	b1e512e43497	DROP	banner		0				0
usr/libexec/mios/system-sync-env.sh	1	3	3	14	105368760907	STAY	ai-header		0				0
usr/libexec/mios/system-sync-env.sh	13	13	1	3	8175bde1321e	STAY	inline-scoped		0				0
usr/libexec/mios/system-sync-env.sh	27	27	1	12	f5dfacf3ef74	STAY	local-scoped		0				0
usr/libexec/mios/system-sync-env.sh	30	30	1	0	711d94ecbe59	DROP	banner		0				0
usr/libexec/mios/system-sync-env.sh	51	51	1	1	d0276addb417	DROP	banner		0				0
usr/libexec/mios/system-sync-env.sh	116	116	1	12	4cc4be9e7fb6	STAY	local-scoped		0				0
usr/libexec/mios/system-sync-env.sh	136	136	1	6	488d82ebb0a1	STAY	local-scoped		0				0
usr/libexec/mios/system-sync-env.sh	141	141	1	3	20fbe2598a8b	STAY	inline-scoped		0				0
usr/libexec/mios/system-sync-env.sh	148	148	1	0	8a331fdde703	DROP	banner		0				0
usr/libexec/mios/system-sync-env.sh	153	153	1	2	388074d6d2fa	STAY	inline-scoped		0				0
usr/libexec/mios/test_mios_cli_sqlsafety.py	1	3	3	21	79e627fae31f	STAY	ai-header		0				0
usr/libexec/mios/test_mios_cli_sqlsafety.py	4	4	1	9	a926edb97a89	STAY	local-scoped		0				0
usr/libexec/mios/test_mios_cli_sqlsafety.py	15	15	1	4	bfda97d12159	STAY	inline-scoped		0				0
usr/libexec/mios/test_mios_cli_sqlsafety.py	59	59	1	2	4c6ccf230d46	STAY	inline-scoped		0				0
usr/libexec/mios/test_mios_cli_sqlsafety.py	79	79	1	2	bd108b5c3901	STAY	inline-scoped		0				0
usr/libexec/mios/test_mios_daemon_escalation.py	1	3	3	23	76facace6e71	STAY	ai-header		0				0
usr/libexec/mios/test_mios_daemon_escalation.py	4	4	1	11	8ea09b2ac1bf	STAY	local-scoped		0				0
usr/libexec/mios/test_mios_daemon_escalation.py	21	21	1	5	02bbd85014c5	STAY	inline-scoped		0				0
usr/libexec/mios/test_mios_daemon_escalation.py	42	42	1	8	e759b8a0315b	STAY	local-scoped		0				0
usr/libexec/mios/test_mios_daemon_escalation.py	46	46	1	9	f79dd104683f	STAY	local-scoped		0				0
usr/libexec/mios/test_mios_daemon_escalation.py	49	49	1	6	3882dab5e014	STAY	local-scoped		0				0
usr/libexec/mios/test_mios_daemon_escalation.py	52	52	1	11	a3d0e4e7819e	STAY	local-scoped		0				0
usr/libexec/mios/test_mios_daemon_escalation.py	55	55	1	4	dc3535b8c9c0	STAY	inline-scoped		0				0
usr/libexec/mios/test_mios_daemon_escalation.py	58	58	1	8	5e3b06efb223	STAY	local-scoped		0				0
usr/libexec/mios/test_mios_daemon_escalation.py	60	60	1	2	b16dffffbd7f	STAY	inline-scoped		0				0
usr/libexec/mios/test_mios_daemon_escalation.py	62	62	1	5	d2320f9c71cc	STAY	inline-scoped		0				0
usr/libexec/mios/test_mios_daemon_escalation.py	69	69	1	8	e94bca05b61c	STAY	local-scoped		0				0
usr/libexec/mios/test_mios_daemon_escalation.py	74	74	1	5	a1e02b5e3a04	STAY	local-scoped		0				0
usr/libexec/mios/test_mios_daemon_launchclaim.py	1	3	3	17	5161775102c9	STAY	ai-header		0				0
usr/libexec/mios/test_mios_daemon_launchclaim.py	4	4	1	8	964a9f5e66b1	STAY	local-scoped		0				0
usr/libexec/mios/test_mios_daemon_launchclaim.py	16	16	1	11	bdb8e9a8bf70	STAY	inline-scoped		0				0
usr/libexec/mios/test_mios_daemon_postcheck.py	1	3	3	17	aab61a3a1905	STAY	ai-header		0				0
usr/libexec/mios/test_mios_daemon_postcheck.py	4	4	1	8	72c4e394f521	STAY	local-scoped		0				0
usr/libexec/mios/test_mios_daemon_postcheck.py	110	110	1	2	de18a6db2c16	STAY	inline-scoped		0				0
usr/libexec/mios/test_mios_daemon_refusal.py	1	3	3	17	9f667529c0dd	STAY	ai-header		0				0
usr/libexec/mios/test_mios_daemon_refusal.py	4	4	1	8	e72bf806604d	STAY	local-scoped		0				0
usr/libexec/mios/test_mios_daemon_refusal.py	16	16	1	11	11afbf308c4c	STAY	inline-scoped		0				0
usr/libexec/mios/test_mios_daemon_refusal.py	80	80	1	4	ed8773b25660	STAY	inline-scoped		0				0
usr/libexec/mios/test_mios_find_ranker.py	1	3	3	13	e57e1879a5f9	STAY	ai-header		0				0
usr/libexec/mios/test_mios_find_ranker.py	4	13	9	69	9a3a61c4416a	MIGRATE	narrative-rationale		0				0
usr/libexec/mios/test_mios_find_ranker.py	30	30	1	10	59f76bcaff11	STAY	local-scoped		0				0
usr/libexec/mios/test_mios_find_ranker.py	55	59	5	23	181b47106292	STAY	midsize-why		0				0
usr/libexec/mios/test_mios_manual.py	1	3	3	17	b0ba75838b1e	STAY	ai-header		0				0
usr/libexec/mios/test_mios_manual.py	43	43	1	4	358179795a2e	STAY	local-scoped		0				0
usr/libexec/mios/test_mios_manual.py	49	49	1	4	5e35ce475e62	STAY	local-scoped		0				0
usr/libexec/mios/test_mios_manual.py	55	55	1	4	dcccdb0db4b6	STAY	local-scoped		0				0
usr/libexec/mios/test_mios_manual.py	61	61	1	5	30c196131c1e	STAY	local-scoped		0				0
usr/libexec/mios/test_mios_manual.py	67	67	1	4	81a11ba297f3	STAY	local-scoped		0				0
usr/libexec/mios/test_mios_manual.py	73	73	1	12	93eae69daa1b	STAY	local-scoped		0				0
usr/libexec/mios/test_mios_manual.py	86	86	1	6	d9a521263aa6	STAY	local-scoped		0				0
usr/libexec/mios/test_mios_manual.py	92	92	1	5	a87a8a93a50c	STAY	local-scoped		0				0
usr/libexec/mios/test_mios_manual.py	99	99	1	8	7b302d2f4f03	STAY	local-scoped		0				0
usr/libexec/mios/test_mios_models.py	1	3	3	14	ab444903e00e	STAY	ai-header		0				0
usr/libexec/mios/test_mios_models.py	16	16	1	3	eb01e12b16e5	STAY	inline-scoped		0				0
usr/libexec/mios/test_mios_models.py	42	43	2	25	597da9af226c	STAY	local-scoped		0				0
usr/libexec/mios/test_mios_models.py	140	140	1	7	bf918a0dd1e4	STAY	local-scoped		0				0
usr/libexec/mios/test_mios_models.py	150	151	2	21	0439715bfd4f	STAY	local-scoped		0				0
usr/libexec/mios/test_mios_office_convert.py	1	2	2	27	6917d7234d02	STAY	ai-header		0				0
usr/libexec/mios/test_mios_office_convert.py	3	16	13	92	714187361e14	MIGRATE	narrative-history		0				0
usr/libexec/mios/test_mios_office_convert.py	35	35	1	3	80a4902b7678	STAY	inline-scoped		0				0
usr/libexec/mios/test_mios_office_convert.py	79	79	1	11	d8c73a72f436	STAY	local-scoped		0				0
usr/libexec/mios/test_mios_office_convert.py	137	137	1	9	4aba5c86f7dd	STAY	inline-scoped		0				0
usr/libexec/mios/test_mios_pgwire.py	1	3	3	21	02bfdd991dfa	STAY	ai-header		0				0
usr/libexec/mios/test_mios_pgwire.py	4	4	1	9	c345b2099d3c	STAY	local-scoped		0				0
usr/libexec/mios/test_mios_pgwire.py	17	17	1	6	c67b365bdb42	STAY	inline-scoped		0				0
usr/libexec/mios/test_mios_pgwire.py	30	31	2	20	7674c662248f	STAY	local-scoped		0				0
usr/libexec/mios/test_mios_pgwire.py	98	98	1	12	2158ac7670ce	STAY	local-scoped		0				0
usr/libexec/mios/test_mios_rechunk.py	1	1	1	2	c8a5e92d1c7b	STAY	local-scoped		0				0
usr/libexec/mios/test_mios_rechunk.py	32	32	1	1	805f80520642	DROP	banner		0				0
usr/libexec/mios/test_mios_rechunk.py	38	38	1	1	aaa8d3c8d74a	DROP	banner		0				0
usr/libexec/mios/test_mios_rechunk.py	40	40	1	2	17807018c1a8	DROP	banner		0				0
usr/libexec/mios/test_mios_rechunk.py	42	42	1	2	b37d2cbfd875	STAY	inline-scoped		0				0
usr/libexec/mios/test_mios_skills_passk.py	1	3	3	23	9a95c5f54c5a	STAY	ai-header		0				0
usr/libexec/mios/test_mios_skills_passk.py	4	4	1	11	274593cf0ac2	STAY	local-scoped		0				0
usr/libexec/mios/test_mios_skills_passk.py	36	37	2	24	9dc6d9032cc2	STAY	local-scoped		0				0
usr/libexec/mios/test_mios_skills_passk.py	104	104	1	2	306d7de68a18	STAY	inline-scoped		0				0
usr/libexec/mios/test_mios_window_region.py	1	3	3	14	000973f42348	STAY	ai-header		0				0
usr/libexec/mios/test_mios_window_region.py	4	4	1	6	ba16c11c05ef	STAY	local-scoped		0				0
usr/libexec/mios/test_mios_window_region.py	38	38	1	2	efa1e7c42de9	STAY	inline-scoped		0				0
usr/libexec/mios/test_mios_window_region.py	39	39	1	2	3d2ff8d7b019	STAY	inline-scoped		0				0
usr/libexec/mios/test_reconcile-blade.py	1	4	4	35	10a53229ab4c	MIGRATE_HEADER	overlong-hint		0				0
usr/libexec/mios/test_reconcile-blade.py	5	9	4	34	1c6455d3c3cf	STAY	midsize-why		0				0
usr/libexec/mios/test_reconcile-blade.py	39	40	2	20	f954e2a9e17f	STAY	local-scoped		0				0
usr/libexec/mios/test_reconcile-blade.py	55	55	1	6	4767dd90a143	STAY	local-scoped		0				0
usr/libexec/mios/test_seed_db_config.py	1	1	1	2	c8a5e92d1c7b	STAY	local-scoped		0				0
usr/libexec/mios/test_seed_db_config.py	8	8	1	6	2fc46cf32d4d	STAY	local-scoped		0				0
usr/libexec/mios/tune-performance.sh	1	3	3	17	1ae426e7aa4c	STAY	ai-header		0				0
usr/libexec/mios/tune-performance.sh	375	375	1	9	7c1d5760322c	STAY	inline-scoped		0				0
usr/libexec/mios/tune-performance.sh	549	549	1	4	abc557ec3eb5	STAY	inline-scoped		0				0
usr/libexec/mios/tune-performance.sh	554	554	1	2	cea9037e693b	DROP	banner		0				0
usr/libexec/mios/tune-performance.sh	555	555	1	2	ea2c49317051	DROP	banner		0				0
usr/libexec/mios/tune-performance.sh	705	705	1	1	a999a0e80ba2	DROP	banner		0				0
usr/libexec/mios/tune-performance.sh	709	709	1	1	09c0f8a59c01	DROP	banner		0				0
usr/libexec/mios/tune-performance.sh	713	713	1	2	2d8664fd19cf	DROP	banner		0				0
usr/libexec/mios/tune-performance.sh	719	719	1	4	9f8f32cc52b7	STAY	inline-scoped		0				0
usr/libexec/mios/tune-performance.sh	720	720	1	7	644c9d9e64e7	STAY	inline-scoped		0				0
usr/libexec/mios/tune-performance.sh	770	770	1	3	9a7a12cf617f	STAY	inline-scoped		0				0
usr/libexec/mios/tune-performance.sh	847	847	1	3	b7932d176d67	STAY	inline-scoped		0				0
usr/libexec/mios/tune-performance.sh	854	854	1	3	df72c5e8ff71	DROP	commented-out-code		0				0
usr/libexec/mios/tune-performance.sh	855	855	1	4	a43d4993e095	DROP	banner		0				0
usr/libexec/mios/tune-performance.sh	1055	1055	1	2	00c7b62aae44	STAY	inline-scoped		0				0
usr/libexec/mios/tune-performance.sh	1059	1059	1	2	19ef44cbbc49	STAY	inline-scoped		0				0
usr/libexec/mios/tune-performance.sh	1103	1103	1	2	beaa09695b24	DROP	banner		0				0
usr/libexec/mios/tune-performance.sh	1109	1109	1	6	e6fdbe351075	STAY	inline-scoped		0				0
usr/libexec/mios/tune-performance.sh	1111	1111	1	4	150bc0c6029c	STAY	inline-scoped		0				0
usr/libexec/mios/user-setup.sh	1	4	4	18	f6668f07fa28	STAY	ai-header		0				0
usr/libexec/mios/user-setup.sh	49	49	1	1	810b9fff4f63	STAY	inline-scoped		0				0
usr/libexec/mios/user-setup.sh	53	53	1	4	ddd650ee9954	STAY	inline-scoped		0				0
usr/libexec/mios/user-setup.sh	67	67	1	1	810b9fff4f63	STAY	inline-scoped		0				0
usr/libexec/mios/user-setup.sh	70	70	1	2	50dac6a9c6b1	STAY	inline-scoped		0				0
usr/libexec/mios/user-setup.sh	71	71	1	2	1fa0acb318fd	STAY	inline-scoped		0				0
usr/libexec/mios/user-setup.sh	79	79	1	8	832343435016	STAY	inline-scoped		0				0
usr/libexec/mios/user-setup.sh	102	102	1	4	39284b4e0b39	STAY	inline-scoped		0				0
usr/libexec/mios/user-setup.sh	109	109	1	1	12378de214ef	DROP	commented-out-code		0				0
usr/libexec/mios/user-setup.sh	117	118	2	13	e9250aa542e8	STAY	local-scoped		0				0
usr/libexec/mios/user-setup.sh	122	122	1	8	64c6c6d762db	STAY	inline-scoped		0				0
usr/libexec/mios/user-setup.sh	124	126	3	29	17faf27af6d8	STAY	midsize-why		0				0
usr/libexec/mios/user-setup.sh	128	128	1	6	bc645377c8df	STAY	inline-scoped		0				0
usr/libexec/mios/user-setup.sh	132	132	1	4	f30bca54f4bf	STAY	inline-scoped		0				0
usr/libexec/mios/user-setup.sh	134	134	1	0	75a3dedb3323	DROP	banner		0				0
usr/libexec/mios/user-setup.sh	138	138	1	2	5f516b80a4eb	DROP	commented-out-code		0				0
usr/libexec/mios/user-setup.sh	139	139	1	3	baf7c267d39d	DROP	commented-out-code		0				0
usr/libexec/mios/verify-root.sh	1	4	4	17	b90becec88ce	STAY	ai-header		0				0
usr/libexec/mios/vfio-check.sh	1	3	3	14	3f98783e80e4	STAY	ai-header		0				0
usr/libexec/mios/vfio-check.sh	8	8	1	2	c39676998a28	STAY	inline-scoped		0				0
usr/libexec/mios/vfio-check.sh	32	32	1	3	526721fffba5	STAY	inline-scoped		0				0
usr/libexec/mios/vfio-check.sh	33	33	1	12	9b40a350cde4	STAY	inline-scoped		0				0
usr/libexec/mios/vfio-check.sh	49	49	1	3	c74f694a25a3	STAY	inline-scoped		0				0
usr/libexec/mios/vfio-config.sh	1	3	3	18	aea8be3c6265	STAY	ai-header		0				0
usr/libexec/mios/vfio-config.sh	14	14	1	2	bd1275524ecf	DROP	banner		0				0
usr/libexec/mios/vfio-config.sh	213	213	1	2	c229734f78a5	STAY	inline-scoped		0				0
usr/libexec/mios/vfio-config.sh	238	238	1	3	fa8bb533e33a	STAY	inline-scoped		0				0
usr/libexec/mios/vfio-config.sh	262	262	1	1	ae9f70cb53a1	DROP	banner		0				0
usr/libexec/mios/vfio-config.sh	283	283	1	4	92c8e13f25ee	STAY	inline-scoped		0				0
usr/libexec/mios/vfio-config.sh	284	284	1	9	e3a59f71f349	STAY	inline-scoped		0				0
usr/libexec/mios/vfio-config.sh	302	302	1	4	47b3151af05b	STAY	inline-scoped		0				0
usr/libexec/mios/vfio-config.sh	404	404	1	5	4eb36c09f7cc	STAY	inline-scoped		0				0
usr/libexec/mios/vfio-config.sh	717	717	1	2	0909aa44344d	DROP	banner		0				0
usr/libexec/mios/vfio-config.sh	762	762	1	4	81a537342167	STAY	inline-scoped		0				0
usr/libexec/mios/vfio-toggle.sh	1	3	3	16	d06a07b0aeda	STAY	ai-header		0				0
usr/libexec/mios/vfio-toggle.sh	10	10	1	0	40a6ab89aa12	DROP	banner		0				0
usr/libexec/mios/virt-apply.sh	1	2	2	11	0689c13a4318	STAY	ai-header		0				0
usr/libexec/mios/virt-apply.sh	75	75	1	6	4d1df1155c1e	STAY	inline-scoped		0				0
usr/libexec/mios/wsl-theme-bridge.sh	1	4	4	18	4eaf94e33035	STAY	ai-header		0				0
usr/libexec/mios/xbox-repair.sh	1	2	2	8	20dbc0253ef1	STAY	ai-header		0				0
usr/libexec/mios/xbox-repair.sh	374	374	1	6	4d1df1155c1e	STAY	inline-scoped		0				0
usr/share/containers/containers.conf.d/99-mios-network.conf	1	1	1	26	876c04a84007	STAY	ai-header		0				0
usr/share/containers/containers.conf.d/99-mios-network.conf	3	4	2	18	fd3aacb83aa5	STAY	local-scoped		0				0
usr/share/containers/storage.conf	10	12	3	27	f54abcc3a832	MIGRATE	midsize-narrative		0				0
usr/share/containers/storage.conf	16	16	1	6	a38c51c23036	STAY	local-scoped		0				0
usr/share/containers/systemd/mios-adguard.container	1	2	2	18	df19148b5183	STAY	ai-header		0				0
usr/share/containers/systemd/mios-ceph.container	1	2	2	18	44f4fc126747	STAY	ai-header		0				0
usr/share/containers/systemd/mios-cockpit-link.container	1	2	2	18	1a1a17ccfc0a	STAY	ai-header		0				0
usr/share/containers/systemd/mios-cpu-node.container	1	2	2	18	060595467efe	STAY	ai-header		0				0
usr/share/containers/systemd/mios-forge.container	1	2	2	18	7ba9b0b487eb	STAY	ai-header		0				0
usr/share/containers/systemd/mios-forgejo-runner.container	1	2	2	18	41cd3858bfdd	STAY	ai-header		0				0
usr/share/containers/systemd/mios-guacamole.container	1	2	2	18	ba26fd998743	STAY	ai-header		0				0
usr/share/containers/systemd/mios-guacd.container	1	2	2	18	76dcf341d9d9	STAY	ai-header		0				0
usr/share/containers/systemd/mios-k3s.container	1	2	2	18	60e74e03f3ba	STAY	ai-header		0				0
usr/share/containers/systemd/mios-llm-heavy-alt.container	1	3	3	34	17ee2b00c1a6	MIGRATE_HEADER	overlong-hint		0				0
usr/share/containers/systemd/mios-llm-heavy.container	1	2	2	18	35070348a5aa	STAY	ai-header		0				0
usr/share/containers/systemd/mios-llm-light.container	1	2	2	18	242f0d0ba95a	STAY	ai-header		0				0
usr/share/containers/systemd/mios-llm-worker@.container	1	2	2	19	92ce7577f088	STAY	ai-header		0				0
usr/share/containers/systemd/mios-open-webui.container	1	2	2	18	aaf09e60fb65	STAY	ai-header		0				0
usr/share/containers/systemd/mios-otelcol.container	1	2	2	18	3e10c6114ebb	STAY	ai-header		0				0
usr/share/containers/systemd/mios-pgvector.container	1	2	2	18	7caf3761090a	STAY	ai-header		0				0
usr/share/containers/systemd/mios-pxe-hub.container	1	2	2	18	44caa40a4783	STAY	ai-header		0				0
usr/share/containers/systemd/mios-searxng.container	1	2	2	18	4c6b11301a4e	STAY	ai-header		0				0
usr/share/containers/systemd/mios-webtools-crawl4ai.container	1	2	2	18	f7ad69d62586	MIGRATE_HEADER	overlong-hint		0				0
usr/share/containers/systemd/mios-webtools-firecrawl-api.container	1	2	2	18	f3373851b4d1	MIGRATE_HEADER	overlong-hint		0				0
usr/share/containers/systemd/mios-webtools-firecrawl-worker.container	1	2	2	18	12ea9b45351f	MIGRATE_HEADER	overlong-hint		0				0
usr/share/containers/systemd/mios-webtools-redis.container	1	2	2	18	1b259d760673	STAY	ai-header		0				0
usr/share/containers/systemd/users/mios-coderun-sandbox@.container	4	44	41	256	7d690d27ea3e	MIGRATE	narrative-history	adr-candidate	0				0
usr/share/containers/systemd/users/mios-coderun-sandbox@.container	53	65	13	106	ab8897f7752a	MIGRATE	narrative-history		0				0
usr/share/containers/systemd/users/mios-coderun-sandbox@.container	68	70	3	31	84720888223c	MIGRATE	midsize-narrative		0				0
usr/share/containers/systemd/users/mios-coderun-sandbox@.container	73	75	3	28	34daa17e0446	STAY	midsize-why		0				0
usr/share/containers/systemd/users/mios-coderun-sandbox@.container	78	79	2	19	4fde30944080	STAY	local-scoped		0				0
usr/share/containers/systemd/users/mios-coderun-sandbox@.container	82	82	1	11	08b2596bff5d	STAY	local-scoped		0				0
usr/share/containers/systemd/users/mios-coderun-sandbox@.container	85	87	3	27	f48c0b8aa185	STAY	midsize-why		0				0
usr/share/containers/systemd/users/mios-coderun-sandbox@.container	91	93	3	22	3c9c6180aa1a	STAY	midsize-why		0				0
usr/share/containers/systemd/users/mios-coderun-sandbox@.container	96	98	3	20	ddb4a61f92e9	STAY	midsize-why		0				0
usr/share/containers/systemd/users/mios-coderun-sandbox@.container	101	102	2	15	1f0de2f0401a	STAY	local-scoped		0				0
usr/share/containers/systemd/users/mios-coderun-sandbox@.container	105	106	2	11	2af463579221	STAY	local-scoped		0				0
usr/share/containers/systemd/users/mios-coderun-sandbox@.container	109	114	6	49	c573a84bad78	MIGRATE	narrative-history		0				0
usr/share/containers/systemd/users/mios-coderun-sandbox@.container	117	118	2	19	6d71b3fcf5d5	STAY	local-scoped		0				0
usr/share/containers/systemd/users/mios-coderun-sandbox@.container	121	121	1	12	a2fbefa500c6	STAY	local-scoped		0				0
usr/share/mios/agents/mios-a2o-golive.sh	1	1	1	2	4189f864510a	STAY	local-scoped		0				0
usr/share/mios/agents/mios-agents-dev.sh	1	1	1	2	4189f864510a	STAY	local-scoped		0				0
usr/share/mios/agents/mios-agents-dev.sh	3	3	1	1	1c3d1a72c976	STAY	inline-scoped		0				0
usr/share/mios/agents/mios-agents-dev.sh	4	4	1	2	df93a3fd2785	STAY	inline-scoped		0				0
usr/share/mios/agents/mios-agents-dev.sh	7	7	1	7	110c9f047a99	STAY	inline-scoped		0				0
usr/share/mios/agents/mios-agents-dev.sh	9	9	1	4	395cf64806a6	STAY	inline-scoped		0				0
usr/share/mios/agents/mios-forge-mirror.sh	1	1	1	2	4189f864510a	STAY	local-scoped		0				0
usr/share/mios/conductor/test-workflow.yaml	1	2	2	4	794194deab19	STAY	ai-header		0				0
usr/share/mios/cron-rules.example.toml	1	2	2	22	ddc861c654e5	STAY	ai-header		0				0
usr/share/mios/cron-rules.example.toml	4	4	1	4	d93e91dde9d4	STAY	local-scoped		0				0
usr/share/mios/cron-rules.example.toml	10	10	1	9	0f78a6ac4cb7	STAY	local-scoped		0				0
usr/share/mios/cron-rules.example.toml	17	17	1	6	ba8ff19b3f95	STAY	local-scoped		0				0
usr/share/mios/cron-rules.example.toml	24	24	1	6	c72053129dd0	STAY	local-scoped		0				0
usr/share/mios/dropins/bare-metal-only.conf	1	1	1	24	1cfdc0331d94	STAY	ai-header		0				0
usr/share/mios/dropins/bare-metal-only.conf	3	3	1	9	1f63cdb6c9ac	STAY	local-scoped		0				0
usr/share/mios/dropins/blade-controller.conf	1	1	1	14	486d3f47ca73	STAY	ai-header		0				0
usr/share/mios/dropins/blade-gpu-serving.conf	1	1	1	14	486d3f47ca73	STAY	ai-header		0				0
usr/share/mios/dropins/blade-service-plane.conf	1	1	1	14	486d3f47ca73	STAY	ai-header		0				0
usr/share/mios/dropins/k3s-node-selectors.yaml	1	2	2	15	719ff7a1a249	STAY	ai-header		0				0
usr/share/mios/dropins/mios-virt-gate.conf	1	2	2	27	37005effc333	STAY	ai-header		0				0
usr/share/mios/dropins/mios-virt-gate.conf	4	4	1	11	eb2262a6fafe	STAY	local-scoped		0				0
usr/share/mios/dropins/mios-wsl2.conf	1	1	1	21	e642db890f44	STAY	ai-header		0				0
usr/share/mios/dropins/virt-gate.conf	1	1	1	24	3a1232cbb318	STAY	ai-header		0				0
usr/share/mios/dropins/virt-gate.conf	3	3	1	4	0377bc3abe97	STAY	local-scoped		0				0
usr/share/mios/hermes/config-worker.yaml	1	24	24	200	11f25a8c9659	MIGRATE	narrative-rationale		0				0
usr/share/mios/hermes/config-worker.yaml	27	30	4	40	8df9a926a494	STAY	midsize-why		0				0
usr/share/mios/hermes/config-worker.yaml	36	36	1	11	041b4845b2b8	STAY	local-scoped		0				0
usr/share/mios/hermes/config-worker.yaml	39	40	2	25	a4ba0e7c0784	STAY	local-scoped		0				0
usr/share/mios/hermes/config-worker.yaml	45	45	1	7	aebf22152d9c	STAY	local-scoped		0				0
usr/share/mios/hermes/config-worker.yaml	54	56	3	39	225f6fb338ac	STAY	midsize-why		0				0
usr/share/mios/hermes/config-worker.yaml	117	117	1	9	3f444f40eac9	STAY	local-scoped		0				0
usr/share/mios/hermes/config-worker.yaml	122	124	3	31	a3a90eeb6aa4	STAY	midsize-why		0				0
usr/share/mios/hermes/config-worker.yaml	160	160	1	5	ef933aeb4131	STAY	local-scoped		0				0
usr/share/mios/hermes/config-worker.yaml	173	176	4	31	f8df96ad7ba8	STAY	midsize-why		0				0
usr/share/mios/hermes/config-worker.yaml	180	181	2	22	2e3a090de4f3	STAY	local-scoped		0				0
usr/share/mios/hermes/config-worker.yaml	227	231	5	53	3935fbadcbcd	STAY	midsize-why		0				0
usr/share/mios/hermes/config.yaml	6	7	2	17	5f52ca0a752e	STAY	local-scoped		0				0
usr/share/mios/hermes/config.yaml	9	12	4	29	839f5110f2ea	STAY	midsize-why		0				0
usr/share/mios/hermes/config.yaml	20	22	3	20	f44dc7d857e3	STAY	midsize-why		0				0
usr/share/mios/hermes/config.yaml	29	37	9	72	145f79bbc593	MIGRATE	narrative-history		0				0
usr/share/mios/hermes/config.yaml	39	42	4	34	ce5da04a58ec	MIGRATE	midsize-narrative		0				0
usr/share/mios/hermes/config.yaml	49	55	7	58	963bc9cfe6a9	MIGRATE	narrative-history		0				0
usr/share/mios/hermes/config.yaml	67	69	3	27	6e62bdfe0edb	STAY	midsize-why		0				0
usr/share/mios/hermes/config.yaml	76	79	4	24	0ca2eb8b1657	STAY	midsize-why		0				0
usr/share/mios/hermes/config.yaml	85	89	5	49	9d5338bbe5fc	STAY	midsize-why		0				0
usr/share/mios/hermes/config.yaml	91	92	2	26	2c7f3185e757	STAY	midsize-why		0				0
usr/share/mios/hermes/config.yaml	98	105	8	77	c5b56851d200	MIGRATE	narrative-history		0				0
usr/share/mios/hermes/config.yaml	110	112	3	20	9b998b8eaca1	STAY	midsize-why		0				0
usr/share/mios/hermes/config.yaml	115	122	8	88	88ead109b971	MIGRATE	narrative-rationale		0				0
usr/share/mios/hermes/config.yaml	133	135	3	29	e486948c548d	MIGRATE	midsize-narrative		0				0
usr/share/mios/hermes/plugins/web/miosfetch/__init__.py	1	2	2	23	2849825606a1	STAY	ai-header		0				0
usr/share/mios/hermes/plugins/web/miosfetch/__init__.py	3	7	4	27	1b20adf0f308	READONLY	llm-payload		0				0
usr/share/mios/hermes/plugins/web/miosfetch/__init__.py	14	14	1	10	b8c10f19ac92	READONLY	llm-payload		0				0
usr/share/mios/hermes/plugins/web/miosfetch/plugin.yaml	1	1	1	27	2d738dab0dd1	STAY	ai-header		0				0
usr/share/mios/hermes/plugins/web/miosfetch/provider.py	1	2	2	17	a1a26b4444cc	STAY	ai-header		0				0
usr/share/mios/hermes/plugins/web/miosfetch/provider.py	3	28	25	180	cb95cb7b6cea	READONLY	llm-payload		0				0
usr/share/mios/hermes/plugins/web/miosfetch/provider.py	58	60	3	23	cfb3b6d6b626	READONLY	llm-payload		0				0
usr/share/mios/hermes/plugins/web/miosfetch/provider.py	68	68	1	3	33707a0b7b79	STAY	inline-scoped		0				0
usr/share/mios/hermes/plugins/web/miosfetch/provider.py	76	76	1	9	6b2989477724	STAY	inline-scoped		0				0
usr/share/mios/hermes/plugins/web/miosfetch/provider.py	86	86	1	6	0b0b01e1204a	STAY	inline-scoped		0				0
usr/share/mios/hermes/plugins/web/miosfetch/provider.py	94	98	5	51	ad47de1ab68c	READONLY	llm-payload		0				0
usr/share/mios/hermes/plugins/web/miosfetch/provider.py	125	125	1	8	4e4d291f70a1	READONLY	llm-payload		0				0
usr/share/mios/hermes/plugins/web/miosfetch/provider.py	136	136	1	11	7695f315d769	STAY	inline-scoped		0				0
usr/share/mios/hermes/plugins/web/miosfetch/provider.py	139	139	1	3	208d87482c34	STAY	inline-scoped		0				0
usr/share/mios/hypr/hyprland-effects.conf	4	5	2	19	c594a86b3cf5	STAY	local-scoped		0				0
usr/share/mios/hypr/hyprland-effects.conf	36	38	3	31	848b93b5d1ab	STAY	midsize-why		0				0
usr/share/mios/hypr/hyprland-effects.conf	45	49	5	53	a8edbd5c3128	STAY	midsize-why		0				0
usr/share/mios/hypr/hyprland-effects.conf	71	73	3	27	93f929218239	STAY	midsize-why		0				0
usr/share/mios/hyprland/hyprland.conf	7	7	1	6	32d083174389	STAY	inline-scoped		0				0
usr/share/mios/hyprland/hyprland.conf	40	40	1	6	269784d6d216	STAY	inline-scoped		0				0
usr/share/mios/hyprland/hyprland.conf	101	101	1	1	3eefa4e86607	STAY	inline-scoped		0				0
usr/share/mios/hyprland/hyprland.conf	102	102	1	1	3eefa4e86607	STAY	inline-scoped		0				0
usr/share/mios/hyprland/hyprland.conf	103	103	1	4	7ae5cf0f3e3a	STAY	inline-scoped		0				0
usr/share/mios/llamacpp/mios-llm-light.yaml	5	24	20	217	47bbd3a1697e	MIGRATE	narrative-rationale		0				0
usr/share/mios/llamacpp/mios-llm-light.yaml	38	56	19	218	b2aa5f67cf2f	MIGRATE	narrative-history		0				0
usr/share/mios/llamacpp/mios-llm-light.yaml	58	62	5	60	51b232ac18a0	MIGRATE	narrative-history		0				0
usr/share/mios/llamacpp/mios-llm-light.yaml	94	104	11	103	8cdbdd97b150	MIGRATE	narrative-history		0				0
usr/share/mios/llamacpp/mios-llm-light.yaml	106	112	7	75	f0e2e4fcc39a	MIGRATE	narrative-rationale		0				0
usr/share/mios/llamacpp/mios-llm-light.yaml	120	134	15	142	43f40c467ca1	MIGRATE	narrative-history		0				0
usr/share/mios/llamacpp/mios-llm-light.yaml	145	156	12	138	1be2f70bf455	MIGRATE	narrative-rationale		0				0
usr/share/mios/mios.toml	1	2	2	26	3b27176d2a9e	STAY	ai-header		0				0
usr/share/mios/mios.toml	4	6	3	9	fe3e7bdfdabf	STAY	midsize-why		0				0
usr/share/mios/mios.toml	15	17	3	8	fc0a7db7d9bc	STAY	midsize-why		0				0
usr/share/mios/mios.toml	24	26	3	9	90ff7b3e22f9	STAY	midsize-why		0				0
usr/share/mios/mios.toml	49	52	4	17	cea39d478b72	STAY	midsize-why		0				0
usr/share/mios/mios.toml	57	57	1	2	dfbbb9c82840	STAY	inline-scoped		0				0
usr/share/mios/mios.toml	58	58	1	2	d6b53011f1b9	STAY	inline-scoped		0				0
usr/share/mios/mios.toml	59	59	1	2	00d8c23cc594	STAY	inline-scoped		0				0
usr/share/mios/mios.toml	60	60	1	2	ee5c8c43e025	STAY	inline-scoped		0				0
usr/share/mios/mios.toml	61	61	1	1	37967db884ce	DROP	banner		0				0
usr/share/mios/mios.toml	62	62	1	1	37967db884ce	DROP	banner		0				0
usr/share/mios/mios.toml	63	63	1	2	9335f10eddf0	STAY	inline-scoped		0				0
usr/share/mios/mios.toml	64	64	1	2	480360a6722d	STAY	inline-scoped		0				0
usr/share/mios/mios.toml	65	65	1	2	1c60bb15d59b	STAY	inline-scoped		0				0
usr/share/mios/mios.toml	68	70	3	8	683dd4409a89	STAY	midsize-why		0				0
usr/share/mios/mios.toml	133	133	1	25	ba08c3dc798e	STAY	inline-scoped		0				0
usr/share/mios/mios.toml	142	142	1	29	71532019263b	STAY	inline-scoped		0				0
usr/share/mios/mios.toml	152	152	1	118	8bbf968791b1	STAY	inline-scoped		0				0
usr/share/mios/mios.toml	167	167	1	30	95993f7dc5be	STAY	inline-scoped		0				0
usr/share/mios/mios.toml	171	171	1	28	86da597ab5a5	STAY	inline-scoped		0				0
usr/share/mios/mios.toml	192	192	1	26	5fd7e3e9b96d	STAY	inline-scoped		0				0
usr/share/mios/mios.toml	210	210	1	44	f2eb4f09a4b5	STAY	inline-scoped		0				0
usr/share/mios/mios.toml	220	220	1	26	9029ab0c1f69	STAY	inline-scoped		0				0
usr/share/mios/mios.toml	245	245	1	75	c58a298bb938	STAY	inline-scoped		0				0
usr/share/mios/mios.toml	250	250	1	19	09bbdf0317cf	STAY	inline-scoped		0				0
usr/share/mios/mios.toml	260	260	1	32	f289369db965	STAY	inline-scoped		0				0
usr/share/mios/mios.toml	264	264	1	46	c605ca158d48	STAY	inline-scoped		0				0
usr/share/mios/mios.toml	274	274	1	34	f6b1e467d978	STAY	inline-scoped		0				0
usr/share/mios/mios.toml	284	284	1	12	c23e221239b8	STAY	inline-scoped		0				0
usr/share/mios/mios.toml	293	293	1	16	c53aef5f6c8e	STAY	inline-scoped		0				0
usr/share/mios/mios.toml	303	303	1	16	4265e4e2bd37	STAY	inline-scoped		0				0
usr/share/mios/mios.toml	313	313	1	38	33870ed743ee	STAY	inline-scoped		0				0
usr/share/mios/mios.toml	323	323	1	16	5b46e4f154b3	STAY	inline-scoped		0				0
usr/share/mios/mios.toml	333	333	1	39	5881b5d54ae2	STAY	inline-scoped		0				0
usr/share/mios/mios.toml	343	343	1	35	9a2ccbe3e0d7	STAY	inline-scoped		0				0
usr/share/mios/mios.toml	353	353	1	34	c4971f1b417c	STAY	inline-scoped		0				0
usr/share/mios/mios.toml	365	365	1	39	ebb0afb2b20f	STAY	inline-scoped		0				0
usr/share/mios/mios.toml	375	375	1	34	be262689592d	STAY	inline-scoped		0				0
usr/share/mios/mios.toml	386	386	1	18	b8afd5bb8225	STAY	inline-scoped		0				0
usr/share/mios/mios.toml	442	442	1	80	d96a926b8de0	STAY	inline-scoped		0				0
usr/share/mios/mios.toml	455	455	1	125	c9502f786dfe	STAY	inline-scoped		0				0
usr/share/mios/mios.toml	485	485	1	34	afc47227b3ba	STAY	inline-scoped		0				0
usr/share/mios/mios.toml	490	490	1	16	c44f866cf584	STAY	inline-scoped		0				0
usr/share/mios/mios.toml	513	513	1	29	89fefd0d9c6a	STAY	inline-scoped		0				0
usr/share/mios/mios.toml	534	534	1	33	8a1bf8344854	STAY	inline-scoped		0				0
usr/share/mios/mios.toml	555	555	1	100	ee21f805513a	STAY	inline-scoped		0				0
usr/share/mios/mios.toml	567	567	1	26	5cad110b4a45	STAY	inline-scoped		0				0
usr/share/mios/mios.toml	580	580	1	32	6f4400f3974e	STAY	inline-scoped		0				0
usr/share/mios/mios.toml	598	598	1	34	ee88fbe408e0	STAY	inline-scoped		0				0
usr/share/mios/mios.toml	610	612	3	25	b6f7bd40ec4b	STAY	midsize-why		0				0
usr/share/mios/mios.toml	616	617	2	19	6e6892a3e0f9	STAY	local-scoped		0				0
usr/share/mios/mios.toml	629	629	1	31	b11af006f7b1	STAY	inline-scoped		0				0
usr/share/mios/mios.toml	641	642	2	19	67503fc180c7	STAY	local-scoped		0				0
usr/share/mios/mios.toml	656	656	1	34	1bc45f5b5445	STAY	inline-scoped		0				0
usr/share/mios/mios.toml	686	686	1	34	c6cbf4e59621	STAY	inline-scoped		0				0
usr/share/mios/mios.toml	693	693	1	30	fb22b8f22ee3	STAY	inline-scoped		0				0
usr/share/mios/mios.toml	710	710	1	35	1c6d78a3a670	STAY	inline-scoped		0				0
usr/share/mios/mios.toml	729	729	1	8	157f4000115a	STAY	local-scoped		0				0
usr/share/mios/mios.toml	738	740	3	27	58db549bb57a	STAY	midsize-why		0				0
usr/share/mios/mios.toml	753	753	1	81	5c85ff079968	STAY	inline-scoped		0				0
usr/share/mios/mios.toml	758	758	1	27	a39acf29416f	STAY	inline-scoped		0				0
usr/share/mios/mios.toml	760	760	1	47	73db10eb8de4	STAY	inline-scoped		0				0
usr/share/mios/mios.toml	765	765	1	26	f85891bd286e	STAY	inline-scoped		0				0
usr/share/mios/mios.toml	791	791	1	77	63ed2dc7c1bd	STAY	inline-scoped		0				0
usr/share/mios/mios.toml	797	797	1	48	d69d9eef1d52	STAY	inline-scoped		0				0
usr/share/mios/mios.toml	823	823	1	88	bb6b6dbf6265	STAY	inline-scoped		0				0
usr/share/mios/mios.toml	850	850	1	8	7f8cd21be1fa	STAY	inline-scoped		0				0
usr/share/mios/mios.toml	858	858	1	31	16d855465f78	STAY	inline-scoped		0				0
usr/share/mios/mios.toml	867	867	1	12	5c90ad841acb	STAY	local-scoped		0				0
usr/share/mios/mios.toml	874	874	1	16	6f4c19d37e59	STAY	inline-scoped		0				0
usr/share/mios/mios.toml	907	907	1	24	9ab27b5f9719	STAY	inline-scoped		0				0
usr/share/mios/mios.toml	915	915	1	23	56977b8fee51	STAY	inline-scoped		0				0
usr/share/mios/mios.toml	924	924	1	41	23a551b15ec1	STAY	inline-scoped		0				0
usr/share/mios/mios.toml	947	947	1	41	e8fa9d668776	STAY	inline-scoped		0				0
usr/share/mios/mios.toml	967	967	1	14	6f625417c912	STAY	inline-scoped		0				0
usr/share/mios/mios.toml	973	973	1	7	f1fb3c32a466	STAY	inline-scoped		0				0
usr/share/mios/mios.toml	982	982	1	29	7cfde6d2ef35	STAY	inline-scoped		0				0
usr/share/mios/mios.toml	1002	1002	1	26	ad16f3027520	STAY	inline-scoped		0				0
usr/share/mios/mios.toml	1005	1005	1	9	69de5b506ea3	STAY	inline-scoped		0				0
usr/share/mios/mios.toml	1012	1012	1	33	a68f4f6780dd	STAY	inline-scoped		0				0
usr/share/mios/mios.toml	1048	1048	1	54	33ce45de377c	STAY	inline-scoped		0				0
usr/share/mios/mios.toml	1051	1051	1	51	0667359ebcbe	STAY	inline-scoped		0				0
usr/share/mios/mios.toml	1054	1054	1	29	accdaad9fbe7	STAY	inline-scoped		0				0
usr/share/mios/mios.toml	1056	1056	1	26	eef0bb9726c2	STAY	inline-scoped		0				0
usr/share/mios/mios.toml	1059	1059	1	30	27dcfd64eb36	STAY	inline-scoped		0				0
usr/share/mios/mios.toml	1098	1098	1	57	9e9e842e87f7	STAY	inline-scoped		0				0
usr/share/mios/mios.toml	1107	1107	1	38	42245e039c4e	STAY	inline-scoped		0				0
usr/share/mios/mios.toml	1111	1111	1	11	1ed5bd0dbe21	STAY	inline-scoped		0				0
usr/share/mios/mios.toml	1157	1157	1	13	af1502126100	STAY	inline-scoped		0				0
usr/share/mios/mios.toml	1174	1174	1	35	b51a0165fafd	STAY	inline-scoped		0				0
usr/share/mios/mios.toml	1176	1176	1	45	74f0233226a6	STAY	inline-scoped		0				0
usr/share/mios/mios.toml	1184	1184	1	12	220141b98afa	STAY	inline-scoped		0				0
usr/share/mios/mios.toml	1189	1189	1	12	400351756a87	STAY	inline-scoped		0				0
usr/share/mios/mios.toml	1193	1193	1	14	40a25b9ae43f	STAY	inline-scoped		0				0
usr/share/mios/mios.toml	1196	1196	1	19	479e7ac5bd22	STAY	inline-scoped		0				0
usr/share/mios/mios.toml	1204	1204	1	58	9fc971d890d4	STAY	inline-scoped		0				0
usr/share/mios/mios.toml	1209	1209	1	11	f2cf041479af	STAY	inline-scoped		0				0
usr/share/mios/mios.toml	1251	1251	1	19	f91c6477b01a	STAY	inline-scoped		0				0
usr/share/mios/mios.toml	1258	1258	1	9	475ebcc7de93	STAY	inline-scoped		0				0
usr/share/mios/mios.toml	1281	1281	1	90	41cf71ad0e3e	STAY	inline-scoped		0				0
usr/share/mios/mios.toml	1331	1331	1	10	2fc872779414	STAY	inline-scoped		0				0
usr/share/mios/mios.toml	1342	1342	1	89	141f6fb049f6	STAY	inline-scoped		0				0
usr/share/mios/mios.toml	1355	1355	1	11	74d3bc11cdab	STAY	inline-scoped		0				0
usr/share/mios/mios.toml	1367	1367	1	26	32ba433e21fe	STAY	inline-scoped		0				0
usr/share/mios/mios.toml	1372	1372	1	22	5afbf72ef77e	STAY	inline-scoped		0				0
usr/share/mios/mios.toml	1374	1374	1	14	d57fb21d5d52	STAY	inline-scoped		0				0
usr/share/mios/mios.toml	1383	1383	1	22	08d6b9dc6754	STAY	inline-scoped		0				0
usr/share/mios/mios.toml	1432	1432	1	27	d38328c31400	STAY	inline-scoped		0				0
usr/share/mios/mios.toml	1435	1435	1	19	459c67704272	STAY	inline-scoped		0				0
usr/share/mios/mios.toml	1444	1444	1	2	b18dc2f1c96a	STAY	inline-scoped		0				0
usr/share/mios/mios.toml	1456	1456	1	24	8084e42271d2	STAY	inline-scoped		0				0
usr/share/mios/mios.toml	1467	1467	1	9	c81d123d29e4	STAY	inline-scoped		0				0
usr/share/mios/mios.toml	1478	1478	1	20	1da5c98da7cd	STAY	inline-scoped		0				0
usr/share/mios/mios.toml	1499	1499	1	21	c92bc4496842	STAY	inline-scoped		0				0
usr/share/mios/mios.toml	1522	1526	5	16	c1df4b6c7eed	STAY	midsize-why		0				0
usr/share/mios/mios.toml	1547	1550	4	16	dc7a4e7f64b0	STAY	midsize-why		0				0
usr/share/mios/mios.toml	1556	1566	11	39	2ebb1aab592d	DROP	commented-out-code		0				0
usr/share/mios/mios.toml	1569	1569	1	10	7a91f66cec31	STAY	local-scoped		0				0
usr/share/mios/mios.toml	1595	1596	2	16	9e0befe07045	STAY	local-scoped		0				0
usr/share/mios/mios.toml	1600	1601	2	13	fb3e143dea36	STAY	local-scoped		0				0
usr/share/mios/mios.toml	1615	1618	4	38	28eddcf682c9	STAY	midsize-why		0				0
usr/share/mios/mios.toml	1632	1632	1	7	7bcf593c257f	STAY	inline-scoped		0				0
usr/share/mios/mios.toml	1633	1633	1	7	d9577bc272dd	STAY	inline-scoped		0				0
usr/share/mios/mios.toml	1634	1634	1	12	8e50e13bcac6	STAY	inline-scoped		0				0
usr/share/mios/mios.toml	1635	1635	1	5	3afd2e2ebe40	STAY	inline-scoped		0				0
usr/share/mios/mios.toml	1655	1657	3	18	add7f4ee4374	STAY	midsize-why		0				0
usr/share/mios/mios.toml	1669	1670	2	16	c18c6e3a6c9d	STAY	local-scoped		0				0
usr/share/mios/mios.toml	1673	1673	1	13	19b9b2dba4f8	STAY	local-scoped		0				0
usr/share/mios/mios.toml	1675	1675	1	10	623e4015b60c	STAY	local-scoped		0				0
usr/share/mios/mios.toml	1683	1686	4	38	764a511922ec	STAY	midsize-why		0				0
usr/share/mios/mios.toml	1732	1734	3	33	3ee429844b5a	STAY	midsize-why		0				0
usr/share/mios/mios.toml	1738	1738	1	8	3c7f878fb0ee	STAY	local-scoped		0				0
usr/share/mios/mios.toml	1780	1782	3	34	706f7e672377	STAY	midsize-why		0				0
usr/share/mios/mios.toml	1784	1786	3	36	40d06a71a9f3	STAY	midsize-why		0				0
usr/share/mios/mios.toml	1791	1791	1	5	d7836bc66497	STAY	inline-scoped		0				0
usr/share/mios/mios.toml	1792	1792	1	10	a0a669daaa88	STAY	inline-scoped		0				0
usr/share/mios/mios.toml	1793	1793	1	6	0783ec00ffb1	STAY	inline-scoped		0				0
usr/share/mios/mios.toml	1794	1794	1	8	b9a2561434a2	STAY	inline-scoped		0				0
usr/share/mios/mios.toml	1795	1799	5	53	fa2059758d3d	STAY	midsize-why		0				0
usr/share/mios/mios.toml	1802	1802	1	9	a72c9ef7134e	STAY	inline-scoped		0				0
usr/share/mios/mios.toml	1803	1807	5	55	739d40560f6e	STAY	midsize-why		0				0
usr/share/mios/mios.toml	1808	1808	1	7	d1e730da5270	STAY	inline-scoped		0				0
usr/share/mios/mios.toml	1809	1809	1	7	5914b0c57af7	STAY	inline-scoped		0				0
usr/share/mios/mios.toml	1810	1810	1	8	572a26c951cc	STAY	inline-scoped		0				0
usr/share/mios/mios.toml	1811	1815	5	59	6200ad7a18cf	STAY	midsize-why		0				0
usr/share/mios/mios.toml	1816	1816	1	12	1f52f85c4417	STAY	inline-scoped		0				0
usr/share/mios/mios.toml	1817	1817	1	10	8d1a3f95f31e	STAY	inline-scoped		0				0
usr/share/mios/mios.toml	1818	1818	1	9	baff1d99d462	STAY	inline-scoped		0				0
usr/share/mios/mios.toml	1821	1821	1	8	aa69fb03fd7c	STAY	inline-scoped		0				0
usr/share/mios/mios.toml	1824	1827	4	48	6cba3ef4236e	STAY	midsize-why		0				0
usr/share/mios/mios.toml	1829	1829	1	8	928bbf83fc97	STAY	inline-scoped		0				0
usr/share/mios/mios.toml	1830	1830	1	4	abba687ec61f	STAY	inline-scoped		0				0
usr/share/mios/mios.toml	1831	1831	1	4	62b36aaa6a3b	STAY	inline-scoped		0				0
usr/share/mios/mios.toml	1832	1832	1	7	eebad08fa844	STAY	inline-scoped		0				0
usr/share/mios/mios.toml	1833	1835	3	27	850978571b3d	STAY	midsize-why		0				0
usr/share/mios/mios.toml	1841	1844	4	14	02581603267d	STAY	midsize-why		0				0
usr/share/mios/mios.toml	1855	1855	1	8	966ef77bd2af	STAY	inline-scoped		0				0
usr/share/mios/mios.toml	1856	1856	1	4	4eb8f79aeced	STAY	inline-scoped		0				0
usr/share/mios/mios.toml	1857	1857	1	6	b124a7eef29f	STAY	inline-scoped		0				0
usr/share/mios/mios.toml	1858	1858	1	6	1d54e91f27f1	STAY	inline-scoped		0				0
usr/share/mios/mios.toml	1860	1863	4	12	cbcf77bf06c8	STAY	midsize-why		0				0
usr/share/mios/mios.toml	1867	1867	1	2	0a2086814eda	STAY	inline-scoped		0				0
usr/share/mios/mios.toml	1868	1868	1	3	79e66f8d9f6d	DROP	commented-out-code		0				0
usr/share/mios/mios.toml	1870	1870	1	4	c76658539540	STAY	local-scoped		0				0
usr/share/mios/mios.toml	1879	1880	2	12	cfbca1b2ee17	STAY	local-scoped		0				0
usr/share/mios/mios.toml	1887	1887	1	7	a37eadda289c	STAY	local-scoped		0				0
usr/share/mios/mios.toml	1889	1890	2	26	caabc971d1d6	STAY	midsize-why		0				0
usr/share/mios/mios.toml	1892	1892	1	10	965cac4af996	STAY	inline-scoped		0				0
usr/share/mios/mios.toml	1898	1901	4	30	1f38b93236d7	STAY	midsize-why		0				0
usr/share/mios/mios.toml	1906	1909	4	28	f194f4217466	STAY	midsize-why		0				0
usr/share/mios/mios.toml	1929	1933	5	47	a2c2c561e2a5	STAY	midsize-why		0				0
usr/share/mios/mios.toml	1965	1966	2	21	c4caf4025fc5	STAY	local-scoped		0				0
usr/share/mios/mios.toml	1992	1993	2	21	df231fc26baf	STAY	local-scoped		0				0
usr/share/mios/mios.toml	2035	2036	2	15	f278ab784ce8	STAY	local-scoped		0				0
usr/share/mios/mios.toml	2061	2064	4	38	86122c71c1fa	STAY	midsize-why		0				0
usr/share/mios/mios.toml	2066	2066	1	3	968ff17510a2	STAY	inline-scoped		0				0
usr/share/mios/mios.toml	2076	2077	2	22	b8da2e373532	STAY	local-scoped		0				0
usr/share/mios/mios.toml	2078	2078	1	10	51b385e163d3	STAY	inline-scoped		0				0
usr/share/mios/mios.toml	2079	2079	1	9	8124d8f5f501	STAY	inline-scoped		0				0
usr/share/mios/mios.toml	2080	2080	1	10	0c55d72dc9c9	STAY	local-scoped		0				0
usr/share/mios/mios.toml	2084	2084	1	0	d9b307f6a47b	DROP	banner		0				0
usr/share/mios/mios.toml	2086	2090	5	51	56db3b296ebc	STAY	midsize-why		0				0
usr/share/mios/mios.toml	2140	2140	1	7	5fc3d18692a6	STAY	inline-scoped		0				0
usr/share/mios/mios.toml	2141	2141	1	7	ca703e7f5c47	STAY	inline-scoped		0				0
usr/share/mios/mios.toml	2142	2142	1	5	ada14b69842d	STAY	inline-scoped		0				0
usr/share/mios/mios.toml	2143	2143	1	4	fb4a9429edab	STAY	inline-scoped		0				0
usr/share/mios/mios.toml	2144	2144	1	3	fde7f6d1e90a	STAY	inline-scoped		0				0
usr/share/mios/mios.toml	2145	2145	1	7	6f9797812c90	STAY	inline-scoped		0				0
usr/share/mios/mios.toml	2146	2146	1	7	6f9797812c90	STAY	inline-scoped		0				0
usr/share/mios/mios.toml	2148	2148	1	7	6f9797812c90	STAY	inline-scoped		0				0
usr/share/mios/mios.toml	2149	2149	1	8	d6a57eaf78bf	STAY	inline-scoped		0				0
usr/share/mios/mios.toml	2150	2150	1	8	da579759bcba	STAY	inline-scoped		0				0
usr/share/mios/mios.toml	2151	2151	1	7	0710dcbf482d	STAY	inline-scoped		0				0
usr/share/mios/mios.toml	2153	2153	1	14	81741fea545a	STAY	local-scoped		0				0
usr/share/mios/mios.toml	2155	2155	1	6	333dab6b5405	STAY	inline-scoped		0				0
usr/share/mios/mios.toml	2159	2159	1	11	c309d83cf834	STAY	local-scoped		0				0
usr/share/mios/mios.toml	2226	2226	1	5	95bd86844686	STAY	inline-scoped		0				0
usr/share/mios/mios.toml	2227	2227	1	10	6cd768a20b37	STAY	inline-scoped		0				0
usr/share/mios/mios.toml	2228	2228	1	7	5a43f8ced150	STAY	inline-scoped		0				0
usr/share/mios/mios.toml	2229	2229	1	4	7ead866d9fb0	STAY	inline-scoped		0				0
usr/share/mios/mios.toml	2231	2232	2	29	bb90ffed7310	STAY	midsize-why		0				0
usr/share/mios/mios.toml	2234	2234	1	11	33c3c19ea2ee	STAY	local-scoped		0				0
usr/share/mios/mios.toml	2240	2240	1	2	d4f501a8d32b	STAY	inline-scoped		0				0
usr/share/mios/mios.toml	2242	2244	3	14	99d65d59da7a	STAY	midsize-why		0				0
usr/share/mios/mios.toml	2268	2272	5	58	c879a845f492	STAY	midsize-why		0				0
usr/share/mios/mios.toml	2274	2276	3	19	4fb83745ab74	STAY	midsize-why		0				0
usr/share/mios/mios.toml	2278	2280	3	24	196fcf0c0d96	STAY	midsize-why		0				0
usr/share/mios/mios.toml	2285	2287	3	16	c41aae760cb6	STAY	midsize-why		0				0
usr/share/mios/mios.toml	2291	2292	2	17	6a5f594c58db	STAY	local-scoped		0				0
usr/share/mios/mios.toml	2294	2296	3	33	dff67bd1903d	STAY	midsize-why		0				0
usr/share/mios/mios.toml	2302	2302	1	7	e52a4a27ddf7	STAY	inline-scoped		0				0
usr/share/mios/mios.toml	2307	2307	1	7	70d39dbc35ae	STAY	inline-scoped		0				0
usr/share/mios/mios.toml	2309	2309	1	7	4f47e17ba70c	STAY	inline-scoped		0				0
usr/share/mios/mios.toml	2310	2310	1	5	b1ad529c15bd	STAY	inline-scoped		0				0
usr/share/mios/mios.toml	2311	2311	1	7	da4efd46c63f	STAY	inline-scoped		0				0
usr/share/mios/mios.toml	2318	2318	1	9	0d19cac0af4f	STAY	inline-scoped		0				0
usr/share/mios/mios.toml	2319	2319	1	4	3763c34acff9	STAY	inline-scoped		0				0
usr/share/mios/mios.toml	2323	2323	1	4	2f6eac9c82a1	STAY	inline-scoped		0				0
usr/share/mios/mios.toml	2324	2324	1	6	9850f49d11a1	STAY	inline-scoped		0				0
usr/share/mios/mios.toml	2325	2325	1	6	029828d1549d	STAY	inline-scoped		0				0
usr/share/mios/mios.toml	2328	2328	1	7	de2796813f5b	STAY	inline-scoped		0				0
usr/share/mios/mios.toml	2329	2329	1	8	78cb770e2de6	STAY	inline-scoped		0				0
usr/share/mios/mios.toml	2330	2330	1	5	70ef0db3445c	STAY	inline-scoped		0				0
usr/share/mios/mios.toml	2341	2345	5	46	f28ba39c14e2	STAY	midsize-why		0				0
usr/share/mios/mios.toml	2349	2350	2	16	d4f8c4e3c24d	STAY	local-scoped		0				0
usr/share/mios/mios.toml	2357	2359	3	26	43d8b68a5049	STAY	midsize-why		0				0
usr/share/mios/mios.toml	2361	2364	4	46	37dad5b5856f	STAY	midsize-why		0				0
usr/share/mios/mios.toml	2382	2383	2	16	3d9681ef9fab	STAY	local-scoped		0				0
usr/share/mios/mios.toml	2388	2389	2	18	2ae793639c28	STAY	local-scoped		0				0
usr/share/mios/mios.toml	2391	2392	2	26	f412ad3a6fbe	STAY	midsize-why		0				0
usr/share/mios/mios.toml	2394	2398	5	49	4a3a6f13d3f9	STAY	midsize-why		0				0
usr/share/mios/mios.toml	2402	2405	4	44	3b60a803cf77	STAY	midsize-why		0				0
usr/share/mios/mios.toml	2422	2422	1	6	f7ed1f232d60	DROP	banner		0				0
usr/share/mios/mios.toml	2436	2437	2	21	0fff9b6dfb7a	STAY	local-scoped		0				0
usr/share/mios/mios.toml	2442	2443	2	18	489a4e2d8fb9	STAY	local-scoped		0				0
usr/share/mios/mios.toml	2455	2455	1	8	baa67c8204e9	STAY	inline-scoped		0				0
usr/share/mios/mios.toml	2457	2457	1	5	c854116df5f1	STAY	inline-scoped		0				0
usr/share/mios/mios.toml	2459	2461	3	36	278210c08302	STAY	midsize-why		0				0
usr/share/mios/mios.toml	2463	2463	1	7	888a1f787a49	STAY	inline-scoped		0				0
usr/share/mios/mios.toml	2464	2464	1	7	a082d646ac94	STAY	inline-scoped		0				0
usr/share/mios/mios.toml	2469	2469	1	7	f38f72d830f7	STAY	inline-scoped		0				0
usr/share/mios/mios.toml	2470	2470	1	8	0443a77f09f4	STAY	inline-scoped		0				0
usr/share/mios/mios.toml	2472	2472	1	8	78e8574f3c09	STAY	inline-scoped		0				0
usr/share/mios/mios.toml	2473	2477	5	51	70205bd2e887	STAY	midsize-why		0				0
usr/share/mios/mios.toml	2480	2480	1	7	1e4179b38485	STAY	inline-scoped		0				0
usr/share/mios/mios.toml	2481	2481	1	8	0443a77f09f4	STAY	inline-scoped		0				0
usr/share/mios/mios.toml	2483	2483	1	8	80ab19e6c41c	STAY	inline-scoped		0				0
usr/share/mios/mios.toml	2486	2486	1	10	46dc4d5b4825	STAY	inline-scoped		0				0
usr/share/mios/mios.toml	2487	2487	1	7	b99d5358a90f	STAY	inline-scoped		0				0
usr/share/mios/mios.toml	2488	2488	1	5	c854116df5f1	STAY	inline-scoped		0				0
usr/share/mios/mios.toml	2489	2489	1	9	c657142c54e7	STAY	inline-scoped		0				0
usr/share/mios/mios.toml	2491	2491	1	4	98b0180439cd	DROP	banner		0				0
usr/share/mios/mios.toml	2512	2512	1	12	3e026b3423a0	STAY	inline-scoped		0				0
usr/share/mios/mios.toml	2513	2513	1	9	55f9c672e93a	STAY	inline-scoped		0				0
usr/share/mios/mios.toml	2514	2514	1	8	8c012a77f085	STAY	inline-scoped		0				0
usr/share/mios/mios.toml	2515	2515	1	7	0af49eb195f7	STAY	inline-scoped		0				0
usr/share/mios/mios.toml	2516	2516	1	5	84f9969be8ca	STAY	inline-scoped		0				0
usr/share/mios/mios.toml	2519	2519	1	8	52c4543b78a6	STAY	inline-scoped		0				0
usr/share/mios/mios.toml	2522	2522	1	6	0680f4eadce5	STAY	inline-scoped		0				0
usr/share/mios/mios.toml	2523	2523	1	6	76fae734fca7	STAY	inline-scoped		0				0
usr/share/mios/mios.toml	2524	2525	2	26	341c2e4e1dc7	STAY	midsize-why		0				0
usr/share/mios/mios.toml	2530	2532	3	25	e18580eab07a	STAY	midsize-why		0				0
usr/share/mios/mios.toml	2535	2538	4	40	2c588bf482a6	STAY	midsize-why		0				0
usr/share/mios/mios.toml	2542	2542	1	0	d9b307f6a47b	DROP	banner		0				0
usr/share/mios/mios.toml	2545	2545	1	8	25cb2c4bfc3b	STAY	local-scoped		0				0
usr/share/mios/mios.toml	2549	2549	1	11	1ff48bc2d2ff	STAY	local-scoped		0				0
usr/share/mios/mios.toml	2553	2553	1	7	80662303f87e	STAY	local-scoped		0				0
usr/share/mios/mios.toml	2557	2557	1	9	ae94bfb9a06b	STAY	local-scoped		0				0
usr/share/mios/mios.toml	2562	2562	1	0	d9b307f6a47b	DROP	banner		0				0
usr/share/mios/mios.toml	2566	2569	4	40	da4f2ff33961	STAY	midsize-why		0				0
usr/share/mios/mios.toml	2571	2573	3	33	0ef4ac42d116	STAY	midsize-why		0				0
usr/share/mios/mios.toml	2575	2578	4	49	2d7a86e51404	STAY	midsize-why		0				0
usr/share/mios/mios.toml	2580	2583	4	42	9098bfab474e	STAY	midsize-why		0				0
usr/share/mios/mios.toml	2585	2587	3	31	07662d4884e7	STAY	midsize-why		0				0
usr/share/mios/mios.toml	2589	2591	3	37	f9b18fbd2498	STAY	midsize-why		0				0
usr/share/mios/mios.toml	2597	2601	5	59	7fb0ab0eb996	STAY	midsize-why		0				0
usr/share/mios/mios.toml	2604	2604	1	0	d9b307f6a47b	DROP	banner		0				0
usr/share/mios/mios.toml	2606	2607	2	21	45aaf666009a	STAY	local-scoped		0				0
usr/share/mios/mios.toml	2610	2613	4	27	cd6f1241d85e	STAY	midsize-why		0				0
usr/share/mios/mios.toml	2615	2615	1	8	37fe1043f4d4	STAY	inline-scoped		0				0
usr/share/mios/mios.toml	2616	2616	1	11	6eda99be6e9d	STAY	inline-scoped		0				0
usr/share/mios/mios.toml	2617	2617	1	10	2dae2c4903a4	STAY	inline-scoped		0				0
usr/share/mios/mios.toml	2618	2618	1	10	99969d1bc0b3	STAY	inline-scoped		0				0
usr/share/mios/mios.toml	2619	2619	1	6	dd4b37f3b128	STAY	inline-scoped		0				0
usr/share/mios/mios.toml	2621	2622	2	7	171ac8b763ea	STAY	local-scoped		0				0
usr/share/mios/mios.toml	2625	2626	2	22	324bdbf0c68f	STAY	local-scoped		0				0
usr/share/mios/mios.toml	2633	2637	5	51	ce679cc56e5c	STAY	midsize-why		0				0
usr/share/mios/mios.toml	2639	2639	1	11	e7dde4ac8b9f	STAY	local-scoped		0				0
usr/share/mios/mios.toml	2644	2646	3	22	8ec83efd99c6	STAY	midsize-why		0				0
usr/share/mios/mios.toml	2661	2663	3	31	32b1df415e68	STAY	midsize-why		0				0
usr/share/mios/mios.toml	2668	2669	2	8	d9381e3bc3c1	STAY	local-scoped		0				0
usr/share/mios/mios.toml	2671	2671	1	12	30e04560750d	STAY	inline-scoped		0				0
usr/share/mios/mios.toml	2672	2672	1	10	99b401a02192	STAY	inline-scoped		0				0
usr/share/mios/mios.toml	2675	2675	1	9	f37df8d6c557	STAY	inline-scoped		0				0
usr/share/mios/mios.toml	2676	2676	1	5	b3d42a92e63d	STAY	inline-scoped		0				0
usr/share/mios/mios.toml	2677	2677	1	8	6f0d40648ba4	STAY	inline-scoped		0				0
usr/share/mios/mios.toml	2678	2678	1	6	6eb5293c85f8	STAY	inline-scoped		0				0
usr/share/mios/mios.toml	2680	2680	1	13	c9ae45673f85	STAY	inline-scoped		0				0
usr/share/mios/mios.toml	2682	2684	3	13	a2ee179604aa	STAY	midsize-why		0				0
usr/share/mios/mios.toml	2686	2686	1	6	7de3076a0e56	STAY	inline-scoped		0				0
usr/share/mios/mios.toml	2687	2687	1	7	2da9fd8f4aac	STAY	inline-scoped		0				0
usr/share/mios/mios.toml	2688	2688	1	5	5eb3c9f5e389	STAY	inline-scoped		0				0
usr/share/mios/mios.toml	2689	2689	1	7	c07173b10775	STAY	inline-scoped		0				0
usr/share/mios/mios.toml	2690	2690	1	8	a1e1239a2702	STAY	inline-scoped		0				0
usr/share/mios/mios.toml	2691	2691	1	3	d3791b5c3299	STAY	inline-scoped		0				0
usr/share/mios/mios.toml	2692	2692	1	5	739e893f3727	STAY	inline-scoped		0				0
usr/share/mios/mios.toml	2693	2693	1	3	cb26ac729e95	STAY	inline-scoped		0				0
usr/share/mios/mios.toml	2695	2697	3	14	9aca61d21ed9	STAY	midsize-why		0				0
usr/share/mios/mios.toml	2699	2699	1	13	8da2737a4fcb	STAY	inline-scoped		0				0
usr/share/mios/mios.toml	2700	2700	1	9	696ef9cf5358	STAY	inline-scoped		0				0
usr/share/mios/mios.toml	2701	2701	1	9	eb434e88fc87	STAY	inline-scoped		0				0
usr/share/mios/mios.toml	2702	2702	1	4	ee6fb72ab9ec	STAY	inline-scoped		0				0
usr/share/mios/mios.toml	2703	2703	1	12	5e4a002ab9f7	STAY	inline-scoped		0				0
usr/share/mios/mios.toml	2704	2704	1	7	8ce1df7e1128	STAY	inline-scoped		0				0
usr/share/mios/mios.toml	2705	2706	2	24	3495f226698f	STAY	local-scoped		0				0
usr/share/mios/mios.toml	2709	2709	1	0	d9b307f6a47b	DROP	banner		0				0
usr/share/mios/mios.toml	2711	2712	2	15	891a8299bc29	STAY	local-scoped		0				0
usr/share/mios/mios.toml	2721	2721	1	0	d9b307f6a47b	DROP	banner		0				0
usr/share/mios/mios.toml	2724	2725	2	23	5d86acba7475	STAY	local-scoped		0				0
usr/share/mios/mios.toml	2729	2729	1	11	c9e7f0e4f364	STAY	local-scoped		0				0
usr/share/mios/mios.toml	2731	2734	4	50	3e3b4b2f6f45	STAY	midsize-why		0				0
usr/share/mios/mios.toml	2737	2737	1	4	8cff1b5d0c81	STAY	inline-scoped		0				0
usr/share/mios/mios.toml	2748	2748	1	6	a12f3d7443a1	STAY	inline-scoped		0				0
usr/share/mios/mios.toml	2749	2749	1	71	3d3c1392353e	STAY	inline-scoped		0				0
usr/share/mios/mios.toml	2750	2750	1	5	0509c31996a3	STAY	inline-scoped		0				0
usr/share/mios/mios.toml	2751	2751	1	34	d0039e4a5efe	STAY	midsize-why		0				0
usr/share/mios/mios.toml	2753	2753	1	44	145e8653a93d	STAY	midsize-why		0				0
usr/share/mios/mios.toml	2756	2759	4	45	eb1b2c08ef0f	STAY	midsize-why		0				0
usr/share/mios/mios.toml	2761	2765	5	54	5ba56f3c558f	STAY	midsize-why		0				0
usr/share/mios/mios.toml	2768	2768	1	7	88a6715f66cc	STAY	inline-scoped		0				0
usr/share/mios/mios.toml	2769	2769	1	12	3309cc9a1bd8	STAY	inline-scoped		0				0
usr/share/mios/mios.toml	2770	2770	1	6	878211697ebd	STAY	inline-scoped		0				0
usr/share/mios/mios.toml	2771	2771	1	23	a5390a9bd6fc	STAY	inline-scoped		0				0
usr/share/mios/mios.toml	2772	2772	1	17	3e1aeb1bc739	STAY	inline-scoped		0				0
usr/share/mios/mios.toml	2775	2775	1	11	5ddb2c186388	STAY	inline-scoped		0				0
usr/share/mios/mios.toml	2776	2776	1	22	cd86ba36c61e	STAY	inline-scoped		0				0
usr/share/mios/mios.toml	2777	2777	1	9	aa70ecd4b7f1	STAY	inline-scoped		0				0
usr/share/mios/mios.toml	2778	2778	1	58	06b7e35cf655	STAY	midsize-why		0				0
usr/share/mios/mios.toml	2782	2782	1	5	405324c6e4f4	STAY	inline-scoped		0				0
usr/share/mios/mios.toml	2783	2783	1	9	3f7774a9b3f4	STAY	inline-scoped		0				0
usr/share/mios/mios.toml	2784	2784	1	12	f4a55f1a6c69	STAY	inline-scoped		0				0
usr/share/mios/mios.toml	2786	2786	1	22	641ebf36014e	STAY	inline-scoped		0				0
usr/share/mios/mios.toml	2787	2787	1	34	c7ef0d618545	STAY	inline-scoped		0				0
usr/share/mios/mios.toml	2788	2788	1	7	aae000c205ef	STAY	inline-scoped		0				0
usr/share/mios/mios.toml	2789	2793	5	53	2f73075a6a08	STAY	midsize-why		0				0
usr/share/mios/mios.toml	2794	2794	1	9	0a98d6d44bb1	STAY	inline-scoped		0				0
usr/share/mios/mios.toml	2795	2798	4	54	0e3fe75894b0	STAY	midsize-why		0				0
usr/share/mios/mios.toml	2799	2799	1	7	b49bf43a381f	STAY	inline-scoped		0				0
usr/share/mios/mios.toml	2800	2800	1	11	d179ca36c65d	STAY	inline-scoped		0				0
usr/share/mios/mios.toml	2801	2801	1	18	0f5bcd83347a	STAY	inline-scoped		0				0
usr/share/mios/mios.toml	2802	2802	1	9	022cf2f80051	STAY	inline-scoped		0				0
usr/share/mios/mios.toml	2803	2805	3	33	14721d4a9619	STAY	midsize-why		0				0
usr/share/mios/mios.toml	2806	2806	1	101	e214d557bbf5	STAY	inline-scoped		0				0
usr/share/mios/mios.toml	2807	2811	5	59	57094a282cf2	STAY	midsize-why		0				0
usr/share/mios/mios.toml	2812	2812	1	10	1c6a8b8d8b2d	STAY	inline-scoped		0				0
usr/share/mios/mios.toml	2813	2816	4	39	5fb5fadf8021	STAY	midsize-why		0				0
usr/share/mios/mios.toml	2817	2817	1	7	cfe86582faad	STAY	inline-scoped		0				0
usr/share/mios/mios.toml	2818	2821	4	45	4348010795f1	STAY	midsize-why		0				0
usr/share/mios/mios.toml	2822	2822	1	7	27979a43b36a	STAY	inline-scoped		0				0
usr/share/mios/mios.toml	2823	2823	1	8	2857134a29de	STAY	inline-scoped		0				0
usr/share/mios/mios.toml	2824	2824	1	12	71e132faff76	STAY	inline-scoped		0				0
usr/share/mios/mios.toml	2825	2825	1	12	c132e4a58f48	STAY	inline-scoped		0				0
usr/share/mios/mios.toml	2826	2826	1	4	d2d0926e8406	STAY	inline-scoped		0				0
usr/share/mios/mios.toml	2827	2827	1	13	7989be1a1079	STAY	inline-scoped		0				0
usr/share/mios/mios.toml	2828	2830	3	23	509e0595016d	STAY	midsize-why		0				0
usr/share/mios/mios.toml	2831	2831	1	13	221d35bcb976	STAY	inline-scoped		0				0
usr/share/mios/mios.toml	2832	2834	3	31	fcdd48b20929	STAY	midsize-why		0				0
usr/share/mios/mios.toml	2836	2836	1	13	29bb3a941787	STAY	inline-scoped		0				0
usr/share/mios/mios.toml	2837	2837	1	12	5b09af82680d	STAY	inline-scoped		0				0
usr/share/mios/mios.toml	2838	2838	1	9	02a7c99be4ed	STAY	inline-scoped		0				0
usr/share/mios/mios.toml	2839	2839	1	4	222a3581e887	STAY	inline-scoped		0				0
usr/share/mios/mios.toml	2840	2844	5	56	8385954b1d67	STAY	midsize-why		0				0
usr/share/mios/mios.toml	2845	2845	1	27	c5ef5f4adba1	STAY	inline-scoped		0				0
usr/share/mios/mios.toml	2846	2849	4	40	f22900028b78	STAY	midsize-why		0				0
usr/share/mios/mios.toml	2851	2853	3	31	6afee1463d4d	STAY	midsize-why		0				0
usr/share/mios/mios.toml	2856	2856	1	7	0898947223dd	STAY	inline-scoped		0				0
usr/share/mios/mios.toml	2857	2857	1	26	065acef0287e	STAY	inline-scoped		0				0
usr/share/mios/mios.toml	2858	2858	1	8	55e08535c510	STAY	inline-scoped		0				0
usr/share/mios/mios.toml	2859	2859	1	8	fea42c967546	STAY	inline-scoped		0				0
usr/share/mios/mios.toml	2860	2860	1	10	60dd4e0ba881	STAY	inline-scoped		0				0
usr/share/mios/mios.toml	2861	2861	1	10	388eb9f57a0c	STAY	inline-scoped		0				0
usr/share/mios/mios.toml	2862	2862	1	10	8c0959af5639	STAY	inline-scoped		0				0
usr/share/mios/mios.toml	2863	2863	1	14	4d22dc1f87e7	STAY	inline-scoped		0				0
usr/share/mios/mios.toml	2864	2864	1	11	eb90cde41e86	STAY	inline-scoped		0				0
usr/share/mios/mios.toml	2865	2865	1	7	ab51738cd185	STAY	inline-scoped		0				0
usr/share/mios/mios.toml	2866	2866	1	3	2eee51461a95	STAY	inline-scoped		0				0
usr/share/mios/mios.toml	2867	2867	1	9	67ad6feb5a28	STAY	inline-scoped		0				0
usr/share/mios/mios.toml	2868	2868	1	8	f390d5934498	STAY	inline-scoped		0				0
usr/share/mios/mios.toml	2869	2869	1	10	cebb622199a8	STAY	inline-scoped		0				0
usr/share/mios/mios.toml	2870	2870	1	8	41f67e9d0d60	STAY	inline-scoped		0				0
usr/share/mios/mios.toml	2871	2871	1	8	b263af45ffe2	STAY	inline-scoped		0				0
usr/share/mios/mios.toml	2872	2872	1	6	ba55a7e63ddd	STAY	inline-scoped		0				0
usr/share/mios/mios.toml	2873	2873	1	13	1d6bbd963595	STAY	inline-scoped		0				0
usr/share/mios/mios.toml	2874	2874	1	3	91d59e2e0803	STAY	inline-scoped		0				0
usr/share/mios/mios.toml	2875	2875	1	9	51db35508eb8	STAY	inline-scoped		0				0
usr/share/mios/mios.toml	2876	2876	1	6	3dbc576bbc3f	STAY	inline-scoped		0				0
usr/share/mios/mios.toml	2877	2877	1	7	1132e75ded30	STAY	inline-scoped		0				0
usr/share/mios/mios.toml	2878	2882	5	50	2981fefc152a	STAY	midsize-why		0				0
usr/share/mios/mios.toml	2883	2883	1	9	24011ef85125	STAY	inline-scoped		0				0
usr/share/mios/mios.toml	2884	2884	1	8	4bf1e729bfc4	STAY	inline-scoped		0				0
usr/share/mios/mios.toml	2885	2885	1	7	995c3c169d5d	STAY	inline-scoped		0				0
usr/share/mios/mios.toml	2887	2887	1	6	84b8460a0aa1	STAY	inline-scoped		0				0
usr/share/mios/mios.toml	2888	2888	1	8	4ff6feba6956	STAY	inline-scoped		0				0
usr/share/mios/mios.toml	2889	2889	1	5	9b394323ae31	STAY	inline-scoped		0				0
usr/share/mios/mios.toml	2890	2890	1	8	dbda4b8d73cf	STAY	inline-scoped		0				0
usr/share/mios/mios.toml	2891	2891	1	8	79a87b0836e7	STAY	inline-scoped		0				0
usr/share/mios/mios.toml	2892	2892	1	11	339c5496892c	STAY	inline-scoped		0				0
usr/share/mios/mios.toml	2898	2902	5	45	f0111d977e07	STAY	midsize-why		0				0
usr/share/mios/mios.toml	2907	2907	1	5	276e959c31a0	STAY	inline-scoped		0				0
usr/share/mios/mios.toml	2908	2908	1	7	1f510560e02a	STAY	inline-scoped		0				0
usr/share/mios/mios.toml	2909	2909	1	8	ea4239d241e0	STAY	inline-scoped		0				0
usr/share/mios/mios.toml	2910	2910	1	17	6ca931a12d49	STAY	inline-scoped		0				0
usr/share/mios/mios.toml	2911	2911	1	8	e8d1910cf4d4	STAY	inline-scoped		0				0
usr/share/mios/mios.toml	2912	2912	1	10	61e2613b94bf	STAY	inline-scoped		0				0
usr/share/mios/mios.toml	2913	2913	1	9	b56302022a9a	STAY	inline-scoped		0				0
usr/share/mios/mios.toml	2914	2914	1	9	00bca66fcc83	STAY	inline-scoped		0				0
usr/share/mios/mios.toml	2915	2915	1	8	ffefcdd6bb7f	STAY	inline-scoped		0				0
usr/share/mios/mios.toml	2916	2916	1	9	8adb7ce90fd3	STAY	inline-scoped		0				0
usr/share/mios/mios.toml	2917	2917	1	8	d2e7f085630c	STAY	inline-scoped		0				0
usr/share/mios/mios.toml	2918	2918	1	8	63142f841503	STAY	inline-scoped		0				0
usr/share/mios/mios.toml	2921	2921	1	11	abe2fe99e232	STAY	inline-scoped		0				0
usr/share/mios/mios.toml	2922	2922	1	26	444e822389d1	STAY	inline-scoped		0				0
usr/share/mios/mios.toml	2923	2923	1	11	44e645ad89ad	STAY	inline-scoped		0				0
usr/share/mios/mios.toml	2924	2924	1	10	63410887bddb	STAY	inline-scoped		0				0
usr/share/mios/mios.toml	2925	2925	1	3	8f847dce56ba	STAY	inline-scoped		0				0
usr/share/mios/mios.toml	2926	2926	1	46	3898a82a5cc1	STAY	inline-scoped		0				0
usr/share/mios/mios.toml	2927	2927	1	24	0150c77ee780	STAY	inline-scoped		0				0
usr/share/mios/mios.toml	2928	2928	1	11	1b94d45ad562	STAY	inline-scoped		0				0
usr/share/mios/mios.toml	2929	2929	1	48	2f1433a531fa	STAY	inline-scoped		0				0
usr/share/mios/mios.toml	2930	2930	1	13	fe2d82ceb8ef	STAY	inline-scoped		0				0
usr/share/mios/mios.toml	2931	2931	1	12	f8347a94cd49	STAY	inline-scoped		0				0
usr/share/mios/mios.toml	2932	2932	1	3	53782cb442bb	STAY	inline-scoped		0				0
usr/share/mios/mios.toml	2933	2933	1	9	cb74b04d4607	STAY	inline-scoped		0				0
usr/share/mios/mios.toml	2934	2934	1	8	45160f071a7c	STAY	inline-scoped		0				0
usr/share/mios/mios.toml	2935	2935	1	12	f476345c6a37	STAY	inline-scoped		0				0
usr/share/mios/mios.toml	2936	2936	1	7	076aabcfc29d	STAY	inline-scoped		0				0
usr/share/mios/mios.toml	2938	2942	5	54	52e957e5fb9f	STAY	midsize-why		0				0
usr/share/mios/mios.toml	2945	2945	1	6	4c92385b68b2	STAY	inline-scoped		0				0
usr/share/mios/mios.toml	2946	2946	1	7	46010a8821d0	STAY	inline-scoped		0				0
usr/share/mios/mios.toml	2949	2951	3	33	59b85612c21c	STAY	midsize-why		0				0
usr/share/mios/mios.toml	2952	2952	1	5	f40227e57ced	STAY	inline-scoped		0				0
usr/share/mios/mios.toml	2953	2953	1	10	d18d1ee994cd	STAY	inline-scoped		0				0
usr/share/mios/mios.toml	2954	2954	1	11	38952e378614	STAY	inline-scoped		0				0
usr/share/mios/mios.toml	2961	2964	4	39	cafffd08d54e	STAY	midsize-why		0				0
usr/share/mios/mios.toml	2967	2968	2	20	3b51057050a8	STAY	local-scoped		0				0
usr/share/mios/mios.toml	2970	2970	1	9	0f0bdc196b7c	STAY	inline-scoped		0				0
usr/share/mios/mios.toml	2971	2971	1	5	a585ceec809f	STAY	inline-scoped		0				0
usr/share/mios/mios.toml	2973	2976	4	34	4c63827d3b87	STAY	midsize-why		0				0
usr/share/mios/mios.toml	2978	2978	1	14	0a5d773714ec	STAY	inline-scoped		0				0
usr/share/mios/mios.toml	2979	2979	1	12	17c703f6f0ba	STAY	inline-scoped		0				0
usr/share/mios/mios.toml	2994	2994	1	19	d5b775814e2a	STAY	inline-scoped		0				0
usr/share/mios/mios.toml	2995	2995	1	25	c8c98e962a76	STAY	inline-scoped		0				0
usr/share/mios/mios.toml	2996	2996	1	15	e26c58c340a7	STAY	inline-scoped		0				0
usr/share/mios/mios.toml	2997	2997	1	9	32e5944504cf	STAY	inline-scoped		0				0
usr/share/mios/mios.toml	2998	2998	1	7	e2cdfc47800e	STAY	inline-scoped		0				0
usr/share/mios/mios.toml	3000	3000	1	10	c7232973fd1c	STAY	local-scoped		0				0
usr/share/mios/mios.toml	3005	3005	1	3	968ff17510a2	STAY	inline-scoped		0				0
usr/share/mios/mios.toml	3006	3010	5	48	64f155008466	STAY	midsize-why		0				0
usr/share/mios/mios.toml	3012	3015	4	39	3f7396bba1be	STAY	midsize-why		0				0
usr/share/mios/mios.toml	3017	3020	4	36	8dbeead8bbc9	STAY	midsize-why		0				0
usr/share/mios/mios.toml	3028	3028	1	7	2eb1dbd34c2a	STAY	inline-scoped		0				0
usr/share/mios/mios.toml	3029	3029	1	7	5872339a928c	STAY	inline-scoped		0				0
usr/share/mios/mios.toml	3034	3034	1	3	968ff17510a2	STAY	inline-scoped		0				0
usr/share/mios/mios.toml	3035	3035	1	7	3f22e6c901a6	STAY	local-scoped		0				0
usr/share/mios/mios.toml	3045	3047	3	18	89f69b49c36b	STAY	midsize-why		0				0
usr/share/mios/mios.toml	3057	3059	3	32	5ce6933d3106	STAY	midsize-why		0				0
usr/share/mios/mios.toml	3061	3064	4	39	eb59a21ddba2	STAY	midsize-why		0				0
usr/share/mios/mios.toml	3066	3069	4	39	d7d6c0896dea	STAY	midsize-why		0				0
usr/share/mios/mios.toml	3072	3075	4	40	3d570a49d4c6	STAY	midsize-why		0				0
usr/share/mios/mios.toml	3077	3077	1	12	7d5eda7ede78	STAY	local-scoped		0				0
usr/share/mios/mios.toml	3080	3083	4	42	303bc01081d8	STAY	midsize-why		0				0
usr/share/mios/mios.toml	3085	3088	4	41	34cae9a13afa	STAY	midsize-why		0				0
usr/share/mios/mios.toml	3090	3092	3	29	094d29a27d22	STAY	midsize-why		0				0
usr/share/mios/mios.toml	3094	3096	3	30	8399e1b746cb	STAY	midsize-why		0				0
usr/share/mios/mios.toml	3102	3104	3	33	b9d818f9cd93	STAY	midsize-why		0				0
usr/share/mios/mios.toml	3106	3107	2	19	e15a027147a7	STAY	local-scoped		0				0
usr/share/mios/mios.toml	3109	3112	4	36	96bfd7b7368f	STAY	midsize-why		0				0
usr/share/mios/mios.toml	3114	3115	2	15	2af94e49e6f6	STAY	local-scoped		0				0
usr/share/mios/mios.toml	3120	3122	3	30	f2a66bd33b2f	STAY	midsize-why		0				0
usr/share/mios/mios.toml	3137	3137	1	6	5667dec89e26	STAY	inline-scoped		0				0
usr/share/mios/mios.toml	3138	3138	1	5	bbf75fe6b767	STAY	inline-scoped		0				0
usr/share/mios/mios.toml	3139	3139	1	7	ebb83fab2dcb	STAY	inline-scoped		0				0
usr/share/mios/mios.toml	3141	3142	2	14	4435cc6f8ff9	STAY	local-scoped		0				0
usr/share/mios/mios.toml	3164	3164	1	5	208fc01c0e21	STAY	inline-scoped		0				0
usr/share/mios/mios.toml	3170	3170	1	4	c92e80d0789e	STAY	inline-scoped		0				0
usr/share/mios/mios.toml	3171	3171	1	4	c3a80c552096	STAY	inline-scoped		0				0
usr/share/mios/mios.toml	3177	3177	1	5	930160252085	STAY	inline-scoped		0				0
usr/share/mios/mios.toml	3178	3178	1	3	e416550c1b15	DROP	commented-out-code		0				0
usr/share/mios/mios.toml	3179	3179	1	5	2778a92d1ea8	STAY	inline-scoped		0				0
usr/share/mios/mios.toml	3180	3180	1	7	20efbdc56f7b	STAY	inline-scoped		0				0
usr/share/mios/mios.toml	3182	3182	1	8	8bbebf599c8c	STAY	inline-scoped		0				0
usr/share/mios/mios.toml	3183	3183	1	8	0b08085ad9ef	STAY	inline-scoped		0				0
usr/share/mios/mios.toml	3186	3186	1	4	760391bd3f7f	STAY	inline-scoped		0				0
usr/share/mios/mios.toml	3189	3189	1	5	ee3481fc5a8c	STAY	inline-scoped		0				0
usr/share/mios/mios.toml	3194	3198	5	50	f03852623e0e	STAY	midsize-why		0				0
usr/share/mios/mios.toml	3199	3199	1	4	376133858895	STAY	inline-scoped		0				0
usr/share/mios/mios.toml	3200	3200	1	6	664e4a67fb65	STAY	inline-scoped		0				0
usr/share/mios/mios.toml	3201	3201	1	5	2e1702253331	STAY	inline-scoped		0				0
usr/share/mios/mios.toml	3202	3202	1	9	86bfcc7bbcbf	STAY	inline-scoped		0				0
usr/share/mios/mios.toml	3203	3203	1	14	4d51fe95baf4	STAY	inline-scoped		0				0
usr/share/mios/mios.toml	3204	3204	1	11	3abae04d31db	STAY	inline-scoped		0				0
usr/share/mios/mios.toml	3205	3207	3	36	2423a45f8080	STAY	midsize-why		0				0
usr/share/mios/mios.toml	3208	3208	1	11	d82749c98d10	STAY	inline-scoped		0				0
usr/share/mios/mios.toml	3209	3209	1	12	229f9e07e41b	STAY	inline-scoped		0				0
usr/share/mios/mios.toml	3210	3210	1	9	434814ab1387	STAY	inline-scoped		0				0
usr/share/mios/mios.toml	3212	3212	1	10	c1b2098b4553	STAY	inline-scoped		0				0
usr/share/mios/mios.toml	3213	3213	1	7	1cbbd1b9d859	STAY	inline-scoped		0				0
usr/share/mios/mios.toml	3214	3214	1	9	4997bff8d3fc	STAY	inline-scoped		0				0
usr/share/mios/mios.toml	3215	3215	1	10	81596771c785	STAY	inline-scoped		0				0
usr/share/mios/mios.toml	3216	3216	1	8	d6be460e6823	STAY	inline-scoped		0				0
usr/share/mios/mios.toml	3217	3217	1	7	5bcefc0a0c86	STAY	inline-scoped		0				0
usr/share/mios/mios.toml	3220	3220	1	5	73e80d4d9d31	STAY	inline-scoped		0				0
usr/share/mios/mios.toml	3223	3225	3	22	bf839d2b06ea	STAY	midsize-why		0				0
usr/share/mios/mios.toml	3232	3232	1	7	eca1b53349b0	STAY	inline-scoped		0				0
usr/share/mios/mios.toml	3234	3234	1	6	d7ac9661b5d5	STAY	inline-scoped		0				0
usr/share/mios/mios.toml	3244	3248	5	57	a346c2ab2d1c	STAY	midsize-why		0				0
usr/share/mios/mios.toml	3249	3249	1	6	0fe991033b93	STAY	inline-scoped		0				0
usr/share/mios/mios.toml	3250	3250	1	7	8176dbd2b3ee	STAY	inline-scoped		0				0
usr/share/mios/mios.toml	3251	3251	1	10	7e26a9cc5d58	STAY	inline-scoped		0				0
usr/share/mios/mios.toml	3254	3257	4	37	70a3ee6d3380	STAY	midsize-why		0				0
usr/share/mios/mios.toml	3261	3261	1	6	c36288938741	STAY	inline-scoped		0				0
usr/share/mios/mios.toml	3262	3262	1	10	c0ad94350dec	STAY	inline-scoped		0				0
usr/share/mios/mios.toml	3263	3266	4	46	02bed84d7833	STAY	midsize-why		0				0
usr/share/mios/mios.toml	3271	3271	1	9	0cecaeba1575	STAY	inline-scoped		0				0
usr/share/mios/mios.toml	3272	3272	1	7	1cc0945cafa0	STAY	inline-scoped		0				0
usr/share/mios/mios.toml	3273	3273	1	10	7865209c9f89	STAY	inline-scoped		0				0
usr/share/mios/mios.toml	3274	3274	1	8	e7e46d3135a9	STAY	inline-scoped		0				0
usr/share/mios/mios.toml	3280	3280	1	6	f946ecd0ad4b	STAY	inline-scoped		0				0
usr/share/mios/mios.toml	3282	3286	5	58	3c95f597aa42	STAY	midsize-why		0				0
usr/share/mios/mios.toml	3294	3297	4	44	cdc911bea6ee	STAY	midsize-why		0				0
usr/share/mios/mios.toml	3301	3302	2	25	db3716a3f586	STAY	local-scoped		0				0
usr/share/mios/mios.toml	3309	3313	5	59	17ebe46605fa	STAY	midsize-why		0				0
usr/share/mios/mios.toml	3333	3335	3	32	b98a34866dbf	STAY	midsize-why		0				0
usr/share/mios/mios.toml	3383	3386	4	30	0fce2f6bdaec	STAY	midsize-why		0				0
usr/share/mios/mios.toml	3395	3399	5	54	919081d7f0cc	STAY	midsize-why		0				0
usr/share/mios/mios.toml	3421	3421	1	11	fea8224dbd67	STAY	inline-scoped		0				0
usr/share/mios/mios.toml	3425	3425	1	15	a809dc23c650	STAY	inline-scoped		0				0
usr/share/mios/mios.toml	3466	3466	1	7	baa573177a4d	STAY	inline-scoped		0				0
usr/share/mios/mios.toml	3555	3555	1	6	ec34e7382096	STAY	inline-scoped		0				0
usr/share/mios/mios.toml	3568	3568	1	6	ec34e7382096	STAY	inline-scoped		0				0
usr/share/mios/mios.toml	3581	3581	1	6	ec34e7382096	STAY	inline-scoped		0				0
usr/share/mios/mios.toml	3594	3594	1	11	7e6f4b20dd91	STAY	inline-scoped		0				0
usr/share/mios/mios.toml	3631	3634	4	44	915bd1d0c761	STAY	midsize-why		0				0
usr/share/mios/mios.toml	3651	3653	3	31	bc0a23b5539d	STAY	midsize-why		0				0
usr/share/mios/mios.toml	3700	3700	1	3	d00e2f61c67f	STAY	local-scoped		0				0
usr/share/mios/mios.toml	3718	3718	1	3	29aba2e5a669	STAY	local-scoped		0				0
usr/share/mios/mios.toml	3741	3744	4	41	75dfca6bea12	STAY	midsize-why		0				0
usr/share/mios/mios.toml	3819	3819	1	8	f1fb4c9a2675	STAY	inline-scoped		0				0
usr/share/mios/mios.toml	3931	3932	2	17	93b32ea98b9f	STAY	local-scoped		0				0
usr/share/mios/mios.toml	3958	3958	1	5	321055ffdf4e	STAY	local-scoped		0				0
usr/share/mios/mios.toml	3968	3968	1	10	290f6f7125be	STAY	inline-scoped		0				0
usr/share/mios/mios.toml	4220	4220	1	8	a321973e9fae	STAY	local-scoped		0				0
usr/share/mios/mios.toml	4228	4228	1	9	0069779ccfa8	STAY	inline-scoped		0				0
usr/share/mios/mios.toml	4249	4249	1	6	a350e0f6f145	STAY	inline-scoped		0				0
usr/share/mios/mios.toml	4266	4266	1	6	a350e0f6f145	STAY	inline-scoped		0				0
usr/share/mios/mios.toml	4286	4286	1	6	a350e0f6f145	STAY	inline-scoped		0				0
usr/share/mios/mios.toml	4303	4303	1	6	a350e0f6f145	STAY	inline-scoped		0				0
usr/share/mios/mios.toml	4329	4332	4	39	f389149a2032	STAY	midsize-why		0				0
usr/share/mios/mios.toml	4373	4373	1	6	a350e0f6f145	STAY	inline-scoped		0				0
usr/share/mios/mios.toml	4386	4386	1	6	a350e0f6f145	STAY	inline-scoped		0				0
usr/share/mios/mios.toml	4399	4399	1	6	a350e0f6f145	STAY	inline-scoped		0				0
usr/share/mios/mios.toml	4445	4445	1	6	a350e0f6f145	STAY	inline-scoped		0				0
usr/share/mios/mios.toml	4462	4462	1	6	a350e0f6f145	STAY	inline-scoped		0				0
usr/share/mios/mios.toml	4475	4475	1	6	a350e0f6f145	STAY	inline-scoped		0				0
usr/share/mios/mios.toml	4492	4492	1	2	000b7502602d	DROP	banner		0				0
usr/share/mios/mios.toml	4501	4501	1	18	a392b35a77ba	STAY	inline-scoped		0				0
usr/share/mios/mios.toml	4581	4581	1	12	ca617a6f56b6	STAY	inline-scoped		0				0
usr/share/mios/mios.toml	4602	4602	1	16	7435ea8e66f1	STAY	inline-scoped		0				0
usr/share/mios/mios.toml	4619	4620	2	10	7708fb6f76b8	STAY	local-scoped		0				0
usr/share/mios/mios.toml	4638	4638	1	5	4d1a0fbe49a4	STAY	local-scoped		0				0
usr/share/mios/mios.toml	4739	4739	1	7	a785f9463ce2	STAY	inline-scoped		0				0
usr/share/mios/mios.toml	4768	4768	1	7	a785f9463ce2	STAY	inline-scoped		0				0
usr/share/mios/mios.toml	4825	4825	1	28	12b0c46e08a6	STAY	inline-scoped		0				0
usr/share/mios/mios.toml	4849	4849	1	8	727eb1720020	STAY	inline-scoped		0				0
usr/share/mios/mios.toml	4897	4897	1	11	028a0eeac9d7	STAY	inline-scoped		0				0
usr/share/mios/mios.toml	4954	4954	1	9	0871c4530f87	STAY	inline-scoped		0				0
usr/share/mios/mios.toml	4977	4977	1	11	0114a7d04e33	STAY	inline-scoped		0				0
usr/share/mios/mios.toml	4998	4998	1	7	2cf401686223	STAY	inline-scoped		0				0
usr/share/mios/mios.toml	5035	5035	1	3	f7d4acc1f4e7	STAY	local-scoped		0				0
usr/share/mios/mios.toml	5043	5043	1	6	a350e0f6f145	STAY	inline-scoped		0				0
usr/share/mios/mios.toml	5123	5123	1	2	a09436ef5ebb	DROP	banner		0				0
usr/share/mios/mios.toml	5297	5298	2	17	20a28c3030f0	STAY	local-scoped		0				0
usr/share/mios/mios.toml	5300	5302	3	24	d94388e5b71e	STAY	midsize-why		0				0
usr/share/mios/mios.toml	5304	5306	3	30	2b1d870a718d	STAY	midsize-why		0				0
usr/share/mios/mios.toml	5313	5316	4	39	feb2d721c77f	STAY	midsize-why		0				0
usr/share/mios/mios.toml	5317	5317	1	12	8d649bf126b8	STAY	inline-scoped		0				0
usr/share/mios/mios.toml	5318	5318	1	12	0e1c4a28b1b3	STAY	inline-scoped		0				0
usr/share/mios/mios.toml	5321	5321	1	11	13f42b60eb57	STAY	inline-scoped		0				0
usr/share/mios/mios.toml	5322	5322	1	9	7da7ae13c628	STAY	inline-scoped		0				0
usr/share/mios/mios.toml	5323	5323	1	8	bde9c16c0df7	STAY	inline-scoped		0				0
usr/share/mios/mios.toml	5326	5326	1	10	4de60d30e8ad	STAY	local-scoped		0				0
usr/share/mios/mios.toml	5330	5330	1	9	0afdb211aa84	STAY	local-scoped		0				0
usr/share/mios/mios.toml	5335	5335	1	6	f6944e38a99c	STAY	local-scoped		0				0
usr/share/mios/mios.toml	5337	5337	1	8	a95efdedaa93	STAY	inline-scoped		0				0
usr/share/mios/mios.toml	5338	5342	5	47	f553fcd01a26	STAY	midsize-why		0				0
usr/share/mios/mios.toml	5348	5349	2	26	aa302abe978c	STAY	midsize-why		0				0
usr/share/mios/mios.toml	5367	5367	1	3	7460226f2c6d	STAY	inline-scoped		0				0
usr/share/mios/mios.toml	5368	5368	1	5	221da2cc1478	STAY	inline-scoped		0				0
usr/share/mios/mios.toml	5376	5379	4	33	edffccfb5b1d	STAY	midsize-why		0				0
usr/share/mios/mios.toml	5388	5388	1	4	448607b06a55	DROP	banner		0				0
usr/share/mios/mios.toml	5408	5411	4	35	dd97f8b08baa	STAY	midsize-why		0				0
usr/share/mios/mios.toml	5413	5415	3	23	cf5a27a207b9	STAY	midsize-why		0				0
usr/share/mios/mios.toml	5420	5420	1	7	5c9778838253	STAY	inline-scoped		0				0
usr/share/mios/mios.toml	5421	5425	5	50	3475c5411caa	STAY	midsize-why		0				0
usr/share/mios/mios.toml	5427	5427	1	6	e6cd2d718e1f	STAY	inline-scoped		0				0
usr/share/mios/mios.toml	5428	5428	1	4	390434cbc212	STAY	inline-scoped		0				0
usr/share/mios/mios.toml	5430	5432	3	32	00e1e62e0742	STAY	midsize-why		0				0
usr/share/mios/mios.toml	5434	5436	3	25	6efc63da838f	STAY	midsize-why		0				0
usr/share/mios/mios.toml	5438	5442	5	47	117ad3c4be95	STAY	midsize-why		0				0
usr/share/mios/mios.toml	5446	5446	1	9	be57b6cbaee2	STAY	inline-scoped		0				0
usr/share/mios/mios.toml	5450	5452	3	31	f1aabf4feea0	STAY	midsize-why		0				0
usr/share/mios/mios.toml	5460	5460	1	4	abba687ec61f	STAY	inline-scoped		0				0
usr/share/mios/mios.toml	5461	5461	1	11	1ad76e35c9f3	STAY	inline-scoped		0				0
usr/share/mios/mios.toml	5465	5465	1	7	459db36d65f8	STAY	inline-scoped		0				0
usr/share/mios/mios.toml	5466	5466	1	6	7b0c2c47f889	STAY	inline-scoped		0				0
usr/share/mios/mios.toml	5467	5467	1	2	a8d39a230895	STAY	inline-scoped		0				0
usr/share/mios/mios.toml	5468	5468	1	5	75abee05dae5	STAY	inline-scoped		0				0
usr/share/mios/mios.toml	5471	5471	1	4	4511956e0e27	STAY	inline-scoped		0				0
usr/share/mios/mios.toml	5472	5472	1	4	3704167c469c	STAY	inline-scoped		0				0
usr/share/mios/mios.toml	5473	5473	1	3	72dc96dad5a6	DROP	banner		0				0
usr/share/mios/mios.toml	5474	5474	1	17	63915cf81ffc	STAY	inline-scoped		0				0
usr/share/mios/mios.toml	5477	5477	1	6	741c7ae4b665	STAY	inline-scoped		0				0
usr/share/mios/mios.toml	5478	5478	1	8	4383479f0534	STAY	inline-scoped		0				0
usr/share/mios/mios.toml	5479	5479	1	6	84b31ae3605e	STAY	inline-scoped		0				0
usr/share/mios/mios.toml	5480	5480	1	6	ec0f5640a16a	STAY	inline-scoped		0				0
usr/share/mios/mios.toml	5493	5493	1	25	693461436b69	STAY	inline-scoped		0				0
usr/share/mios/mios.toml	5497	5500	4	44	572a1fe53998	STAY	midsize-why		0				0
usr/share/mios/mios.toml	5501	5501	1	8	5421f940a9ab	STAY	inline-scoped		0				0
usr/share/mios/mios.toml	5502	5504	3	38	ce82a6bc12e2	STAY	midsize-why		0				0
usr/share/mios/mios.toml	5506	5507	2	23	ead34bc4a404	STAY	local-scoped		0				0
usr/share/mios/mios.toml	5509	5513	5	47	1278dfd91b53	STAY	midsize-why		0				0
usr/share/mios/mios.toml	5514	5514	1	30	5fc54efbf360	STAY	inline-scoped		0				0
usr/share/mios/mios.toml	5518	5519	2	22	567b790da0f6	STAY	local-scoped		0				0
usr/share/mios/mios.toml	5521	5523	3	33	bec65aa549e2	STAY	midsize-why		0				0
usr/share/mios/mios.toml	5525	5526	2	16	74af87424352	STAY	local-scoped		0				0
usr/share/mios/mios.toml	5529	5531	3	27	77abe5d4d0cf	STAY	midsize-why		0				0
usr/share/mios/mios.toml	5534	5534	1	9	ee9cdffd055b	STAY	inline-scoped		0				0
usr/share/mios/mios.toml	5537	5541	5	51	1161da447345	STAY	midsize-why		0				0
usr/share/mios/mios.toml	5543	5544	2	13	4b6967f2576b	STAY	local-scoped		0				0
usr/share/mios/mios.toml	5546	5548	3	36	c6b79d45c2eb	STAY	midsize-why		0				0
usr/share/mios/mios.toml	5552	5552	1	5	6ecf8a0c6a62	STAY	inline-scoped		0				0
usr/share/mios/mios.toml	5554	5555	2	17	ed97c2cd81c5	STAY	local-scoped		0				0
usr/share/mios/mios.toml	5557	5559	3	24	2fefca8ad06f	STAY	midsize-why		0				0
usr/share/mios/mios.toml	5561	5563	3	24	0a0623b39740	STAY	midsize-why		0				0
usr/share/mios/mios.toml	5565	5565	1	13	3801160366a5	STAY	local-scoped		0				0
usr/share/mios/mios.toml	5567	5568	2	22	8dd316e685ae	STAY	local-scoped		0				0
usr/share/mios/mios.toml	5569	5569	1	42	fb2f8c6c5387	STAY	inline-scoped		0				0
usr/share/mios/mios.toml	5572	5573	2	18	730dbf54a30b	STAY	local-scoped		0				0
usr/share/mios/mios.toml	5574	5574	1	5	5d8388880a93	STAY	inline-scoped		0				0
usr/share/mios/mios.toml	5575	5575	1	32	bb3b66f66ebb	STAY	inline-scoped		0				0
usr/share/mios/mios.toml	5577	5577	1	15	72b89a92cef7	STAY	inline-scoped		0				0
usr/share/mios/mios.toml	5580	5580	1	5	bde18a9b72cb	STAY	inline-scoped		0				0
usr/share/mios/mios.toml	5582	5582	1	41	8a6f452c6e4a	STAY	inline-scoped		0				0
usr/share/mios/mios.toml	5583	5586	4	44	fd473c2361f6	STAY	midsize-why		0				0
usr/share/mios/mios.toml	5590	5590	1	7	7074eae1b4a9	STAY	inline-scoped		0				0
usr/share/mios/mios.toml	5591	5591	1	12	c95144bc8f82	STAY	inline-scoped		0				0
usr/share/mios/mios.toml	5609	5609	1	4	538e74ab69ca	STAY	inline-scoped		0				0
usr/share/mios/mios.toml	5610	5610	1	6	cbe0f3799057	STAY	inline-scoped		0				0
usr/share/mios/mios.toml	5611	5611	1	7	17d7f86493e8	STAY	inline-scoped		0				0
usr/share/mios/mios.toml	5612	5612	1	7	feddb4dff1c5	STAY	inline-scoped		0				0
usr/share/mios/mios.toml	5613	5614	2	21	013e363fd299	STAY	local-scoped		0				0
usr/share/mios/mios.toml	5616	5617	2	17	b234c1a16197	STAY	local-scoped		0				0
usr/share/mios/mios.toml	5618	5618	1	2	df94d637fec0	STAY	inline-scoped		0				0
usr/share/mios/mios.toml	5619	5619	1	2	24e4345c0aea	STAY	inline-scoped		0				0
usr/share/mios/mios.toml	5621	5621	1	34	06a66118ee3b	STAY	inline-scoped		0				0
usr/share/mios/mios.toml	5622	5622	1	47	0cbc41b51c89	STAY	inline-scoped		0				0
usr/share/mios/mios.toml	5623	5623	1	42	a8a96a4fa65d	STAY	inline-scoped		0				0
usr/share/mios/mios.toml	5626	5626	1	10	9208d7a7dd02	STAY	inline-scoped		0				0
usr/share/mios/mios.toml	5632	5632	1	42	75acb39a2b30	STAY	inline-scoped		0				0
usr/share/mios/mios.toml	5634	5634	1	5	5d8388880a93	STAY	inline-scoped		0				0
usr/share/mios/mios.toml	5637	5640	4	13	a05a238b2606	STAY	midsize-why		0				0
usr/share/mios/mios.toml	5643	5643	1	3	ff761f1c00d9	STAY	inline-scoped		0				0
usr/share/mios/mios.toml	5645	5645	1	9	8e0f9d32d81e	STAY	local-scoped		0				0
usr/share/mios/mios.toml	5648	5648	1	3	6d6869603e6a	STAY	local-scoped		0				0
usr/share/mios/mios.toml	5649	5649	1	5	869fe78bf4ac	STAY	inline-scoped		0				0
usr/share/mios/mios.toml	5650	5653	4	27	890387b098ab	STAY	midsize-why		0				0
usr/share/mios/mios.toml	5655	5655	1	5	a25751d7af3c	STAY	inline-scoped		0				0
usr/share/mios/mios.toml	5656	5656	1	3	9e63489cca04	STAY	inline-scoped		0				0
usr/share/mios/mios.toml	5657	5657	1	3	a9b252dd6c31	STAY	inline-scoped		0				0
usr/share/mios/mios.toml	5672	5673	2	16	bcc37812e277	STAY	local-scoped		0				0
usr/share/mios/mios.toml	5697	5698	2	20	ae4ae05eb81f	STAY	local-scoped		0				0
usr/share/mios/mios.toml	5700	5701	2	15	633d7e54e642	STAY	local-scoped		0				0
usr/share/mios/mios.toml	5704	5706	3	24	dfc03a8edca3	STAY	midsize-why		0				0
usr/share/mios/mios.toml	5722	5722	1	7	10e8eb82cabc	STAY	local-scoped		0				0
usr/share/mios/mios.toml	5736	5739	4	37	7a53959912d0	STAY	midsize-why		0				0
usr/share/mios/mios.toml	5740	5740	1	3	e6b49db1ce44	STAY	inline-scoped		0				0
usr/share/mios/mios.toml	5743	5744	2	19	db8310b6b0de	STAY	local-scoped		0				0
usr/share/mios/mios.toml	5752	5756	5	46	5ba18509a1f4	STAY	midsize-why		0				0
usr/share/mios/mios.toml	5757	5757	1	6	93d277921316	STAY	inline-scoped		0				0
usr/share/mios/mios.toml	5758	5758	1	4	ed69bcc77c3b	STAY	inline-scoped		0				0
usr/share/mios/mios.toml	5759	5759	1	4	cde9d76fe065	STAY	inline-scoped		0				0
usr/share/mios/mios.toml	5760	5760	1	7	a1993e0c7641	STAY	inline-scoped		0				0
usr/share/mios/mios.toml	5761	5761	1	7	bf0e92512a58	STAY	inline-scoped		0				0
usr/share/mios/mios.toml	5762	5762	1	2	57db9a7487b2	DROP	banner		0				0
usr/share/mios/mios.toml	5763	5763	1	5	8e608f9d5da6	STAY	inline-scoped		0				0
usr/share/mios/mios.toml	5764	5764	1	4	d02df72af6e0	STAY	inline-scoped		0				0
usr/share/mios/mios.toml	5765	5765	1	3	815b46196e7f	DROP	banner		0				0
usr/share/mios/mios.toml	5766	5766	1	4	82f7972cb4f2	STAY	inline-scoped		0				0
usr/share/mios/mios.toml	5771	5774	4	30	ab69927657c4	STAY	midsize-why		0				0
usr/share/mios/mios.toml	5779	5779	1	12	bbdcf3f0f35a	STAY	inline-scoped		0				0
usr/share/mios/mios.toml	5780	5780	1	7	ff1c752af692	STAY	inline-scoped		0				0
usr/share/mios/mios.toml	5781	5781	1	29	e72a79d68da7	STAY	inline-scoped		0				0
usr/share/mios/mios.toml	5782	5782	1	42	54efe93c08f1	STAY	inline-scoped		0				0
usr/share/mios/mios.toml	5783	5783	1	15	c73d950c4de6	STAY	inline-scoped		0				0
usr/share/mios/mios.toml	5784	5784	1	9	0230e8feb521	STAY	inline-scoped		0				0
usr/share/mios/mios.toml	5785	5785	1	7	c77a4c588c3f	STAY	inline-scoped		0				0
usr/share/mios/mios.toml	5786	5786	1	10	61a449b045d4	STAY	inline-scoped		0				0
usr/share/mios/mios.toml	5787	5787	1	19	b94eb84119d1	STAY	inline-scoped		0				0
usr/share/mios/mios.toml	5790	5790	1	12	bbdcf3f0f35a	STAY	inline-scoped		0				0
usr/share/mios/mios.toml	5791	5791	1	24	6e5ac571c696	STAY	inline-scoped		0				0
usr/share/mios/mios.toml	5792	5792	1	9	0ea49cc6fe9b	STAY	inline-scoped		0				0
usr/share/mios/mios.toml	5793	5793	1	18	ae0237405f1c	STAY	inline-scoped		0				0
usr/share/mios/mios.toml	5794	5794	1	18	698910e6db2b	STAY	inline-scoped		0				0
usr/share/mios/mios.toml	5795	5795	1	16	459dd2c72455	STAY	inline-scoped		0				0
usr/share/mios/mios.toml	5796	5796	1	11	e8665e3f952d	STAY	inline-scoped		0				0
usr/share/mios/mios.toml	5797	5797	1	14	d11d1d797977	STAY	inline-scoped		0				0
usr/share/mios/mios.toml	5798	5798	1	7	c8c9b6dcda3b	STAY	inline-scoped		0				0
usr/share/mios/mios.toml	5815	5815	1	3	3fa30f6fac31	STAY	local-scoped		0				0
usr/share/mios/mios.toml	5816	5816	1	5	688df71913cd	STAY	inline-scoped		0				0
usr/share/mios/mios.toml	5817	5817	1	4	eaf824ea6f10	STAY	inline-scoped		0				0
usr/share/mios/mios.toml	5818	5818	1	5	897bdb48137a	STAY	inline-scoped		0				0
usr/share/mios/mios.toml	5819	5819	1	5	370f95badda5	STAY	inline-scoped		0				0
usr/share/mios/mios.toml	5820	5820	1	2	ce731e3e4811	STAY	inline-scoped		0				0
usr/share/mios/mios.toml	5821	5821	1	2	95ffaf0017f5	STAY	inline-scoped		0				0
usr/share/mios/mios.toml	5822	5822	1	9	a9ce9b22c80b	STAY	inline-scoped		0				0
usr/share/mios/mios.toml	5823	5823	1	9	6aaa8a1e693b	STAY	local-scoped		0				0
usr/share/mios/mios.toml	5824	5824	1	2	dbc6db2f2e12	STAY	inline-scoped		0				0
usr/share/mios/mios.toml	5825	5825	1	2	ec68891756ee	STAY	inline-scoped		0				0
usr/share/mios/mios.toml	5826	5826	1	1	5a5000a3f3ff	STAY	inline-scoped		0				0
usr/share/mios/mios.toml	5827	5827	1	2	a77e38801dd1	STAY	inline-scoped		0				0
usr/share/mios/mios.toml	5828	5828	1	2	beea2061a21d	STAY	inline-scoped		0				0
usr/share/mios/mios.toml	5829	5829	1	1	fb2b7fce0940	STAY	inline-scoped		0				0
usr/share/mios/mios.toml	5830	5830	1	3	1b40d669c0d3	STAY	inline-scoped		0				0
usr/share/mios/mios.toml	5831	5831	1	1	70ac4149853c	STAY	inline-scoped		0				0
usr/share/mios/mios.toml	5832	5832	1	5	89de1925ffb8	STAY	inline-scoped		0				0
usr/share/mios/mios.toml	5835	5839	5	40	016a0c203b17	STAY	midsize-why		0				0
usr/share/mios/mios.toml	5857	5857	1	5	8ee76141c7c4	STAY	inline-scoped		0				0
usr/share/mios/mios.toml	5858	5858	1	7	adfb56e51dab	STAY	inline-scoped		0				0
usr/share/mios/mios.toml	5859	5861	3	34	08a60022bc42	STAY	midsize-why		0				0
usr/share/mios/mios.toml	5863	5863	1	3	d9e989e3e253	STAY	inline-scoped		0				0
usr/share/mios/mios.toml	5864	5864	1	11	235d8aeb8822	STAY	inline-scoped		0				0
usr/share/mios/mios.toml	5865	5865	1	5	afd08874a937	STAY	inline-scoped		0				0
usr/share/mios/mios.toml	5866	5866	1	8	58cd9c51fb3c	STAY	inline-scoped		0				0
usr/share/mios/mios.toml	5867	5867	1	5	4c37b0db8c4f	STAY	inline-scoped		0				0
usr/share/mios/mios.toml	5868	5868	1	6	6000ea027fdb	STAY	inline-scoped		0				0
usr/share/mios/mios.toml	5869	5869	1	2	e51dbd9f0cfc	STAY	inline-scoped		0				0
usr/share/mios/mios.toml	5870	5870	1	3	af2cd6e523ac	STAY	inline-scoped		0				0
usr/share/mios/mios.toml	5876	5876	1	3	b486c7f403e3	STAY	inline-scoped		0				0
usr/share/mios/mios.toml	5877	5877	1	11	e7d590836b8c	STAY	inline-scoped		0				0
usr/share/mios/mios.toml	5878	5878	1	4	3c3a4d637c80	STAY	inline-scoped		0				0
usr/share/mios/mios.toml	5879	5879	1	6	3ea2b4ac76c5	STAY	inline-scoped		0				0
usr/share/mios/mios.toml	5880	5880	1	7	4a3b0de4cf26	STAY	inline-scoped		0				0
usr/share/mios/mios.toml	5881	5881	1	4	376f06eed66a	STAY	inline-scoped		0				0
usr/share/mios/mios.toml	5882	5882	1	2	4506a22e2656	STAY	inline-scoped		0				0
usr/share/mios/mios.toml	5883	5883	1	5	b3a1abeb4e93	STAY	inline-scoped		0				0
usr/share/mios/mios.toml	5884	5884	1	4	b1c214f30921	STAY	inline-scoped		0				0
usr/share/mios/mios.toml	5885	5885	1	5	4e7211f36a91	STAY	inline-scoped		0				0
usr/share/mios/mios.toml	5886	5886	1	3	1e6175bf6404	STAY	inline-scoped		0				0
usr/share/mios/mios.toml	5887	5887	1	3	d3a5c02c3f00	STAY	inline-scoped		0				0
usr/share/mios/mios.toml	5888	5888	1	3	650ca4fd1cca	STAY	inline-scoped		0				0
usr/share/mios/mios.toml	5889	5889	1	4	51191a6a2127	STAY	inline-scoped		0				0
usr/share/mios/mios.toml	5893	5893	1	8	711709696c7d	STAY	inline-scoped		0				0
usr/share/mios/mios.toml	5907	5907	1	8	711709696c7d	STAY	inline-scoped		0				0
usr/share/mios/mios.toml	5917	5917	1	8	711709696c7d	STAY	inline-scoped		0				0
usr/share/mios/mios.toml	5929	5929	1	8	711709696c7d	STAY	inline-scoped		0				0
usr/share/mios/mios.toml	5935	5935	1	8	711709696c7d	STAY	inline-scoped		0				0
usr/share/mios/mios.toml	5941	5941	1	8	711709696c7d	STAY	inline-scoped		0				0
usr/share/mios/mios.toml	5947	5947	1	8	711709696c7d	STAY	inline-scoped		0				0
usr/share/mios/mios.toml	5953	5953	1	8	711709696c7d	STAY	inline-scoped		0				0
usr/share/mios/mios.toml	5961	5961	1	8	711709696c7d	STAY	inline-scoped		0				0
usr/share/mios/mios.toml	5974	5974	1	8	711709696c7d	STAY	inline-scoped		0				0
usr/share/mios/mios.toml	6015	6015	1	8	711709696c7d	STAY	inline-scoped		0				0
usr/share/mios/mios.toml	6045	6045	1	8	711709696c7d	STAY	inline-scoped		0				0
usr/share/mios/mios.toml	6053	6053	1	8	711709696c7d	STAY	inline-scoped		0				0
usr/share/mios/mios.toml	6065	6065	1	8	711709696c7d	STAY	inline-scoped		0				0
usr/share/mios/mios.toml	6075	6075	1	8	711709696c7d	STAY	inline-scoped		0				0
usr/share/mios/mios.toml	6084	6084	1	8	711709696c7d	STAY	inline-scoped		0				0
usr/share/mios/mios.toml	6096	6096	1	8	711709696c7d	STAY	inline-scoped		0				0
usr/share/mios/mios.toml	6101	6101	1	8	711709696c7d	STAY	inline-scoped		0				0
usr/share/mios/mios.toml	6111	6111	1	12	62f716dbc3f0	STAY	inline-scoped		0				0
usr/share/mios/mios.toml	6119	6119	1	8	711709696c7d	STAY	inline-scoped		0				0
usr/share/mios/mios.toml	6149	6149	1	8	711709696c7d	STAY	inline-scoped		0				0
usr/share/mios/mios.toml	6165	6165	1	8	711709696c7d	STAY	inline-scoped		0				0
usr/share/mios/mios.toml	6175	6175	1	8	711709696c7d	STAY	inline-scoped		0				0
usr/share/mios/mios.toml	6189	6189	1	8	711709696c7d	STAY	inline-scoped		0				0
usr/share/mios/mios.toml	6210	6211	2	15	46aaa9106d58	STAY	local-scoped		0				0
usr/share/mios/mios.toml	6217	6217	1	8	711709696c7d	STAY	inline-scoped		0				0
usr/share/mios/mios.toml	6227	6227	1	8	711709696c7d	STAY	inline-scoped		0				0
usr/share/mios/mios.toml	6237	6237	1	11	88eb973b4daf	STAY	local-scoped		0				0
usr/share/mios/mios.toml	6255	6255	1	8	711709696c7d	STAY	inline-scoped		0				0
usr/share/mios/mios.toml	6266	6266	1	5	aad81c93e0bc	STAY	inline-scoped		0				0
usr/share/mios/mios.toml	6267	6267	1	7	e724aed1b33f	STAY	inline-scoped		0				0
usr/share/mios/mios.toml	6268	6268	1	4	aad05b650e18	STAY	inline-scoped		0				0
usr/share/mios/mios.toml	6269	6269	1	5	1817319072e9	STAY	inline-scoped		0				0
usr/share/mios/mios.toml	6270	6270	1	5	993ae0c510ec	STAY	inline-scoped		0				0
usr/share/mios/mios.toml	6271	6271	1	6	d97a6a02aab4	STAY	inline-scoped		0				0
usr/share/mios/mios.toml	6272	6272	1	3	95eff561ef87	STAY	inline-scoped		0				0
usr/share/mios/mios.toml	6273	6273	1	3	2b5981da37cb	STAY	inline-scoped		0				0
usr/share/mios/mios.toml	6274	6274	1	5	6d6c92b291f1	STAY	inline-scoped		0				0
usr/share/mios/mios.toml	6275	6275	1	4	003c35164d99	STAY	inline-scoped		0				0
usr/share/mios/mios.toml	6279	6279	1	8	711709696c7d	STAY	inline-scoped		0				0
usr/share/mios/mios.toml	6290	6290	1	8	711709696c7d	STAY	inline-scoped		0				0
usr/share/mios/mios.toml	6310	6310	1	8	711709696c7d	STAY	inline-scoped		0				0
usr/share/mios/mios.toml	6319	6319	1	8	711709696c7d	STAY	inline-scoped		0				0
usr/share/mios/mios.toml	6325	6325	1	8	711709696c7d	STAY	inline-scoped		0				0
usr/share/mios/mios.toml	6377	6377	1	8	711709696c7d	STAY	inline-scoped		0				0
usr/share/mios/mios.toml	6399	6402	4	45	a940b23de3af	STAY	midsize-why		0				0
usr/share/mios/mios.toml	6425	6425	1	8	711709696c7d	STAY	inline-scoped		0				0
usr/share/mios/mios.toml	6431	6431	1	8	711709696c7d	STAY	inline-scoped		0				0
usr/share/mios/mios.toml	6459	6459	1	8	711709696c7d	STAY	inline-scoped		0				0
usr/share/mios/mios.toml	6466	6466	1	8	711709696c7d	STAY	inline-scoped		0				0
usr/share/mios/mios.toml	6471	6472	2	16	42af65cc41f3	STAY	local-scoped		0				0
usr/share/mios/mios.toml	6479	6479	1	8	711709696c7d	STAY	inline-scoped		0				0
usr/share/mios/mios.toml	6488	6488	1	8	711709696c7d	STAY	inline-scoped		0				0
usr/share/mios/mios.toml	6496	6496	1	8	711709696c7d	STAY	inline-scoped		0				0
usr/share/mios/mios.toml	6505	6505	1	8	711709696c7d	STAY	inline-scoped		0				0
usr/share/mios/mios.toml	6508	6508	1	5	787b92e56ca3	STAY	inline-scoped		0				0
usr/share/mios/mios.toml	6510	6510	1	12	0414c5ae5cbf	STAY	inline-scoped		0				0
usr/share/mios/mios.toml	6513	6513	1	4	c0dd3882e768	DROP	banner		0				0
usr/share/mios/mios.toml	6514	6514	1	3	9197b9766b2d	DROP	banner		0				0
usr/share/mios/mios.toml	6518	6518	1	8	711709696c7d	STAY	inline-scoped		0				0
usr/share/mios/mios.toml	6535	6535	1	10	ca87a83076f8	STAY	inline-scoped		0				0
usr/share/mios/mios.toml	6547	6547	1	8	711709696c7d	STAY	inline-scoped		0				0
usr/share/mios/mios.toml	6555	6559	5	50	d37dc123db91	STAY	midsize-why		0				0
usr/share/mios/mios.toml	6561	6561	1	8	711709696c7d	STAY	inline-scoped		0				0
usr/share/mios/mios.toml	6571	6571	1	8	711709696c7d	STAY	inline-scoped		0				0
usr/share/mios/mios.toml	6577	6577	1	8	711709696c7d	STAY	inline-scoped		0				0
usr/share/mios/mios.toml	6586	6586	1	8	b74544e19c46	STAY	inline-scoped		0				0
usr/share/mios/mios.toml	6587	6587	1	37	7c633a09f77a	STAY	inline-scoped		0				0
usr/share/mios/mios.toml	6588	6588	1	4	512894b49d49	STAY	inline-scoped		0				0
usr/share/mios/mios.toml	6589	6589	1	23	f0203731d662	STAY	inline-scoped		0				0
usr/share/mios/mios.toml	6590	6590	1	4	2e04c3e31d41	STAY	inline-scoped		0				0
usr/share/mios/mios.toml	6591	6591	1	5	0e96fb325f87	STAY	inline-scoped		0				0
usr/share/mios/mios.toml	6592	6592	1	3	d53bc3435baf	STAY	inline-scoped		0				0
usr/share/mios/mios.toml	6593	6593	1	26	f08d5fbb1d64	STAY	inline-scoped		0				0
usr/share/mios/mios.toml	6594	6594	1	36	6387d0918655	STAY	inline-scoped		0				0
usr/share/mios/mios.toml	6595	6595	1	18	cb44ebff0db5	STAY	inline-scoped		0				0
usr/share/mios/mios.toml	6596	6596	1	7	e752ee17c33a	STAY	inline-scoped		0				0
usr/share/mios/mios.toml	6597	6597	1	7	fe54f1d87df5	STAY	inline-scoped		0				0
usr/share/mios/mios.toml	6598	6599	2	13	b43d69274519	STAY	local-scoped		0				0
usr/share/mios/mios.toml	6600	6600	1	9	8975aa32890c	STAY	inline-scoped		0				0
usr/share/mios/mios.toml	6601	6601	1	3	6d56fe3f74b8	DROP	banner		0				0
usr/share/mios/mios.toml	6602	6602	1	3	06d42116c9d6	STAY	inline-scoped		0				0
usr/share/mios/mios.toml	6603	6603	1	2	045e9991c060	STAY	inline-scoped		0				0
usr/share/mios/mios.toml	6604	6604	1	4	87ab0ac532eb	STAY	inline-scoped		0				0
usr/share/mios/mios.toml	6605	6605	1	14	595f0d8738f6	STAY	inline-scoped		0				0
usr/share/mios/mios.toml	6606	6606	1	16	24a27890469d	STAY	inline-scoped		0				0
usr/share/mios/mios.toml	6607	6607	1	27	2993d33e00eb	STAY	inline-scoped		0				0
usr/share/mios/mios.toml	6608	6608	1	12	ed12a99fdb51	STAY	inline-scoped		0				0
usr/share/mios/mios.toml	6609	6609	1	6	30b27e439cd2	STAY	inline-scoped		0				0
usr/share/mios/mios.toml	6610	6610	1	6	885f14cdfffe	STAY	inline-scoped		0				0
usr/share/mios/mios.toml	6611	6611	1	9	d9cb41cd4105	STAY	inline-scoped		0				0
usr/share/mios/mios.toml	6612	6612	1	14	512bfa960c23	STAY	inline-scoped		0				0
usr/share/mios/mios.toml	6613	6613	1	16	0ef973a9abfe	STAY	inline-scoped		0				0
usr/share/mios/mios.toml	6614	6614	1	24	7672a48c8b5f	STAY	inline-scoped		0				0
usr/share/mios/mios.toml	6615	6615	1	15	54c0cab25b2b	STAY	inline-scoped		0				0
usr/share/mios/mios.toml	6616	6616	1	14	1d431044e795	STAY	inline-scoped		0				0
usr/share/mios/mios.toml	6617	6617	1	16	a5ccba602cd9	STAY	inline-scoped		0				0
usr/share/mios/mios.toml	6618	6618	1	9	97533eb8ce14	STAY	inline-scoped		0				0
usr/share/mios/mios.toml	6619	6619	1	9	9c32f5c34a5d	STAY	inline-scoped		0				0
usr/share/mios/mios.toml	6620	6620	1	13	f604132324b6	STAY	inline-scoped		0				0
usr/share/mios/mios.toml	6621	6621	1	19	41b4c36fec9e	STAY	inline-scoped		0				0
usr/share/mios/mios.toml	6622	6622	1	17	5370fc3bf4cf	STAY	inline-scoped		0				0
usr/share/mios/mios.toml	6623	6623	1	19	d694b89e471c	STAY	inline-scoped		0				0
usr/share/mios/mios.toml	6624	6624	1	21	8e8c69212fc6	STAY	inline-scoped		0				0
usr/share/mios/mios.toml	6625	6625	1	11	ca189c52d5f4	STAY	inline-scoped		0				0
usr/share/mios/mios.toml	6626	6626	1	9	d95cef3e438b	STAY	inline-scoped		0				0
usr/share/mios/mios.toml	6627	6627	1	9	e4c40180756c	STAY	inline-scoped		0				0
usr/share/mios/mios.toml	6628	6628	1	14	44a37977fcc6	STAY	inline-scoped		0				0
usr/share/mios/mios.toml	6630	6632	3	30	fa4bb7d46377	STAY	midsize-why		0				0
usr/share/mios/mios.toml	6635	6639	5	46	838f090dfd1e	STAY	midsize-why		0				0
usr/share/mios/mios.toml	6713	6714	2	23	4556e1f1787c	STAY	local-scoped		0				0
usr/share/mios/mios.toml	6743	6747	5	23	067515c1b18e	STAY	midsize-why		0				0
usr/share/mios/mios.toml	6759	6763	5	34	f6b945a257e5	STAY	midsize-why		0				0
usr/share/mios/mios.toml	6775	6777	3	5	51d9a05537fa	STAY	midsize-why		0				0
usr/share/mios/mios.toml	6788	6792	5	25	2de15dc956e4	STAY	midsize-why		0				0
usr/share/mios/mios.toml	6802	6803	2	13	f6dde6be85dc	STAY	local-scoped		0				0
usr/share/mios/mios.toml	6813	6814	2	21	978e17ef4df9	STAY	local-scoped		0				0
usr/share/mios/mios.toml	6816	6817	2	22	f11c703bd1c2	STAY	local-scoped		0				0
usr/share/mios/mios.toml	6822	6824	3	37	b0e489c63254	STAY	midsize-why		0				0
usr/share/mios/mios.toml	6827	6829	3	9	72eb33c9fc9f	STAY	midsize-why		0				0
usr/share/mios/mios.toml	6870	6870	1	14	3687475c6c7a	STAY	local-scoped		0				0
usr/share/mios/mios.toml	6872	6874	3	33	fe3a96d06a18	STAY	midsize-why		0				0
usr/share/mios/mios.toml	6880	6881	2	21	24fcc2598a1d	STAY	local-scoped		0				0
usr/share/mios/mios.toml	6892	6892	1	16	14ecfc161a0f	STAY	local-scoped		0				0
usr/share/mios/mios.toml	6898	6901	4	33	88f062afc12e	STAY	midsize-why		0				0
usr/share/mios/mios.toml	6902	6902	1	8	d180769cee5f	STAY	inline-scoped		0				0
usr/share/mios/mios.toml	6903	6903	1	6	2a8705601c9e	STAY	inline-scoped		0				0
usr/share/mios/mios.toml	6904	6904	1	10	9a07baa9bf85	STAY	inline-scoped		0				0
usr/share/mios/mios.toml	6905	6905	1	4	fde1a011f8ab	STAY	inline-scoped		0				0
usr/share/mios/mios.toml	6906	6906	1	9	7094cd681084	STAY	inline-scoped		0				0
usr/share/mios/mios.toml	6907	6907	1	5	4dc1c2de13de	STAY	inline-scoped		0				0
usr/share/mios/mios.toml	6967	6968	2	24	1795e1b231a1	STAY	local-scoped		0				0
usr/share/mios/mios.toml	6973	6973	1	12	28dd6e1b4cb2	STAY	local-scoped		0				0
usr/share/mios/mios.toml	6975	6977	3	24	64a0fdd2a7d1	STAY	midsize-why		0				0
usr/share/mios/mios.toml	6983	6985	3	30	2d7bb4aa8fd4	STAY	midsize-why		0				0
usr/share/mios/mios.toml	6987	6988	2	20	b9103e987694	STAY	local-scoped		0				0
usr/share/mios/mios.toml	6990	6990	1	4	3fd4a923eb52	STAY	local-scoped		0				0
usr/share/mios/mios.toml	6993	6997	5	51	173bff9039bd	STAY	midsize-why		0				0
usr/share/mios/mios.toml	7001	7005	5	26	cbdfcff256a6	STAY	midsize-why		0				0
usr/share/mios/mios.toml	7017	7017	1	5	cdf0f9cc73fb	STAY	inline-scoped		0				0
usr/share/mios/mios.toml	7049	7049	1	9	b3542d0af903	STAY	inline-scoped		0				0
usr/share/mios/mios.toml	7050	7050	1	3	fe074c488fd0	STAY	inline-scoped		0				0
usr/share/mios/mios.toml	7051	7051	1	9	eee6f480f2d8	STAY	inline-scoped		0				0
usr/share/mios/mios.toml	7054	7055	2	18	f89908fe770b	STAY	local-scoped		0				0
usr/share/mios/mios.toml	7067	7067	1	7	9de23d980861	STAY	local-scoped		0				0
usr/share/mios/mios.toml	7070	7071	2	14	d6557b9a3be2	STAY	local-scoped		0				0
usr/share/mios/mios.toml	7117	7117	1	0	d9b307f6a47b	DROP	banner		0				0
usr/share/mios/mios.toml	7119	7119	1	9	1070a4b81360	STAY	local-scoped		0				0
usr/share/mios/mios.toml	7126	7130	5	40	f6c9469cb553	STAY	midsize-why		0				0
usr/share/mios/mios.toml	7206	7208	3	30	8208af8d686b	STAY	midsize-why		0				0
usr/share/mios/mios.toml	7213	7217	5	54	2bf57004bf6a	STAY	midsize-why		0				0
usr/share/mios/mios.toml	7219	7219	1	9	f28b61e50680	STAY	inline-scoped		0				0
usr/share/mios/mios.toml	7220	7221	2	11	af4f3989465c	STAY	local-scoped		0				0
usr/share/mios/mios.toml	7227	7227	1	7	3a421fdbc1fb	STAY	inline-scoped		0				0
usr/share/mios/mios.toml	7231	7231	1	8	5281c9433690	STAY	inline-scoped		0				0
usr/share/mios/mios.toml	7232	7232	1	5	7abdc827bdb3	STAY	inline-scoped		0				0
usr/share/mios/mios.toml	7233	7233	1	11	972b222fbd1c	STAY	inline-scoped		0				0
usr/share/mios/mios.toml	7234	7234	1	15	10e17e49b83b	STAY	inline-scoped		0				0
usr/share/mios/mios.toml	7235	7235	1	10	2bb73af28398	STAY	inline-scoped		0				0
usr/share/mios/mios.toml	7236	7236	1	10	1dce7a97d0c4	STAY	inline-scoped		0				0
usr/share/mios/mios.toml	7237	7237	1	10	35f739014924	STAY	inline-scoped		0				0
usr/share/mios/mios.toml	7238	7238	1	11	a6a60a7b3aeb	STAY	inline-scoped		0				0
usr/share/mios/mios.toml	7240	7243	4	11	ddd89b33ad7a	STAY	midsize-why		0				0
usr/share/mios/mios.toml	7245	7245	1	6	5971c00e2707	STAY	inline-scoped		0				0
usr/share/mios/mios.toml	7246	7246	1	4	9e63ca40e62c	STAY	inline-scoped		0				0
usr/share/mios/mios.toml	7319	7323	5	25	961727e95b81	STAY	midsize-why		0				0
usr/share/mios/mios.toml	7359	7359	1	11	196980f4b1df	STAY	local-scoped		0				0
usr/share/mios/mios.toml	7383	7383	1	8	99ab03c81b4a	STAY	local-scoped		0				0
usr/share/mios/mios.toml	7384	7384	1	7	e43bcc8fc4f3	STAY	inline-scoped		0				0
usr/share/mios/mios.toml	7385	7385	1	6	1558c3a5c227	STAY	inline-scoped		0				0
usr/share/mios/mios.toml	7386	7386	1	5	35a367d2e63e	STAY	inline-scoped		0				0
usr/share/mios/mios.toml	7387	7387	1	5	42a5e2e2ebc2	STAY	inline-scoped		0				0
usr/share/mios/mios.toml	7388	7388	1	3	dd7df46a78df	STAY	inline-scoped		0				0
usr/share/mios/mios.toml	7389	7389	1	3	4f7a1847418a	STAY	inline-scoped		0				0
usr/share/mios/mios.toml	7390	7390	1	3	774ab42ee04e	STAY	inline-scoped		0				0
usr/share/mios/mios.toml	7391	7391	1	3	0122e8025854	STAY	inline-scoped		0				0
usr/share/mios/mios.toml	7392	7392	1	3	18110f3b5768	STAY	inline-scoped		0				0
usr/share/mios/mios.toml	7393	7393	1	3	67ff0e347eae	STAY	inline-scoped		0				0
usr/share/mios/mios.toml	7394	7394	1	2	fc462d7b582d	STAY	inline-scoped		0				0
usr/share/mios/mios.toml	7395	7395	1	3	39562f07782c	STAY	inline-scoped		0				0
usr/share/mios/mios.toml	7397	7399	3	30	ca86583260ba	STAY	midsize-why		0				0
usr/share/mios/mios.toml	7400	7400	1	3	2a18cd06d99b	STAY	inline-scoped		0				0
usr/share/mios/mios.toml	7401	7401	1	3	774ab42ee04e	STAY	inline-scoped		0				0
usr/share/mios/mios.toml	7402	7402	1	3	dd7df46a78df	STAY	inline-scoped		0				0
usr/share/mios/mios.toml	7403	7403	1	3	4f7a1847418a	STAY	inline-scoped		0				0
usr/share/mios/mios.toml	7404	7404	1	3	0122e8025854	STAY	inline-scoped		0				0
usr/share/mios/mios.toml	7405	7405	1	2	fc462d7b582d	STAY	inline-scoped		0				0
usr/share/mios/mios.toml	7406	7406	1	3	67ff0e347eae	STAY	inline-scoped		0				0
usr/share/mios/mios.toml	7407	7407	1	2	35e0478c2425	STAY	inline-scoped		0				0
usr/share/mios/mios.toml	7408	7408	1	3	18110f3b5768	STAY	inline-scoped		0				0
usr/share/mios/mios.toml	7409	7409	1	3	32659bc65e63	STAY	inline-scoped		0				0
usr/share/mios/mios.toml	7410	7410	1	3	5131e6672cee	STAY	inline-scoped		0				0
usr/share/mios/mios.toml	7411	7411	1	3	cd4c91bd2fc3	STAY	inline-scoped		0				0
usr/share/mios/mios.toml	7412	7412	1	4	ed71dbd6c844	STAY	inline-scoped		0				0
usr/share/mios/mios.toml	7413	7413	1	3	59141b7aa030	STAY	inline-scoped		0				0
usr/share/mios/mios.toml	7414	7414	1	3	39562f07782c	STAY	inline-scoped		0				0
usr/share/mios/mios.toml	7415	7415	1	3	9a148d4d711f	STAY	inline-scoped		0				0
usr/share/mios/mios.toml	7422	7422	1	8	3c9ae0fddcf6	STAY	inline-scoped		0				0
usr/share/mios/mios.toml	7423	7423	1	7	9d7d3206058d	STAY	inline-scoped		0				0
usr/share/mios/mios.toml	7428	7428	1	6	d449ed50ffc7	STAY	inline-scoped		0				0
usr/share/mios/mios.toml	7429	7429	1	6	aedd51e163ab	STAY	inline-scoped		0				0
usr/share/mios/mios.toml	7431	7431	1	4	70e723015d67	STAY	inline-scoped		0				0
usr/share/mios/mios.toml	7433	7436	4	13	1dddecb5c9ad	STAY	midsize-why		0				0
usr/share/mios/mios.toml	7438	7438	1	3	6bde22599dcf	STAY	inline-scoped		0				0
usr/share/mios/mios.toml	7439	7439	1	10	8347ef6f08ac	STAY	inline-scoped		0				0
usr/share/mios/mios.toml	7440	7440	1	2	a6ee8d9d215b	STAY	inline-scoped		0				0
usr/share/mios/mios.toml	7441	7444	4	49	b695656f22eb	STAY	midsize-why		0				0
usr/share/mios/mios.toml	7448	7448	1	5	5b7c6e2b32a8	DROP	banner		0				0
usr/share/mios/mios.toml	7451	7455	5	26	65034813bdfa	STAY	midsize-why		0				0
usr/share/mios/mios.toml	7459	7459	1	5	12170cf6d784	STAY	inline-scoped		0				0
usr/share/mios/mios.toml	7465	7465	1	5	f9cd7c4147a3	STAY	inline-scoped		0				0
usr/share/mios/mios.toml	7466	7466	1	6	4950de241c24	STAY	inline-scoped		0				0
usr/share/mios/mios.toml	7467	7467	1	7	f45345f21b03	STAY	inline-scoped		0				0
usr/share/mios/mios.toml	7470	7470	1	5	f7f5a4556f8c	STAY	inline-scoped		0				0
usr/share/mios/mios.toml	7487	7488	2	14	47650126b48d	STAY	local-scoped		0				0
usr/share/mios/mios.toml	7503	7503	1	8	1b6ee5c25971	STAY	inline-scoped		0				0
usr/share/mios/mios.toml	7504	7504	1	6	34b93b8c990c	STAY	inline-scoped		0				0
usr/share/mios/mios.toml	7505	7505	1	8	5e2bf384667d	STAY	inline-scoped		0				0
usr/share/mios/mios.toml	7506	7506	1	6	62022e333de4	STAY	inline-scoped		0				0
usr/share/mios/mios.toml	7507	7507	1	9	a2bd5de3798f	STAY	inline-scoped		0				0
usr/share/mios/mios.toml	7508	7508	1	6	1b2d611391f0	STAY	local-scoped		0				0
usr/share/mios/mios.toml	7511	7511	1	7	b67138746fd1	STAY	inline-scoped		0				0
usr/share/mios/mios.toml	7512	7512	1	4	57f01481b1a3	STAY	inline-scoped		0				0
usr/share/mios/mios.toml	7513	7513	1	4	1a176f2f0060	STAY	inline-scoped		0				0
usr/share/mios/mios.toml	7514	7514	1	7	fdf0f024ed3e	STAY	inline-scoped		0				0
usr/share/mios/mios.toml	7515	7515	1	3	f759ef884fbd	DROP	banner		0				0
usr/share/mios/mios.toml	7516	7516	1	3	b9a956d449c4	STAY	inline-scoped		0				0
usr/share/mios/mios.toml	7517	7517	1	3	001d23352f70	STAY	inline-scoped		0				0
usr/share/mios/mios.toml	7518	7518	1	2	6a7756a79b4b	STAY	inline-scoped		0				0
usr/share/mios/mios.toml	7519	7519	1	10	fff25ae27624	STAY	inline-scoped		0				0
usr/share/mios/mios.toml	7520	7523	4	37	8e1f5baab9f6	STAY	midsize-why		0				0
usr/share/mios/mios.toml	7526	7527	2	15	9e16ee22e358	STAY	local-scoped		0				0
usr/share/mios/mios.toml	7529	7529	1	2	b7da61229bc6	STAY	inline-scoped		0				0
usr/share/mios/mios.toml	7530	7530	1	3	eb22f85bf331	STAY	inline-scoped		0				0
usr/share/mios/mios.toml	7531	7531	1	5	ad7ce5636c8a	STAY	inline-scoped		0				0
usr/share/mios/mios.toml	7534	7535	2	22	2705b39f0f38	STAY	local-scoped		0				0
usr/share/mios/mios.toml	7545	7545	1	9	ce6ba6061306	STAY	inline-scoped		0				0
usr/share/mios/mios.toml	7547	7547	1	3	56e7c268b1dd	STAY	inline-scoped		0				0
usr/share/mios/mios.toml	7548	7548	1	7	96a751e8849a	STAY	inline-scoped		0				0
usr/share/mios/mios.toml	7549	7549	1	8	5e8ca9a89c28	STAY	inline-scoped		0				0
usr/share/mios/mios.toml	7557	7557	1	5	5fffac93c4a1	STAY	inline-scoped		0				0
usr/share/mios/mios.toml	7564	7564	1	5	6e0602e53f4f	STAY	inline-scoped		0				0
usr/share/mios/mios.toml	7565	7565	1	3	02dfef7d48c4	STAY	inline-scoped		0				0
usr/share/mios/mios.toml	7566	7566	1	6	c7b2848bdd71	STAY	inline-scoped		0				0
usr/share/mios/mios.toml	7567	7567	1	4	36dbc1db3026	STAY	inline-scoped		0				0
usr/share/mios/mios.toml	7568	7568	1	29	76c860dd6f12	STAY	inline-scoped		0				0
usr/share/mios/mios.toml	7569	7569	1	6	811eeaad16e2	STAY	inline-scoped		0				0
usr/share/mios/mios.toml	7570	7570	1	6	008ab4429c06	STAY	inline-scoped		0				0
usr/share/mios/mios.toml	7571	7571	1	6	1e045d723654	STAY	inline-scoped		0				0
usr/share/mios/mios.toml	7572	7572	1	41	ed69183cd67e	STAY	inline-scoped		0				0
usr/share/mios/mios.toml	7579	7579	1	29	b34544d1b2bd	STAY	inline-scoped		0				0
usr/share/mios/mios.toml	7580	7583	4	38	4bfa4c7f1898	STAY	midsize-why		0				0
usr/share/mios/mios.toml	7590	7590	1	5	6b3730f6b200	STAY	inline-scoped		0				0
usr/share/mios/mios.toml	7591	7591	1	6	d1f26b45721b	STAY	inline-scoped		0				0
usr/share/mios/mios.toml	7592	7592	1	9	805c539c7ff3	STAY	inline-scoped		0				0
usr/share/mios/mios.toml	7594	7595	2	19	09a0bdb144f1	STAY	local-scoped		0				0
usr/share/mios/mios.toml	7602	7602	1	4	052eac06e248	STAY	inline-scoped		0				0
usr/share/mios/mios.toml	7603	7603	1	6	e273ca6b4d36	STAY	inline-scoped		0				0
usr/share/mios/mios.toml	7604	7604	1	7	af43d93f14b9	STAY	inline-scoped		0				0
usr/share/mios/mios.toml	7605	7605	1	7	e1a412e78ed0	STAY	inline-scoped		0				0
usr/share/mios/mios.toml	7606	7608	3	28	96ffaea65248	STAY	midsize-why		0				0
usr/share/mios/mios.toml	7615	7615	1	7	7532092d8656	STAY	local-scoped		0				0
usr/share/mios/mios.toml	7616	7616	1	7	10aee34e4398	STAY	inline-scoped		0				0
usr/share/mios/mios.toml	7617	7617	1	7	75d0ab5f2476	STAY	inline-scoped		0				0
usr/share/mios/mios.toml	7618	7618	1	8	38cd9618d65a	STAY	local-scoped		0				0
usr/share/mios/mios.toml	7619	7619	1	0	e3b0c44298fc	STAY	inline-scoped		0				0
usr/share/mios/mios.toml	7620	7620	1	0	e3b0c44298fc	STAY	inline-scoped		0				0
usr/share/mios/mios.toml	7622	7622	1	10	eb84237b39a8	STAY	local-scoped		0				0
usr/share/mios/mios.toml	7623	7623	1	3	27c7c97854d1	STAY	inline-scoped		0				0
usr/share/mios/mios.toml	7624	7624	1	3	bc8131159ffe	STAY	inline-scoped		0				0
usr/share/mios/mios.toml	7626	7626	1	8	b4fa604ef963	STAY	local-scoped		0				0
usr/share/mios/mios.toml	7627	7627	1	5	99cbf9dee0b5	STAY	inline-scoped		0				0
usr/share/mios/mios.toml	7628	7628	1	3	5760920bc1ff	STAY	inline-scoped		0				0
usr/share/mios/mios.toml	7630	7634	5	26	5266b7572cff	STAY	midsize-why		0				0
usr/share/mios/mios.toml	7648	7648	1	3	428696397398	STAY	inline-scoped		0				0
usr/share/mios/mios.toml	7649	7649	1	5	88c28dd48147	STAY	inline-scoped		0				0
usr/share/mios/mios.toml	7660	7664	5	59	53f06cc38ba0	STAY	midsize-why		0				0
usr/share/mios/mios.toml	7669	7670	2	22	c0f63578a32b	STAY	local-scoped		0				0
usr/share/mios/mios.toml	7673	7673	1	8	175d3e820775	STAY	local-scoped		0				0
usr/share/mios/mios.toml	7675	7675	1	2	22c13170b7af	STAY	inline-scoped		0				0
usr/share/mios/mios.toml	7676	7676	1	5	fde1ff70781c	STAY	inline-scoped		0				0
usr/share/mios/mios.toml	7677	7677	1	6	b25e420ab84d	STAY	inline-scoped		0				0
usr/share/mios/mios.toml	7678	7678	1	7	f54287366856	STAY	inline-scoped		0				0
usr/share/mios/mios.toml	7680	7680	1	6	74402c1a2d82	STAY	local-scoped		0				0
usr/share/mios/mios.toml	7688	7688	1	2	1ba55a306e79	STAY	local-scoped		0				0
usr/share/mios/mios.toml	7691	7691	1	3	c88e5795801a	STAY	inline-scoped		0				0
usr/share/mios/mios.toml	7692	7692	1	6	377fa76511e2	STAY	inline-scoped		0				0
usr/share/mios/mios.toml	7693	7693	1	4	4c1680d7275a	STAY	inline-scoped		0				0
usr/share/mios/mios.toml	7696	7696	1	5	92d376609090	STAY	inline-scoped		0				0
usr/share/mios/mios.toml	7697	7697	1	6	94ecf9ca0008	STAY	inline-scoped		0				0
usr/share/mios/mios.toml	7698	7698	1	6	3fa0a299a6c9	STAY	inline-scoped		0				0
usr/share/mios/mios.toml	7699	7699	1	4	fbc9648a9986	STAY	inline-scoped		0				0
usr/share/mios/mios.toml	7700	7700	1	3	733d92ec7ee6	STAY	inline-scoped		0				0
usr/share/mios/mios.toml	7702	7702	1	9	a186daf37991	STAY	local-scoped		0				0
usr/share/mios/mios.toml	7709	7709	1	5	d8104aeaf4c3	STAY	inline-scoped		0				0
usr/share/mios/mios.toml	7710	7710	1	7	6eb25f254f27	STAY	inline-scoped		0				0
usr/share/mios/mios.toml	7711	7711	1	5	6f9272fb72a1	STAY	inline-scoped		0				0
usr/share/mios/mios.toml	7712	7712	1	5	2564be8f40d9	STAY	inline-scoped		0				0
usr/share/mios/mios.toml	7713	7713	1	4	3cdad6b1b509	STAY	inline-scoped		0				0
usr/share/mios/mios.toml	7714	7714	1	3	49c00522b8b3	STAY	inline-scoped		0				0
usr/share/mios/mios.toml	7715	7715	1	6	4f9c99108c18	STAY	inline-scoped		0				0
usr/share/mios/mios.toml	7716	7716	1	5	918432289161	STAY	inline-scoped		0				0
usr/share/mios/mios.toml	7719	7719	1	3	1acd907d2dde	STAY	local-scoped		0				0
usr/share/mios/mios.toml	7726	7726	1	8	5e054892dc04	STAY	inline-scoped		0				0
usr/share/mios/mios.toml	7732	7732	1	10	775150302175	STAY	local-scoped		0				0
usr/share/mios/mios.toml	7739	7739	1	4	a3e93bb44ef0	STAY	local-scoped		0				0
usr/share/mios/mios.toml	7744	7744	1	7	d98bcd615287	STAY	local-scoped		0				0
usr/share/mios/mios.toml	7750	7750	1	13	a7a9848f51aa	STAY	inline-scoped		0				0
usr/share/mios/mios.toml	7754	7757	4	36	89993b9a79e9	STAY	midsize-why		0				0
usr/share/mios/mios.toml	7770	7774	5	18	294e50712bf7	STAY	midsize-why		0				0
usr/share/mios/mios.toml	7777	7777	1	4	3d96cd979fa4	STAY	inline-scoped		0				0
usr/share/mios/mios.toml	7778	7778	1	6	a5be09ccc4fb	STAY	inline-scoped		0				0
usr/share/mios/mios.toml	7785	7789	5	25	529555913bea	STAY	midsize-why		0				0
usr/share/mios/mios.toml	7799	7799	1	4	9b59d9dc33f8	STAY	inline-scoped		0				0
usr/share/mios/mios.toml	7800	7800	1	4	62766604966e	STAY	inline-scoped		0				0
usr/share/mios/mios.toml	7802	7802	1	4	2a98b9b04be5	STAY	inline-scoped		0				0
usr/share/mios/mios.toml	7803	7803	1	6	6c51f69175b7	STAY	inline-scoped		0				0
usr/share/mios/mios.toml	7805	7809	5	24	083ccaec3609	STAY	midsize-why		0				0
usr/share/mios/mios.toml	7811	7811	1	6	91bdd29ed157	STAY	inline-scoped		0				0
usr/share/mios/mios.toml	7812	7812	1	6	cc82b8f62f34	STAY	inline-scoped		0				0
usr/share/mios/mios.toml	7837	7837	1	6	2e582687704b	STAY	inline-scoped		0				0
usr/share/mios/mios.toml	7838	7838	1	26	c20ef75cf9d5	STAY	inline-scoped		0				0
usr/share/mios/mios.toml	7839	7839	1	19	fcaa9616eaf5	STAY	inline-scoped		0				0
usr/share/mios/mios.toml	7840	7843	4	34	9ff2c7c9d0be	STAY	midsize-why		0				0
usr/share/mios/mios.toml	7844	7844	1	7	2887f059416d	STAY	inline-scoped		0				0
usr/share/mios/mios.toml	7845	7845	1	5	0cfe772bf2c8	STAY	inline-scoped		0				0
usr/share/mios/mios.toml	7846	7846	1	8	523777665335	STAY	inline-scoped		0				0
usr/share/mios/mios.toml	7847	7847	1	8	e681893e9e1b	STAY	inline-scoped		0				0
usr/share/mios/mios.toml	7849	7849	1	2	1ec08d72e227	STAY	local-scoped		0				0
usr/share/mios/mios.toml	7853	7853	1	8	3f116157a580	STAY	inline-scoped		0				0
usr/share/mios/mios.toml	7855	7855	1	2	7ac718bfc8d2	STAY	local-scoped		0				0
usr/share/mios/mios.toml	7862	7862	1	11	c19dd8470d4b	STAY	inline-scoped		0				0
usr/share/mios/mios.toml	7864	7864	1	3	968ff17510a2	STAY	inline-scoped		0				0
usr/share/mios/mios.toml	7866	7866	1	5	2c6cc3823477	STAY	inline-scoped		0				0
usr/share/mios/mios.toml	7867	7867	1	9	5e9d8441ae21	STAY	inline-scoped		0				0
usr/share/mios/mios.toml	7869	7869	1	9	2d9435af0f08	STAY	inline-scoped		0				0
usr/share/mios/mios.toml	7871	7871	1	4	92b474609f0f	STAY	local-scoped		0				0
usr/share/mios/mios.toml	7873	7873	1	3	07ffc9e1a76e	STAY	inline-scoped		0				0
usr/share/mios/mios.toml	7875	7875	1	5	0d70296ca460	STAY	inline-scoped		0				0
usr/share/mios/mios.toml	7897	7899	3	37	2d4927b95f42	STAY	midsize-why		0				0
usr/share/mios/mios.toml	7923	7923	1	9	ecbfaf9ca258	STAY	inline-scoped		0				0
usr/share/mios/mios.toml	7935	7935	1	8	9c771a66952f	STAY	inline-scoped		0				0
usr/share/mios/mios.toml	7951	7951	1	13	d70c708d987a	STAY	inline-scoped		0				0
usr/share/mios/mios.toml	7997	7997	1	6	a350e0f6f145	STAY	inline-scoped		0				0
usr/share/mios/mios.toml	7998	8000	3	34	1b1c9f25b180	STAY	midsize-why		0				0
usr/share/mios/mios.toml	8094	8094	1	6	a350e0f6f145	STAY	inline-scoped		0				0
usr/share/mios/mios.toml	8095	8098	4	35	aa4454b84ff7	STAY	midsize-why		0				0
usr/share/mios/mios.toml	8150	8153	4	16	725f5ebbf9bf	STAY	midsize-why		0				0
usr/share/mios/mios.toml	8155	8155	1	7	410f35ce829e	STAY	inline-scoped		0				0
usr/share/mios/mios.toml	8157	8157	1	7	b15d5cd2ee59	STAY	inline-scoped		0				0
usr/share/mios/mios.toml	8159	8159	1	4	baedcf1ea2ab	STAY	inline-scoped		0				0
usr/share/mios/mios.toml	8161	8161	1	2	c9c5cedb5d4e	STAY	local-scoped		0				0
usr/share/mios/mios.toml	8166	8166	1	2	3f63396db120	STAY	local-scoped		0				0
usr/share/mios/mios.toml	8170	8170	1	9	c3270536f91a	STAY	local-scoped		0				0
usr/share/mios/mios.toml	8176	8176	1	8	adcca4ba4280	STAY	local-scoped		0				0
usr/share/mios/mios.toml	8177	8177	1	4	60e229a24f21	STAY	inline-scoped		0				0
usr/share/mios/mios.toml	8179	8179	1	1	70d5830a59e4	DROP	banner		0				0
usr/share/mios/mios.toml	8184	8184	1	1	6bf0e5f7554f	DROP	banner		0				0
usr/share/mios/mios.toml	8186	8186	1	7	3726004c279a	STAY	inline-scoped		0				0
usr/share/mios/mios.toml	8189	8193	5	25	32f6ace6c22f	STAY	midsize-why		0				0
usr/share/mios/mios.toml	8196	8196	1	6	3da57baa77fa	STAY	inline-scoped		0				0
usr/share/mios/mios.toml	8197	8197	1	6	283908c6f477	STAY	inline-scoped		0				0
usr/share/mios/mios.toml	8198	8198	1	3	f4ffbeb16f84	STAY	inline-scoped		0				0
usr/share/mios/mios.toml	8199	8199	1	7	dae559630bc4	STAY	inline-scoped		0				0
usr/share/mios/mios.toml	8202	8202	1	6	2356c8ec0b51	STAY	inline-scoped		0				0
usr/share/mios/mios.toml	8204	8204	1	4	3a4dff08a2c8	STAY	inline-scoped		0				0
usr/share/mios/mios.toml	8205	8205	1	7	e5f276172953	STAY	inline-scoped		0				0
usr/share/mios/mios.toml	8206	8206	1	6	57068c8218a7	STAY	inline-scoped		0				0
usr/share/mios/mios.toml	8207	8207	1	3	92356a831774	DROP	commented-out-code		0				0
usr/share/mios/mios.toml	8210	8210	1	4	4eedaf73f41c	STAY	inline-scoped		0				0
usr/share/mios/mios.toml	8211	8211	1	4	60e229a24f21	STAY	inline-scoped		0				0
usr/share/mios/mios.toml	8212	8212	1	8	d80599cddae3	STAY	inline-scoped		0				0
usr/share/mios/mios.toml	8214	8214	1	6	ebe89ae45a84	STAY	inline-scoped		0				0
usr/share/mios/mios.toml	8215	8215	1	4	1fc6e7162ee0	STAY	inline-scoped		0				0
usr/share/mios/mios.toml	8218	8218	1	6	e76249b8f2a6	STAY	inline-scoped		0				0
usr/share/mios/mios.toml	8220	8220	1	7	26665c94992b	STAY	inline-scoped		0				0
usr/share/mios/mios.toml	8222	8222	1	5	00069e88cd8a	STAY	inline-scoped		0				0
usr/share/mios/mios.toml	8223	8225	3	5	a37b4e250eeb	STAY	midsize-why		0				0
usr/share/mios/mios.toml	8232	8234	3	5	ee1e3931cfe9	STAY	midsize-why		0				0
usr/share/mios/mios.toml	8379	8383	5	57	73473deee11b	STAY	midsize-why		0				0
usr/share/mios/mios.toml	8389	8391	3	39	57dfd50140c1	STAY	midsize-why		0				0
usr/share/mios/mios.toml	8867	8871	5	50	f141d6e538e5	STAY	midsize-why		0				0
usr/share/mios/mios.toml	9134	9136	3	32	301fd2f9a4d1	STAY	midsize-why		0				0
usr/share/mios/mios.toml	9138	9140	3	27	772483d0904a	STAY	midsize-why		0				0
usr/share/mios/mios.toml	9169	9172	4	36	43b4098cf3fd	STAY	midsize-why		0				0
usr/share/mios/mios.toml	9179	9179	1	1	c4188e0fefef	DROP	banner		0				0
usr/share/mios/mios.toml	9190	9190	1	1	f31cc8838991	DROP	banner		0				0
usr/share/mios/mios.toml	9201	9201	1	1	d6483046b900	DROP	banner		0				0
usr/share/mios/mios.toml	9209	9212	4	49	75d65cf907ee	STAY	midsize-why		0				0
usr/share/mios/mios.toml	9215	9216	2	20	859cc383f59b	STAY	local-scoped		0				0
usr/share/mios/mios.toml	9219	9220	2	25	3c3fbdf5f43c	STAY	local-scoped		0				0
usr/share/mios/mios.toml	9223	9223	1	12	f5a8c4701cdf	STAY	local-scoped		0				0
usr/share/mios/mios.toml	9226	9227	2	19	1aa57482b9d1	STAY	local-scoped		0				0
usr/share/mios/mios.toml	9229	9229	1	10	516c670dd9c2	STAY	inline-scoped		0				0
usr/share/mios/mios.toml	9230	9230	1	2	4e58f3894795	STAY	inline-scoped		0				0
usr/share/mios/mios.toml	9231	9231	1	6	adbfb46d6e44	STAY	inline-scoped		0				0
usr/share/mios/mios.toml	9232	9232	1	5	f99aeb796068	STAY	inline-scoped		0				0
usr/share/mios/mios.toml	9233	9233	1	2	eb26467768ea	STAY	inline-scoped		0				0
usr/share/mios/mios.toml	9234	9234	1	2	eb26467768ea	STAY	inline-scoped		0				0
usr/share/mios/mios.toml	9237	9237	1	4	59b65a73b765	STAY	local-scoped		0				0
usr/share/mios/mios.toml	9240	9240	1	9	f8a2f961886d	STAY	local-scoped		0				0
usr/share/mios/mios.toml	9243	9243	1	13	40c70ddc6c5d	STAY	local-scoped		0				0
usr/share/mios/mios.toml	9247	9247	1	10	055e9b945ea0	STAY	local-scoped		0				0
usr/share/mios/mios.toml	9253	9253	1	10	486bfc1e60e4	STAY	local-scoped		0				0
usr/share/mios/mios.toml	9257	9257	1	5	922bb3826c40	STAY	inline-scoped		0				0
usr/share/mios/mios.toml	9260	9260	1	7	0502cd0d0f1e	STAY	local-scoped		0				0
usr/share/mios/mios.toml	9261	9261	1	6	6f343af336c7	STAY	inline-scoped		0				0
usr/share/mios/mios.toml	9268	9268	1	7	f630562d2960	STAY	inline-scoped		0				0
usr/share/mios/mios.toml	9271	9272	2	18	1e47bd095728	STAY	local-scoped		0				0
usr/share/mios/mios.toml	9274	9276	3	29	46f29ed120aa	MIGRATE	midsize-narrative		0				0
usr/share/mios/mios.toml	9281	9282	2	24	1b99ceda1114	STAY	local-scoped		0				0
usr/share/mios/mios.toml	9284	9284	1	13	2fb220290607	STAY	local-scoped		0				0
usr/share/mios/mios.toml	9291	9292	2	23	66fdde0d9815	STAY	local-scoped		0				0
usr/share/mios/mios.toml	9294	9295	2	14	fd64f4af0878	STAY	local-scoped		0				0
usr/share/mios/mios.toml	9300	9301	2	15	50f735bec89c	STAY	local-scoped		0				0
usr/share/mios/mios.toml	9303	9304	2	23	fceeb177c3e7	STAY	local-scoped		0				0
usr/share/mios/mios.toml	9306	9306	1	12	f700038c6fdc	STAY	local-scoped		0				0
usr/share/mios/mios.toml	9308	9308	1	5	b6b6b034c07f	STAY	inline-scoped		0				0
usr/share/mios/mios.toml	9309	9309	1	8	114d90488546	STAY	inline-scoped		0				0
usr/share/mios/mios.toml	9311	9312	2	23	13c7bf4993f5	STAY	local-scoped		0				0
usr/share/mios/mios.toml	9314	9314	1	10	c2f78d2411f0	STAY	local-scoped		0				0
usr/share/mios/mios.toml	9318	9319	2	22	ddf6441a2e62	STAY	local-scoped		0				0
usr/share/mios/mios.toml	9321	9322	2	29	95cb5652b5dc	STAY	midsize-why		0				0
usr/share/mios/mios.toml	9328	9329	2	17	4d64eb61deff	STAY	local-scoped		0				0
usr/share/mios/mios.toml	9331	9332	2	24	3370e04b601b	STAY	local-scoped		0				0
usr/share/mios/mios.toml	9334	9335	2	18	c6d48f6f7dcb	STAY	local-scoped		0				0
usr/share/mios/mios.toml	9386	9387	2	25	fd3699f901bc	STAY	local-scoped		0				0
usr/share/mios/mios.toml	9395	9398	4	38	e89ad13e311d	STAY	midsize-why		0				0
usr/share/mios/mios.toml	9402	9405	4	39	6b1ac4df436e	STAY	midsize-why		0				0
usr/share/mios/mios.toml	9411	9411	1	9	768a0a75ae28	STAY	local-scoped		0				0
usr/share/mios/mios.toml	9415	9415	1	11	6b2f5ab94be2	STAY	local-scoped		0				0
usr/share/mios/mios.toml	9431	9431	1	7	85662d1f384e	STAY	inline-scoped		0				0
usr/share/mios/mios.toml	9437	9437	1	10	24cab70b0bae	STAY	local-scoped		0				0
usr/share/mios/mios.toml	9448	9448	1	14	736471114a14	STAY	local-scoped		0				0
usr/share/mios/mios.toml	9461	9461	1	10	5613b61de74e	STAY	local-scoped		0				0
usr/share/mios/mios.toml	9468	9468	1	12	d5c050c42bfc	STAY	local-scoped		0				0
usr/share/mios/mios.toml	9471	9471	1	12	072e656b273d	STAY	local-scoped		0				0
usr/share/mios/mios.toml	9474	9474	1	14	02d024277b3e	STAY	local-scoped		0				0
usr/share/mios/mios.toml	9483	9484	2	18	59a91a6eaf15	STAY	local-scoped		0				0
usr/share/mios/mios.toml	9488	9489	2	21	2771011b5ea8	STAY	local-scoped		0				0
usr/share/mios/mios.toml	9531	9532	2	19	44cceb90ba19	STAY	local-scoped		0				0
usr/share/mios/mios.toml	9541	9542	2	18	63bbef893835	STAY	local-scoped		0				0
usr/share/mios/mios.toml	9547	9550	4	39	401d87e23948	STAY	midsize-why		0				0
usr/share/mios/mios.toml	9641	9643	3	5	ccc99bfa1f5b	STAY	midsize-why		0				0
usr/share/mios/mios.toml	9648	9648	1	5	fe1ecdd3ae27	DROP	banner		0				0
usr/share/mios/mios.toml	9816	9816	1	7	721b071563ca	DROP	banner		0				0
usr/share/mios/mios.toml	9827	9827	1	2	f550fadd6fee	DROP	banner		0				0
usr/share/mios/mios.toml	9948	9948	1	5	e098ce08662d	DROP	banner		0				0
usr/share/mios/mios.toml	9949	9949	1	9	a2d1242f3a44	STAY	inline-scoped		0				0
usr/share/mios/mios.toml	9950	9950	1	7	bec164583be0	STAY	inline-scoped		0				0
usr/share/mios/mios.toml	9951	9951	1	8	34a71181ca1f	STAY	inline-scoped		0				0
usr/share/mios/mios.toml	9952	9952	1	6	35909843ba59	STAY	inline-scoped		0				0
usr/share/mios/mios.toml	9953	9953	1	8	8ec36454bb69	STAY	inline-scoped		0				0
usr/share/mios/mios.toml	9954	9954	1	9	f40a97fa671a	STAY	inline-scoped		0				0
usr/share/mios/mios.toml	9972	9974	3	30	5ae03e43b5e2	STAY	midsize-why		0				0
usr/share/mios/mios.toml	9976	9978	3	30	cfce57f06561	STAY	midsize-why		0				0
usr/share/mios/mios.toml	10035	10035	1	0	d9b307f6a47b	DROP	banner		0				0
usr/share/mios/mios.toml	10043	10043	1	2	8e96de3c6b93	STAY	inline-scoped		0				0
usr/share/mios/mios.toml	10044	10044	1	2	8f80aeab263c	STAY	inline-scoped		0				0
usr/share/mios/mios.toml	10046	10046	1	9	7245126148b4	STAY	inline-scoped		0				0
usr/share/mios/mios.toml	10047	10047	1	5	8d5ba50e02c3	DROP	banner		0				0
usr/share/mios/mios.toml	10050	10050	1	7	79556552dd17	STAY	inline-scoped		0				0
usr/share/mios/mios.toml	10051	10051	1	2	3e41b8e3cd38	STAY	inline-scoped		0				0
usr/share/mios/mios.toml	10159	10159	1	8	723bdfa5e434	STAY	inline-scoped		0				0
usr/share/mios/mios.toml	10161	10163	3	7	19b78d1b075f	STAY	midsize-why		0				0
usr/share/mios/mios.toml	10183	10183	1	10	208a49bba6cd	STAY	local-scoped		0				0
usr/share/mios/mios.toml	10188	10188	1	9	eaf69da6c2b6	STAY	inline-scoped		0				0
usr/share/mios/mios.toml	10190	10190	1	10	23bcf50691f1	STAY	inline-scoped		0				0
usr/share/mios/mios.toml	10191	10191	1	6	fc791b0096b5	STAY	inline-scoped		0				0
usr/share/mios/mios.toml	10193	10193	1	11	5b0111999e12	STAY	local-scoped		0				0
usr/share/mios/mios.toml	10195	10195	1	12	9d56de9399ac	STAY	local-scoped		0				0
usr/share/mios/mios.toml	10200	10200	1	9	9c9505d69aa8	STAY	local-scoped		0				0
usr/share/mios/mios.toml	10210	10210	1	11	89cd6abac0e5	STAY	local-scoped		0				0
usr/share/mios/mios.toml	10226	10226	1	11	9ae4de93d86d	STAY	local-scoped		0				0
usr/share/mios/mios.toml	10299	10300	2	11	3add0d85cdbf	STAY	local-scoped		0				0
usr/share/mios/mios.toml	10301	10301	1	5	c9055ea9cfd2	STAY	inline-scoped		0				0
usr/share/mios/mios.toml	10302	10302	1	5	3c04ab304ffd	STAY	inline-scoped		0				0
usr/share/mios/mios.toml	10304	10306	3	32	e0781a377a51	STAY	midsize-why		0				0
usr/share/mios/mios.toml	10315	10316	2	24	4cca8e8cfb20	STAY	local-scoped		0				0
usr/share/mios/mios.toml	10323	10324	2	18	5c4d26bd0363	STAY	local-scoped		0				0
usr/share/mios/mios.toml	10373	10375	3	30	ce556a068a97	STAY	midsize-why		0				0
usr/share/mios/mios.toml	10378	10379	2	17	42cfc7177a29	STAY	local-scoped		0				0
usr/share/mios/mios.toml	10387	10391	5	49	1596c70907ce	STAY	midsize-why		0				0
usr/share/mios/mios.toml	10401	10405	5	56	89fac88edaa5	STAY	midsize-why		0				0
usr/share/mios/mios.toml	10414	10416	3	30	51a64ecb1612	STAY	midsize-why		0				0
usr/share/mios/mios.toml	10445	10445	1	10	ea394fbf7f69	STAY	inline-scoped		0				0
usr/share/mios/mios.toml	10446	10446	1	11	468e02ea2a88	STAY	inline-scoped		0				0
usr/share/mios/mios.toml	10447	10447	1	10	41c1d80a5728	STAY	inline-scoped		0				0
usr/share/mios/mios.toml	10448	10448	1	12	a11d3b223ded	STAY	inline-scoped		0				0
usr/share/mios/mios.toml	10449	10449	1	6	b4ea5cdb04fd	STAY	inline-scoped		0				0
usr/share/mios/mios.toml	10537	10537	1	7	54f4741f5988	STAY	local-scoped		0				0
usr/share/mios/mios.toml	10539	10539	1	11	836dab8c495e	STAY	local-scoped		0				0
usr/share/mios/mios.toml	10550	10550	1	8	3e0eb633acbb	STAY	local-scoped		0				0
usr/share/mios/mios.toml	10553	10553	1	6	6654f4a66b0e	STAY	local-scoped		0				0
usr/share/mios/mios.toml	10560	10560	1	11	8acd6def8f44	STAY	local-scoped		0				0
usr/share/mios/mios.toml	10564	10564	1	6	edff39961317	STAY	inline-scoped		0				0
usr/share/mios/mios.toml	10565	10565	1	5	ac5d34cfc1a6	STAY	inline-scoped		0				0
usr/share/mios/mios.toml	10569	10569	1	3	3fbe0e4cbc43	DROP	banner		0				0
usr/share/mios/openwebui/tools/mios_computer_use.py	1	2	2	22	4d96863010b3	STAY	ai-header		0				0
usr/share/mios/openwebui/tools/mios_computer_use.py	3	42	39	219	9cde6af7c1f5	MIGRATE	narrative-history		0				0
usr/share/mios/openwebui/tools/mios_computer_use.py	63	64	2	19	4ba014eb5e64	STAY	local-scoped		0				0
usr/share/mios/openwebui/tools/mios_computer_use.py	114	115	2	23	3dc8bf27286d	STAY	local-scoped		0				0
usr/share/mios/openwebui/tools/mios_computer_use.py	165	172	8	48	e9d3dc92b109	MIGRATE	narrative-rationale		0				0
usr/share/mios/openwebui/tools/mios_computer_use.py	185	193	9	56	9116ea149f9b	MIGRATE	narrative-rationale		0				0
usr/share/mios/openwebui/tools/mios_computer_use.py	201	208	8	42	1ca2bcdb0f17	MIGRATE	narrative-rationale		0				0
usr/share/mios/openwebui/tools/mios_computer_use.py	216	220	5	27	b92ca200113e	STAY	midsize-why		0				0
usr/share/mios/openwebui/tools/mios_computer_use.py	234	241	8	47	512d9df90b58	MIGRATE	narrative-rationale		0				0
usr/share/mios/openwebui/tools/mios_computer_use.py	251	256	6	36	90b462569757	MIGRATE	narrative-rationale		0				0
usr/share/mios/openwebui/tools/mios_computer_use.py	266	270	5	30	77e77a65c970	STAY	midsize-why		0				0
usr/share/mios/openwebui/tools/mios_computer_use.py	280	284	5	30	b754aa2d3d7e	STAY	midsize-why		0				0
usr/share/mios/openwebui/tools/mios_computer_use.py	300	314	15	118	d768f6ac6470	MIGRATE	narrative-rationale		0				0
usr/share/mios/openwebui/tools/mios_computer_use.py	335	343	9	59	c6b5be3acfdb	MIGRATE	narrative-rationale		0				0
usr/share/mios/owui/pipes/mios_agent_pipe.py	1	2	2	22	920ffa4c1c7a	STAY	ai-header		0				0
usr/share/mios/owui/pipes/mios_agent_pipe.py	3	38	35	208	f12f1ad91aeb	READONLY	llm-payload		0				0
usr/share/mios/owui/pipes/mios_agent_pipe.py	102	102	1	6	14b7e168f3ff	STAY	inline-scoped		0				0
usr/share/mios/owui/pipes/mios_agent_pipe.py	104	108	5	49	e7230d8b8e32	STAY	midsize-why		0				0
usr/share/mios/owui/pipes/mios_agent_pipe.py	119	121	3	31	1439fe3f7b3a	READONLY	llm-payload		0				0
usr/share/mios/owui/pipes/mios_agent_pipe.py	154	164	11	75	e3bb951d90e6	READONLY	llm-payload		0				0
usr/share/mios/owui/pipes/mios_agent_pipe.py	177	179	3	29	68632d794c4a	READONLY	llm-payload		0				0
usr/share/mios/owui/pipes/mios_agent_pipe.py	191	191	1	13	cb3238e3595e	READONLY	llm-payload		0				0
usr/share/mios/owui/pipes/mios_agent_pipe.py	310	320	11	108	fe2b1a3f6d13	READONLY	llm-payload		0				0
usr/share/mios/owui/pipes/mios_agent_pipe.py	364	368	5	54	53521bb08427	READONLY	llm-payload		0				0
usr/share/mios/owui/pipes/mios_agent_pipe.py	421	435	15	126	755ff9bb7192	READONLY	llm-payload		0				0
usr/share/mios/owui/pipes/mios_agent_pipe.py	464	464	1	7	044afeed4333	STAY	inline-scoped		0				0
usr/share/mios/owui/pipes/mios_agent_pipe.py	492	508	17	120	3eda8a310b58	READONLY	llm-payload		0				0
usr/share/mios/owui/pipes/mios_agent_pipe.py	519	522	4	34	6c7d620157c5	READONLY	llm-payload		0				0
usr/share/mios/owui/pipes/mios_agent_pipe.py	581	597	17	108	194346ed681b	READONLY	llm-payload		0				0
usr/share/mios/owui/pipes/mios_agent_pipe.py	907	916	10	68	c1321e2d4292	READONLY	llm-payload		0				0
usr/share/mios/owui/pipes/mios_agent_pipe.py	952	957	6	48	4a90fe3f45ba	READONLY	llm-payload		0				0
usr/share/mios/owui/pipes/mios_agent_pipe.py	1103	1104	2	19	3cb8169766c7	READONLY	llm-payload		0				0
usr/share/mios/owui/pipes/mios_agent_pipe.py	1164	1167	4	34	c9347ad22388	READONLY	llm-payload		0				0
usr/share/mios/owui/pipes/mios_agent_pipe.py	1351	1363	13	95	cb7bec6fb9f0	READONLY	llm-payload		0				0
usr/share/mios/owui/pipes/mios_agent_pipe.py	1383	1386	4	29	b1858e8cec7d	READONLY	llm-payload		0				0
usr/share/mios/owui/pipes/mios_agent_pipe.py	1526	1528	3	20	da18268fac36	READONLY	llm-payload		0				0
usr/share/mios/owui/pipes/mios_agent_pipe.py	1600	1606	7	49	eb21929f2706	READONLY	llm-payload		0				0
usr/share/mios/owui/pipes/mios_agent_pipe.py	1672	1674	3	28	d9eb70f41853	READONLY	llm-payload		0				0
usr/share/mios/owui/pipes/mios_agent_pipe.py	1684	1689	6	45	8dd9da5add2e	READONLY	llm-payload		0				0
usr/share/mios/owui/pipes/mios_agent_pipe.py	1700	1703	4	34	346984180297	READONLY	llm-payload		0				0
usr/share/mios/owui/pipes/mios_agent_pipe.py	1719	1719	1	4	2261d43aae00	STAY	inline-scoped		0				0
usr/share/mios/owui/pipes/mios_agent_pipe.py	1725	1725	1	1	34d87f87a274	STAY	inline-scoped		0				0
usr/share/mios/owui/pipes/mios_agent_pipe.py	1762	1776	15	102	d179e6538be9	READONLY	llm-payload		0				0
usr/share/mios/owui/pipes/mios_agent_pipe.py	1796	1796	1	5	daff32b80bc2	STAY	inline-scoped		0				0
usr/share/mios/owui/pipes/mios_agent_pipe.py	1824	1826	3	27	5a0efb7f9fe4	READONLY	llm-payload		0				0
usr/share/mios/owui/pipes/mios_agent_pipe.py	1852	1858	7	78	711730824c73	READONLY	llm-payload		0				0
usr/share/mios/owui/pipes/mios_agent_pipe.py	1873	1875	3	25	1024ddc58eb6	READONLY	llm-payload		0				0
usr/share/mios/owui/pipes/mios_agent_pipe.py	1912	1912	1	3	5807c14ba9e2	STAY	inline-scoped		0				0
usr/share/mios/owui/pipes/mios_agent_pipe.py	1990	1990	1	8	bac3e2a0b88c	STAY	inline-scoped		0				0
usr/share/mios/owui/pipes/mios_agent_pipe.py	2004	2004	1	7	fc85b8e6b99f	STAY	inline-scoped		0				0
usr/share/mios/owui/pipes/mios_agent_pipe.py	2049	2049	1	8	699cf8487450	STAY	inline-scoped		0				0
usr/share/mios/owui/pipes/mios_agent_pipe.py	2134	2134	1	10	9c97eaf24d69	READONLY	llm-payload		0				0
usr/share/mios/owui/pipes/mios_antimeta_filter.py	1	2	2	24	7b901a324bd7	STAY	ai-header		0				0
usr/share/mios/owui/pipes/mios_antimeta_filter.py	3	30	27	169	9750b16bb997	READONLY	llm-payload		0				0
usr/share/mios/owui/pipes/mios_antimeta_filter.py	91	91	1	5	9c1a0bf5b3b8	STAY	inline-scoped		0				0
usr/share/mios/owui/pipes/mios_antimeta_filter.py	120	123	4	27	a71e92e3accb	READONLY	llm-payload		0				0
usr/share/mios/owui/pipes/mios_antimeta_filter.py	153	156	4	40	e753682d44ee	READONLY	llm-payload		0				0
usr/share/mios/owui/pipes/mios_antimeta_filter.py	170	172	3	21	f6ccc03a912e	READONLY	llm-payload		0				0
usr/share/mios/owui/pipes/mios_sidecar_filter.py	1	2	2	21	561abf5df546	STAY	ai-header		0				0
usr/share/mios/owui/pipes/mios_sidecar_filter.py	3	36	33	186	ecc5caa41cdc	READONLY	llm-payload		0				0
usr/share/mios/owui/pipes/mios_sidecar_filter.py	159	159	1	4	50d52619b3f0	STAY	inline-scoped		0				0
usr/share/mios/owui/pipes/mios_swarm_council_filter.py	1	2	2	24	b59bd7316096	STAY	ai-header		0				0
usr/share/mios/owui/pipes/mios_swarm_council_filter.py	3	18	15	93	3168a5f3153f	READONLY	llm-payload		0				0
usr/share/mios/owui/pipes/mios_swarm_delegate_filter.py	1	2	2	22	88a678409996	STAY	ai-header		0				0
usr/share/mios/owui/pipes/mios_swarm_delegate_filter.py	3	19	16	105	6ccb9a5e1c00	READONLY	llm-payload		0				0
usr/share/mios/owui/pipes/mios_swarm_forcetool_filter.py	1	2	2	23	a263f324daf1	STAY	ai-header		0				0
usr/share/mios/owui/pipes/mios_swarm_forcetool_filter.py	3	18	15	98	b3087cef29b2	READONLY	llm-payload		0				0
usr/share/mios/owui/tool-hints.yaml	5	5	1	2	1caf091fb472	STAY	local-scoped		0				0
usr/share/mios/owui/tool-hints.yaml	26	26	1	2	a7183db73bf9	STAY	local-scoped		0				0
usr/share/mios/owui/tool-hints.yaml	54	54	1	4	62ba2118ab0b	STAY	inline-scoped		0				0
usr/share/mios/owui/tool-hints.yaml	62	62	1	2	8c186f7bb764	STAY	local-scoped		0				0
usr/share/mios/owui/tool-hints.yaml	88	88	1	2	34a67154ae50	STAY	local-scoped		0				0
usr/share/mios/owui/tool-hints.yaml	99	99	1	2	2dfa93358fdc	STAY	local-scoped		0				0
usr/share/mios/owui/tool-hints.yaml	137	137	1	4	0c03bd3ee8c7	STAY	inline-scoped		0				0
usr/share/mios/owui/tool-hints.yaml	150	150	1	1	4fd793cc34b6	STAY	local-scoped		0				0
usr/share/mios/owui/tool-hints.yaml	161	164	4	31	fe8e0f7ae259	MIGRATE	midsize-narrative		0				0
usr/share/mios/owui/tool-hints.yaml	175	175	1	5	5f0c947db899	STAY	inline-scoped		0				0
usr/share/mios/owui/tools/mios_verbs.py	1	2	2	25	5c23771c28db	STAY	ai-header		0				0
usr/share/mios/owui/tools/mios_verbs.py	3	39	36	208	09c60be91837	READONLY	llm-payload		0				0
usr/share/mios/owui/tools/mios_verbs.py	69	70	2	17	8000636c192a	READONLY	llm-payload		0				0
usr/share/mios/owui/tools/mios_verbs.py	150	170	21	140	2e8e0ee13573	READONLY	llm-payload		0				0
usr/share/mios/owui/tools/mios_verbs.py	194	207	14	90	7292eee228f4	READONLY	llm-payload		0				0
usr/share/mios/owui/tools/mios_verbs.py	231	243	13	94	46567978d2d7	READONLY	llm-payload		0				0
usr/share/mios/owui/tools/mios_verbs.py	268	289	22	156	833a3559fa78	READONLY	llm-payload		0				0
usr/share/mios/owui/tools/mios_verbs.py	309	318	10	53	db2ba4cc8bb3	READONLY	llm-payload		0				0
usr/share/mios/owui/tools/mios_verbs.py	332	341	10	66	da8bbe1031d9	READONLY	llm-payload		0				0
usr/share/mios/owui/tools/mios_verbs.py	359	381	23	160	901282328dc5	READONLY	llm-payload		0				0
usr/share/mios/owui/tools/mios_verbs.py	407	428	22	139	df81014e0e2b	READONLY	llm-payload		0				0
usr/share/mios/owui/tools/mios_verbs.py	453	476	24	142	e4c608cf4b93	READONLY	llm-payload		0				0
usr/share/mios/owui/tools/mios_verbs.py	502	520	19	122	de1a787864c4	READONLY	llm-payload		0				0
usr/share/mios/owui/tools/mios_verbs.py	546	564	19	136	24d0c3e603d0	READONLY	llm-payload		0				0
usr/share/mios/owui/tools/mios_verbs.py	593	598	6	26	91e8129af813	READONLY	llm-payload		0				0
usr/share/mios/owui/tools/mios_verbs.py	616	625	10	52	6f7dca4aa721	READONLY	llm-payload		0				0
usr/share/mios/owui/tools/mios_verbs.py	646	657	12	70	3324d9a62ea1	READONLY	llm-payload		0				0
usr/share/mios/owui/tools/mios_verbs.py	674	681	8	40	e35b6f97cdbb	READONLY	llm-payload		0				0
usr/share/mios/owui/tools/mios_verbs.py	701	706	6	30	17490b125ac1	READONLY	llm-payload		0				0
usr/share/mios/owui/tools/mios_verbs.py	728	738	11	58	3bf039f7a139	READONLY	llm-payload		0				0
usr/share/mios/owui/tools/mios_verbs.py	753	755	3	16	6fcd85934afc	READONLY	llm-payload		0				0
usr/share/mios/owui/tools/mios_verbs.py	773	775	3	13	43542471b2fc	READONLY	llm-payload		0				0
usr/share/mios/owui/tools/mios_verbs.py	798	803	6	29	5040c65cda68	READONLY	llm-payload		0				0
usr/share/mios/owui/tools/mios_verbs.py	821	824	4	14	6797880e8017	READONLY	llm-payload		0				0
usr/share/mios/owui/tools/mios_verbs.py	838	841	4	14	8e2832f22fe3	READONLY	llm-payload		0				0
usr/share/mios/owui/tools/openui.py	1	2	2	24	614a7d8213be	STAY	ai-header		0				0
usr/share/mios/owui/tools/openui.py	3	8	5	24	9801648d6931	READONLY	llm-payload		0				0
usr/share/mios/owui/tools/openui.py	81	81	1	7	0998dcaf936e	STAY	inline-scoped		0				0
usr/share/mios/owui/tools/openui.py	93	95	3	26	bb286c7dd5d8	READONLY	llm-payload		0				0
usr/share/mios/owui/tools/openui.py	187	192	6	50	b08ce19fff88	READONLY	llm-payload		0				0
usr/share/mios/owui/tools/openui.py	206	301	96	615	57ee013f1b1a	READONLY	llm-payload		0				0
usr/share/mios/profile-headless.toml	1	2	2	22	cc6aaebf7899	STAY	ai-header		0				0
usr/share/mios/profile-headless.toml	28	28	1	8	e4efdb80edb9	STAY	inline-scoped		0				0
usr/share/mios/profile-headless.toml	38	40	3	10	9009ff271f16	STAY	midsize-why		0				0
usr/share/mios/profile-headless.toml	42	42	1	8	d599f5fcfe47	STAY	inline-scoped		0				0
usr/share/mios/profile-headless.toml	44	44	1	7	6265f81a628d	STAY	inline-scoped		0				0
usr/share/mios/profile-headless.toml	57	61	5	22	aaf3af0045fe	STAY	midsize-why		0				0
usr/share/mios/profile-headless.toml	63	63	1	7	d2b34ec6805f	STAY	inline-scoped		0				0
usr/share/mios/profile-headless.toml	64	64	1	1	49a25f9feefa	STAY	inline-scoped		0				0
usr/share/mios/profile-headless.toml	65	65	1	1	74a91990e340	STAY	inline-scoped		0				0
usr/share/mios/profile-headless.toml	66	66	1	8	90ce555fa40b	STAY	inline-scoped		0				0
usr/share/mios/profile-headless.toml	67	67	1	4	81d628aaf1dd	STAY	inline-scoped		0				0
usr/share/mios/profile-headless.toml	68	68	1	4	55cc11021435	STAY	inline-scoped		0				0
usr/share/mios/profile-headless.toml	69	69	1	6	03498ac21a63	STAY	inline-scoped		0				0
usr/share/mios/profile-headless.toml	70	70	1	5	e703bc79ab15	STAY	inline-scoped		0				0
usr/share/mios/profile.d/mios-xdg-cephfs.sh	1	2	2	19	0289690eac07	STAY	ai-header		0				0
usr/share/mios/profile.toml	1	2	2	25	5ef5274b986d	STAY	ai-header		0				0
usr/share/mios/profile.toml	32	33	2	25	6f3320e026a5	STAY	local-scoped		0				0
usr/share/mios/profile.toml	48	48	1	11	09a596f2bdf6	STAY	local-scoped		0				0
usr/share/mios/profile.toml	62	71	10	74	81a26ecb9a9f	MIGRATE	narrative-history		0				0
usr/share/mios/profile.toml	76	76	1	8	cd40c65bfe2e	STAY	inline-scoped		0				0
usr/share/mios/profile.toml	79	84	6	56	31fd4e869038	MIGRATE	narrative-history		0				0
usr/share/mios/searxng/settings.yml	1	2	2	24	2226cda9d61d	STAY	ai-header		0				0
usr/share/mios/searxng/settings.yml	17	17	1	8	714afe446735	STAY	local-scoped		0				0
usr/share/mios/searxng/settings.yml	44	44	1	7	43ba251698e6	STAY	inline-scoped		0				0
usr/share/mios/searxng/settings.yml	46	51	6	56	122772c0039a	MIGRATE	narrative-rationale		0				0
usr/share/mios/searxng/settings.yml	59	65	7	71	e51c91dcad30	MIGRATE	narrative-history		0				0
usr/share/mios/searxng/settings.yml	75	79	5	51	66915631cda1	STAY	midsize-why		0				0
usr/share/mios/searxng/settings.yml	86	86	1	7	f4a4a6a7bd28	STAY	local-scoped		0				0
usr/share/mios/searxng/settings.yml	92	94	3	32	7f62f27635b6	STAY	midsize-why		0				0
usr/share/mios/systemd/mios-xdg-userdir-init.service	1	2	2	19	49d8d92ff83d	STAY	ai-header		0				0
usr/share/mios/tests/test-a2a-loopback.sh	1	3	3	18	5ffc8a23bc48	STAY	ai-header		0				0
usr/share/mios/tests/test-role-apply.sh	1	3	3	16	3f6f7c278903	STAY	ai-header		0				0
usr/share/mios/vendored/k3s/k3s-install.sh	1	1	1	1	4db42d68c955	DROP	banner		0				0
usr/share/mios/vendored/k3s/k3s-install.sh	51	51	1	2	1d8ab8d6d35b	DROP	banner		0				0
usr/share/mios/vendored/k3s/k3s-install.sh	102	102	1	3	735227ba3228	DROP	banner		0				0
usr/share/mios/vendored/k3s/k3s-install.sh	299	299	1	8	d48e62d57327	STAY	inline-scoped		0				0
usr/share/mios/ventoy/autorun/01-sysrescue-firstboot.sh	1	1	1	1	1c761afa6f58	DROP	banner		0				0
usr/share/mios/ventoy/autorun/mios-stage-icons.ps1	1	2	2	24	431b9a43a956	STAY	ai-header		0				0
usr/share/mios/ventoy/autorun/mios-stage-icons.ps1	22	23	2	24	909261aafe27	STAY	local-scoped		0				0
usr/share/mios/ventoy/autorun/mios-stage-icons.ps1	30	30	1	3	f2498da28185	STAY	local-scoped		0				0
usr/share/mios/ventoy/autorun/mios-stage-icons.ps1	57	57	1	4	a1b872fe8eb0	STAY	local-scoped		0				0
usr/share/mios/ventoy/autorun/mios-stage-icons.ps1	73	73	1	2	7df7f68d14d2	STAY	local-scoped		0				0
usr/share/mios/ventoy/autorun/mios-stage-icons.ps1	82	82	1	3	8afac64e729a	STAY	local-scoped		0				0
usr/share/mios/ventoy/autorun/mios-stage-icons.ps1	117	117	1	4	a32a606cd27c	STAY	local-scoped		0				0
usr/share/mios/ventoy/autorun/mios-stage-icons.ps1	128	128	1	5	8de76dd9cb30	STAY	local-scoped		0				0
usr/share/mios/windows/Set-MiOSWallpaper.ps1	1	1	1	0	e3b0c44298fc	STAY	inline-scoped		0				0
usr/share/mios/windows/Set-MiOSWallpaper.ps1	18	18	1	7	ef90fa69b41a	STAY	inline-scoped		0				0
usr/share/mios/windows/Set-MiOSWallpaper.ps1	19	19	1	2	73a2c9880704	STAY	inline-scoped		0				0
usr/share/mios/windows/Set-MiOSWallpaper.ps1	20	20	1	2	151c47cdac1b	STAY	inline-scoped		0				0
usr/share/mios/windows/Set-MiOSWallpaper.ps1	21	21	1	5	c47bb6282593	STAY	inline-scoped		0				0
usr/share/mios/windows/Set-MiOSWallpaper.ps1	22	22	1	0	62b67e1f685b	DROP	banner		0				0
usr/share/mios/windows/Set-MiOSWallpaper.ps1	32	35	4	56	514dec4884e2	STAY	midsize-why		0				0
usr/share/mios/windows/Set-MiOSWallpaper.ps1	44	44	1	7	0298fe737f63	STAY	inline-scoped		0				0
usr/share/mios/windows/Set-MiOSWallpaper.ps1	45	45	1	7	8743f5a2014f	STAY	inline-scoped		0				0
usr/share/mios/windows/Set-MiOSWallpaper.ps1	46	46	1	7	47590776f878	STAY	inline-scoped		0				0
usr/share/mios/windows/Set-MiOSWallpaper.ps1	47	47	1	7	1aae12af559b	STAY	inline-scoped		0				0
usr/share/mios/windows/Set-MiOSWallpaper.ps1	48	48	1	3	5127ab0424df	STAY	inline-scoped		0				0
usr/share/mios/windows/Set-MiOSWallpaper.ps1	51	51	1	8	c7bee9cfd9f6	STAY	local-scoped		0				0
usr/share/mios/windows/Set-MiOSWallpaper.ps1	65	65	1	2	85debbd769cc	DROP	banner		0				0
usr/share/mios/windows/Set-MiOSWallpaper.ps1	69	72	4	62	68ee939e6bbc	MIGRATE	narrative-rationale		0				0
usr/share/mios/windows/Set-MiOSWallpaper.ps1	75	75	1	12	42b4ee8db2dc	STAY	local-scoped		0				0
usr/share/mios/windows/Set-MiOSWallpaper.ps1	76	76	1	0	afad43d1c439	DROP	banner		0				0
usr/share/mios/windows/Set-MiOSWallpaper.ps1	80	80	1	11	c775de003bed	STAY	local-scoped		0				0
usr/share/mios/windows/Set-MiOSWallpaper.ps1	101	101	1	15	bcadcd62e94d	STAY	local-scoped		0				0
usr/share/mios/windows/Setup-MiOSLanPortProxy.ps1	1	2	2	11	031b24ab0649	STAY	ai-header		0				0
usr/share/mios/windows/deploy-mios-hyperv-m.ps1	1	4	4	28	c07ec28e8293	STAY	ai-header		0				0
usr/share/mios/windows/deploy-mios-hyperv-m.ps1	21	21	1	6	35a9b3cf7601	STAY	local-scoped		0				0
usr/share/mios/windows/mios-ai-node.ps1	1	2	2	26	f853361bd434	STAY	ai-header		0				0
usr/share/mios/windows/mios-ai-node.ps1	3	3	1	0	e3b0c44298fc	STAY	inline-scoped		0				0
usr/share/mios/windows/mios-ai-node.ps1	26	26	1	2	bd0cab54a4e2	STAY	inline-scoped		0				0
usr/share/mios/windows/mios-ai-node.ps1	27	27	1	3	76f1b66d42ac	STAY	inline-scoped		0				0
usr/share/mios/windows/mios-ai-node.ps1	28	28	1	3	09f573073ab6	STAY	inline-scoped		0				0
usr/share/mios/windows/mios-ai-node.ps1	29	29	1	3	91b356e924fc	STAY	inline-scoped		0				0
usr/share/mios/windows/mios-ai-node.ps1	31	31	1	4	bfebd7040be4	STAY	inline-scoped		0				0
usr/share/mios/windows/mios-ai-node.ps1	35	35	1	0	62b67e1f685b	DROP	banner		0				0
usr/share/mios/windows/mios-ai-node.ps1	40	43	4	18	0ca244c44ace	STAY	midsize-why		0				0
usr/share/mios/windows/mios-ai-node.ps1	75	75	1	5	3419368978f9	STAY	local-scoped		0				0
usr/share/mios/windows/mios-ai-node.ps1	96	96	1	1	e8790a089c4e	STAY	local-scoped		0				0
usr/share/mios/windows/mios-ai-node.ps1	114	114	1	7	18912323cb06	STAY	local-scoped		0				0
usr/share/mios/windows/mios-ai-node.ps1	122	122	1	12	80db912f2b5b	STAY	local-scoped		0				0
usr/share/mios/windows/mios-ai-node.ps1	137	137	1	1	bf40103bb0c3	STAY	local-scoped		0				0
usr/share/mios/windows/mios-ai-node.ps1	166	166	1	1	514b3ad4c398	STAY	local-scoped		0				0
usr/share/mios/windows/mios-ai-node.ps1	187	187	1	2	d8b19de6a2f1	STAY	local-scoped		0				0
usr/share/mios/windows/mios-ai-node.ps1	191	191	1	3	4fdb9f6f546e	STAY	inline-scoped		0				0
usr/share/mios/windows/mios-ai-node.ps1	224	224	1	3	3e8df4e26111	STAY	local-scoped		0				0
usr/share/mios/windows/mios-ai-node.ps1	240	240	1	3	4b1e4810e92a	DROP	banner		0				0
usr/share/mios/windows/mios-ai-node.ps1	299	299	1	3	7b94f7fdad6a	STAY	local-scoped		0				0
usr/share/mios/windows/mios-ai-node.ps1	310	310	1	4	12b39597cb53	STAY	local-scoped		0				0
usr/share/mios/windows/mios-ai-node.ps1	323	323	1	4	39674dc41e97	STAY	local-scoped		0				0
usr/share/mios/windows/mios-ai-node.ps1	330	330	1	5	d229b9a99953	STAY	local-scoped		0				0
usr/share/mios/windows/mios-ai-node.ps1	338	338	1	2	ea59c1471a88	STAY	local-scoped		0				0
usr/share/mios/windows/mios-ai-node.ps1	375	375	1	3	7366a2247604	STAY	local-scoped		0				0
usr/share/mios/windows/mios-ai-node.ps1	383	383	1	3	a79d48102872	STAY	local-scoped		0				0
usr/share/mios/windows/mios-ai-node.ps1	399	399	1	2	ac702d964557	STAY	local-scoped		0				0
usr/share/mios/windows/mios-ai-node.ps1	405	405	1	4	bc6253b492a2	STAY	local-scoped		0				0
usr/share/mios/windows/mios-ai-node.ps1	411	411	1	7	2fe904a5cf14	STAY	local-scoped		0				0
usr/share/mios/windows/mios-ai-node.ps1	425	425	1	10	72e3b406eed9	STAY	local-scoped		0				0
usr/share/mios/windows/mios-ai-node.ps1	431	431	1	3	f2842dd42c29	STAY	local-scoped		0				0
usr/share/mios/windows/mios-ai-node.ps1	436	436	1	3	911579a14d38	STAY	local-scoped		0				0
usr/share/mios/windows/mios-ai-node.ps1	445	445	1	1	769bb2605d47	STAY	local-scoped		0				0
usr/share/mios/windows/mios-claude-mcp-setup.ps1	1	2	2	27	60409fb9606c	STAY	ai-header		0				0
usr/share/mios/windows/mios-claude-mcp-setup.ps1	3	3	1	0	e3b0c44298fc	STAY	inline-scoped		0				0
usr/share/mios/windows/mios-claude-mcp-setup.ps1	22	22	1	0	62b67e1f685b	DROP	banner		0				0
usr/share/mios/windows/mios-claude-mcp-setup.ps1	30	34	5	55	961276c4a03d	MIGRATE	midsize-narrative		0				0
usr/share/mios/windows/mios-claude-mcp-setup.ps1	49	49	1	11	dd7cfef14d7d	STAY	local-scoped		0				0
usr/share/mios/windows/mios-claude-mcp-setup.ps1	57	57	1	11	ced5bf6235a6	STAY	local-scoped		0				0
usr/share/mios/windows/mios-claude-mcp-setup.ps1	70	70	1	5	e0f1f42a08ec	STAY	local-scoped		0				0
usr/share/mios/windows/mios-claude-mcp-setup.ps1	82	82	1	4	7d111c9fa6f6	STAY	local-scoped		0				0
usr/share/mios/windows/mios-igpu-server.ps1	1	2	2	24	9a1ef3eef679	STAY	ai-header		0				0
usr/share/mios/windows/mios-igpu-server.ps1	3	3	1	0	e3b0c44298fc	STAY	inline-scoped		0				0
usr/share/mios/windows/mios-igpu-server.ps1	27	27	1	8	c22c02ee5a7d	STAY	inline-scoped		0				0
usr/share/mios/windows/mios-igpu-server.ps1	28	28	1	7	5adf40c154dd	STAY	inline-scoped		0				0
usr/share/mios/windows/mios-igpu-server.ps1	29	29	1	4	ad5ae83023f5	STAY	inline-scoped		0				0
usr/share/mios/windows/mios-igpu-server.ps1	34	34	1	0	62b67e1f685b	DROP	banner		0				0
usr/share/mios/windows/mios-igpu-server.ps1	39	46	8	88	3ccf7777c6c0	MIGRATE	narrative-rationale		0				0
usr/share/mios/windows/mios-igpu-server.ps1	48	55	8	101	21bcde9029ce	MIGRATE	narrative-rationale		0				0
usr/share/mios/windows/mios-igpu-server.ps1	57	64	8	94	7b3fa5014656	MIGRATE	narrative-rationale		0				0
usr/share/mios/windows/mios-igpu-server.ps1	66	66	1	7	8125c09db02f	STAY	inline-scoped		0				0
usr/share/mios/windows/mios-igpu-server.ps1	67	75	9	104	e546c44939e2	MIGRATE	narrative-history		0				0
usr/share/mios/windows/mios-igpu-server.ps1	78	78	1	5	9b9f38f363fe	STAY	inline-scoped		0				0
usr/share/mios/windows/mios-igpu-server.ps1	105	109	5	52	3428313d89bd	STAY	midsize-why		0				0
usr/share/mios/windows/mios-igpu-server.ps1	119	119	1	3	9bdb046e473d	STAY	local-scoped		0				0
usr/share/mios/windows/mios-igpu-server.ps1	121	121	1	7	a36cfa3e1543	STAY	local-scoped		0				0
usr/share/mios/windows/mios-igpu-server.ps1	124	124	1	5	45bebb2aac9a	STAY	local-scoped		0				0
usr/share/mios/windows/mios-igpu-server.ps1	130	130	1	4	1e1cdcb2d3e3	STAY	local-scoped		0				0
usr/share/mios/windows/mios-igpu-server.ps1	147	147	1	4	6fa393bc602b	STAY	local-scoped		0				0
usr/share/mios/windows/mios-igpu-server.ps1	150	150	1	4	f8d0436c9740	STAY	local-scoped		0				0
usr/share/mios/windows/mios-igpu-server.ps1	166	166	1	6	3e783489482a	STAY	local-scoped		0				0
usr/share/mios/windows/mios-igpu-server.ps1	171	171	1	3	23f2b422a631	DROP	banner		0				0
usr/share/mios/windows/mios-igpu-server.ps1	178	178	1	5	26df22835f39	STAY	local-scoped		0				0
usr/share/mios/windows/mios-igpu-server.ps1	187	187	1	2	b6ea03546fc0	STAY	local-scoped		0				0
usr/share/mios/windows/mios-igpu-server.ps1	204	204	1	4	136bac7e649e	STAY	local-scoped		0				0
usr/share/mios/windows/mios-igpu-server.ps1	223	223	1	12	110a6966c91a	STAY	local-scoped		0				0
usr/share/mios/windows/mios-igpu-server.ps1	232	232	1	10	63b9761b3a82	STAY	local-scoped		0				0
usr/share/mios/windows/mios-igpu-server.ps1	235	235	1	3	c52658cc07c4	STAY	local-scoped		0				0
usr/share/mios/windows/mios-igpu-server.ps1	250	250	1	11	2107d45c7a13	STAY	local-scoped		0				0
usr/share/mios/windows/mios-igpu-server.ps1	261	268	8	94	1f1a120d5fbf	MIGRATE	narrative-rationale		0				0
usr/share/mios/windows/mios-igpu-server.ps1	285	285	1	9	04ab5a199d0c	STAY	local-scoped		0				0
usr/share/mios/windows/mios-igpu-server.ps1	291	298	8	97	89e4d9fb74f6	MIGRATE	narrative-history		0				0
usr/share/mios/windows/mios-igpu-server.ps1	301	306	6	71	31fe7f6cb1cb	MIGRATE	narrative-rationale		0				0
usr/share/mios/windows/mios-oscontrol-server.ps1	1	2	2	21	05b7aa8454bf	STAY	ai-header		0				0
usr/share/mios/windows/mios-oscontrol-server.ps1	3	3	1	0	e3b0c44298fc	STAY	inline-scoped		0				0
usr/share/mios/windows/mios-oscontrol-server.ps1	59	59	1	3	98fce74a21f1	STAY	inline-scoped		0				0
usr/share/mios/windows/mios-oscontrol-server.ps1	60	60	1	5	9786a7eb8a6b	STAY	inline-scoped		0				0
usr/share/mios/windows/mios-oscontrol-server.ps1	61	61	1	3	ae6acb7c98f6	STAY	inline-scoped		0				0
usr/share/mios/windows/mios-oscontrol-server.ps1	67	67	1	0	62b67e1f685b	DROP	banner		0				0
usr/share/mios/windows/mios-oscontrol-server.ps1	80	81	2	21	8b8593f30e1d	STAY	local-scoped		0				0
usr/share/mios/windows/mios-oscontrol-server.ps1	87	90	4	43	7f0b33963ddf	STAY	midsize-why		0				0
usr/share/mios/windows/mios-oscontrol-server.ps1	98	98	1	5	bd997c5c09ce	STAY	local-scoped		0				0
usr/share/mios/windows/mios-oscontrol-server.ps1	113	116	4	38	60e42a871998	STAY	midsize-why		0				0
usr/share/mios/windows/mios-oscontrol-server.ps1	125	126	2	24	aeb1b8da87d7	STAY	local-scoped		0				0
usr/share/mios/windows/mios-oscontrol-server.ps1	130	130	1	8	b508be13a160	STAY	local-scoped		0				0
usr/share/mios/windows/mios-oscontrol-server.ps1	136	138	3	28	d951c4b0af15	STAY	midsize-why		0				0
usr/share/mios/windows/mios-oscontrol-server.ps1	147	147	1	13	8453b012a9de	STAY	local-scoped		0				0
usr/share/mios/windows/mios-oscontrol-server.ps1	166	166	1	12	b1d18bdce45c	STAY	local-scoped		0				0
usr/share/mios/windows/mios-oscontrol-server.ps1	171	171	1	11	d3a9a71c4986	STAY	local-scoped		0				0
usr/share/mios/windows/mios-oscontrol-server.ps1	175	175	1	5	c6b9560acf92	STAY	local-scoped		0				0
usr/share/mios/windows/mios-oscontrol-server.ps1	228	236	9	79	4e8037e52913	MIGRATE	narrative-rationale		0				0
usr/share/mios/windows/mios-oscontrol-server.ps1	239	245	7	71	4e1393763852	MIGRATE	narrative-rationale		0				0
usr/share/mios/windows/mios-oscontrol-server.ps1	261	263	3	22	1e4dae90382c	STAY	midsize-why		0				0
usr/share/mios/windows/mios-oscontrol-server.ps1	285	285	1	12	3123ed0f4c85	STAY	local-scoped		0				0
usr/share/mios/windows/mios-oscontrol-server.ps1	299	300	2	22	bf933a281c4a	STAY	local-scoped		0				0
usr/share/mios/windows/mios-oscontrol-server.ps1	314	316	3	32	111c66e4fd7d	MIGRATE	midsize-narrative		0				0
usr/share/mios/windows/mios-oscontrol-server.ps1	329	329	1	1	5c12710e959a	DROP	banner		0				0
usr/share/mios/windows/mios-oscontrol-server.ps1	330	330	1	2	6c59f949538f	STAY	inline-scoped		0				0
usr/share/mios/windows/mios-oscontrol-server.ps1	343	343	1	4	f3078fc452a2	STAY	inline-scoped		0				0
usr/share/mios/windows/mios-oscontrol-server.ps1	344	344	1	1	05491b6a8c9e	DROP	banner		0				0
usr/share/mios/windows/mios-oscontrol-server.ps1	350	350	1	1	5c12710e959a	DROP	banner		0				0
usr/share/mios/windows/mios-oscontrol-server.ps1	353	353	1	3	3b15f4e11ca4	DROP	banner		0				0
usr/share/mios/windows/mios-oscontrol-server.ps1	354	354	1	1	742ed819226a	DROP	banner		0				0
usr/share/mios/windows/mios-oscontrol-server.ps1	357	357	1	1	f329e3a317ee	DROP	banner		0				0
usr/share/mios/windows/mios-oscontrol-server.ps1	359	368	10	92	ffd4affdc191	MIGRATE	narrative-rationale		0				0
usr/share/mios/windows/mios-oscontrol-server.ps1	369	369	1	4	c9abf4082168	STAY	inline-scoped		0				0
usr/share/mios/windows/mios-oscontrol-server.ps1	370	370	1	4	338990f0d3d7	STAY	inline-scoped		0				0
usr/share/mios/windows/mios-oscontrol-server.ps1	377	379	3	26	7ca43eb0adb0	STAY	midsize-why		0				0
usr/share/mios/windows/mios-oscontrol-server.ps1	471	471	1	1	bd93501e36a4	DROP	banner		0				0
usr/share/mios/windows/mios-oscontrol-server.ps1	475	475	1	7	f90584eaef1b	STAY	local-scoped		0				0
usr/share/mios/windows/mios-oscontrol-server.ps1	486	486	1	3	2e616ba1e1c6	STAY	inline-scoped		0				0
usr/share/mios/windows/mios-oscontrol-server.ps1	502	505	4	36	3c6bee7cdb85	MIGRATE	midsize-narrative		0				0
usr/share/mios/windows/mios-oscontrol-server.ps1	533	538	6	70	459730807487	MIGRATE	narrative-history		0				0
usr/share/mios/windows/mios-oscontrol-server.ps1	552	552	1	8	76832d3eb376	STAY	inline-scoped		0				0
usr/share/mios/windows/mios-oscontrol-server.ps1	606	606	1	10	004d9dd4ace4	STAY	local-scoped		0				0
usr/share/mios/windows/mios-oscontrol-server.ps1	611	611	1	7	c996703201b7	STAY	local-scoped		0				0
usr/share/mios/windows/mios-oscontrol-server.ps1	640	645	6	66	c12ec6e37ca0	MIGRATE	narrative-rationale		0				0
usr/share/mios/windows/mios-oscontrol-server.ps1	668	669	2	18	97879690c10d	STAY	local-scoped		0				0
usr/share/mios/windows/mios-oscontrol-server.ps1	685	686	2	23	0b2d3964b270	STAY	local-scoped		0				0
usr/share/mios/windows/mios-oscontrol-server.ps1	690	690	1	1	5c12710e959a	DROP	banner		0				0
usr/share/mios/windows/mios-oscontrol-server.ps1	691	691	1	1	05491b6a8c9e	DROP	banner		0				0
usr/share/mios/windows/mios-oscontrol-server.ps1	712	714	3	32	ec2f5f29985d	MIGRATE	midsize-narrative		0				0
usr/share/mios/windows/mios-oscontrol-server.ps1	738	740	3	37	9c1d0f80a41c	STAY	midsize-why		0				0
usr/share/mios/windows/mios-oscontrol-server.ps1	812	812	1	1	5c12710e959a	DROP	banner		0				0
usr/share/mios/windows/mios-oscontrol-server.ps1	813	813	1	1	05491b6a8c9e	DROP	banner		0				0
usr/share/mios/windows/mios-oscontrol-server.ps1	956	956	1	0	b2530ba7faa5	DROP	banner		0				0
usr/share/mios/windows/mios-oscontrol-server.ps1	988	996	9	98	83ecd8d17d15	MIGRATE	narrative-rationale		0				0
usr/share/mios/windows/mios-oscontrol-server.ps1	1026	1026	1	8	018e19a3016a	STAY	local-scoped		0				0
usr/share/mios/windows/mios-oscontrol-server.ps1	1030	1031	2	29	c9f6c4c570ba	MIGRATE	fat-inline-narrative	note	0				0
usr/share/mios/windows/mios-oscontrol-server.ps1	1039	1045	7	71	fa298ae72b08	MIGRATE	narrative-history		0				0
usr/share/mios/windows/mios-oscontrol-server.ps1	1050	1050	1	10	abd6096ab8c0	STAY	inline-scoped		0				0
usr/share/mios/windows/mios-oscontrol-server.ps1	1053	1053	1	13	9a119265e6fc	STAY	local-scoped		0				0
usr/share/mios/windows/mios-oscontrol-server.ps1	1055	1057	3	33	e9b3dc8f0cc6	STAY	midsize-why		0				0
usr/share/mios/windows/mios-oscontrol-server.ps1	1072	1073	2	19	dc45e120dda4	STAY	local-scoped		0				0
usr/share/mios/windows/mios-oscontrol-server.ps1	1076	1077	2	15	2120def317a8	STAY	local-scoped		0				0
usr/share/mios/windows/mios-oscontrol-server.ps1	1089	1093	5	53	da83e9abca09	MIGRATE	midsize-narrative		0				0
usr/share/mios/windows/mios-oscontrol-server.ps1	1108	1112	5	40	79b74d1757bb	STAY	midsize-why		0				0
usr/share/mios/windows/mios-oscontrol-server.ps1	1139	1139	1	8	6cc4f5449578	STAY	local-scoped		0				0
usr/share/mios/windows/mios-oscontrol-server.ps1	1171	1171	1	2	bb7489347185	STAY	local-scoped		0				0
usr/share/mios/windows/mios-oscontrol-server.ps1	1239	1240	2	18	9503127afdb6	STAY	local-scoped		0				0
usr/share/mios/windows/mios-oscontrol-server.ps1	1307	1309	3	25	6f6e84dbe56e	STAY	midsize-why		0				0
usr/share/mios/windows/mios-oscontrol-server.ps1	1337	1341	5	44	e85ce3c2485a	STAY	midsize-why		0				0
usr/share/mios/windows/mios-pc-control.ps1	1	2	2	24	2bc0967cfd53	STAY	ai-header		0				0
usr/share/mios/windows/mios-pc-control.ps1	23	23	1	5	d28c0566c4ea	STAY	local-scoped		0				0
usr/share/mios/windows/mios-pc-control.ps1	59	59	1	2	b9420b8e67c9	STAY	local-scoped		0				0
usr/share/mios/windows/mios-pc-control.ps1	108	113	6	66	9ccf63bbc160	MIGRATE	narrative-rationale		0				0
usr/share/mios/windows/mios-pc-control.ps1	149	149	1	5	bafe2082f31d	STAY	local-scoped		0				0
usr/share/mios/windows/mios-pc-control.ps1	151	154	4	41	47a46dca46b2	STAY	midsize-why		0				0
usr/share/mios/windows/mios-pc-control.ps1	160	165	6	63	593dc2fbb58a	MIGRATE	narrative-rationale		0				0
usr/share/mios/windows/mios-pc-control.ps1	196	196	1	9	f7b9b8be348a	STAY	local-scoped		0				0
usr/share/mios/windows/mios-pc-control.ps1	218	218	1	10	e4cf12105e53	STAY	local-scoped		0				0
usr/share/mios/windows/mios-pc-control.ps1	228	228	1	11	665c756c1ba8	STAY	inline-scoped		0				0
usr/share/mios/windows/mios-pc-control.ps1	264	266	3	18	2103571517ee	MIGRATE	midsize-narrative		0				0
usr/share/mios/windows/mios-pc-control.ps1	298	298	1	1	5c12710e959a	DROP	banner		0				0
usr/share/mios/windows/mios-pc-control.ps1	325	330	6	49	980f2fede3a4	MIGRATE	narrative-history		0				0
usr/share/mios/windows/mios-pc-control.ps1	333	334	2	21	b733922ddaf8	STAY	local-scoped		0				0
usr/share/mios/windows/mios-pc-control.ps1	361	361	1	1	5c12710e959a	DROP	banner		0				0
usr/share/mios/windows/mios-pc-control.ps1	367	382	16	109	87d75c0a1540	MIGRATE	narrative-history		0				0
usr/share/mios/windows/mios-pc-control.ps1	401	403	3	25	433f4afc14a1	STAY	midsize-why		0				0
usr/share/mios/windows/mios-pc-control.ps1	407	407	1	12	89dbe3fa67ba	STAY	local-scoped		0				0
usr/share/mios/windows/mios-pc-control.ps1	416	419	4	34	5fb1b27c5424	STAY	midsize-why		0				0
usr/share/mios/windows/mios-tailscale-serve.ps1	1	2	2	23	baef912a67e7	STAY	ai-header		0				0
usr/share/mios/windows/mios-tailscale-serve.ps1	3	3	1	0	e3b0c44298fc	STAY	inline-scoped		0				0
usr/share/mios/windows/mios-tailscale-serve.ps1	34	34	1	6	09fcffdb68ee	STAY	inline-scoped		0				0
usr/share/mios/windows/mios-tailscale-serve.ps1	35	35	1	7	cf1a13abf121	STAY	inline-scoped		0				0
usr/share/mios/windows/mios-tailscale-serve.ps1	36	36	1	5	954dad983709	STAY	inline-scoped		0				0
usr/share/mios/windows/mios-tailscale-serve.ps1	37	37	1	5	dd5a18e96156	STAY	inline-scoped		0				0
usr/share/mios/windows/mios-tailscale-serve.ps1	38	38	1	0	62b67e1f685b	DROP	banner		0				0
usr/share/mios/windows/mios-tailscale-serve.ps1	50	50	1	8	c7bee9cfd9f6	STAY	local-scoped		0				0
usr/share/mios/windows/mios-tailscale-serve.ps1	66	67	2	20	0156af887e29	STAY	local-scoped		0				0
usr/share/mios/windows/mios-tailscale-serve.ps1	100	104	5	69	fbe05fbcd2d8	MIGRATE	narrative-rationale		0				0
usr/share/mios/windows/mios-tailscale-serve.ps1	107	107	1	13	6e8fa7a1abbe	STAY	local-scoped		0				0
usr/share/mios/windows/mios-tailscale-serve.ps1	111	111	1	11	39624f1bd092	STAY	local-scoped		0				0
usr/share/mios/windows/mios-tailscale-serve.ps1	129	132	4	52	126ab943a9f6	STAY	midsize-why		0				0
usr/share/mios/windows/mios-tailscale-serve.ps1	137	137	1	10	39295c24642c	STAY	local-scoped		0				0
usr/share/mios/windows/mios-tailscale-serve.ps1	182	185	4	48	89747724c587	STAY	midsize-why		0				0
usr/share/mios/windows/mios-uia-dump.ps1	62	62	1	10	004d9dd4ace4	STAY	local-scoped		0				0
usr/share/mios/windows/mios-uia-dump.ps1	67	67	1	7	c996703201b7	STAY	local-scoped		0				0
usr/share/mios/windows/mios-uia-dump.ps1	83	83	1	13	22b6101f5685	STAY	local-scoped		0				0
usr/share/mios/windows/mios-window-foreground.ps1	1	2	2	25	885dc3618c81	STAY	ai-header		0				0
usr/share/mios/windows/mios-window-foreground.ps1	11	11	1	9	842cd43d982b	STAY	local-scoped		0				0
usr/share/mios/windows/mios-window-foreground.ps1	24	25	2	18	09c1f56c4a96	STAY	local-scoped		0				0
usr/share/mios/windows/mios-window-foreground.ps1	40	41	2	19	364c09c7a68b	STAY	local-scoped		0				0
usr/share/mios/windows/mios-wsl-keepalive.ps1	1	2	2	25	569d6c2b0af9	STAY	ai-header		0				0
usr/share/mios/windows/mios-wsl-keepalive.ps1	18	18	1	8	ed3602799d21	STAY	local-scoped		0				0
usr/share/mios/windows/mios-wsl-keepalive.ps1	24	24	1	4	6fa393bc602b	STAY	local-scoped		0				0
usr/share/mios/windows/mios-wsl-keepalive.ps1	27	27	1	4	1e1cdcb2d3e3	STAY	local-scoped		0				0
usr/share/mios/windows/mios-wsl-keepalive.ps1	46	46	1	8	ed3602799d21	STAY	local-scoped		0				0
usr/share/mios/windows/mios-wsl-keepalive.ps1	52	52	1	4	1e1cdcb2d3e3	STAY	local-scoped		0				0
usr/share/mios/windows/mios-wsl-keepalive.ps1	58	58	1	4	f8d0436c9740	STAY	local-scoped		0				0
usr/share/mios/windows/mios-wsl-keepalive.ps1	88	88	1	11	7c304b1c5e6a	STAY	local-scoped		0				0
usr/share/mios/windows/mios-wsl-session-task.ps1	1	2	2	25	923a297f32ed	STAY	ai-header		0				0
usr/share/mios/windows/mios-wsl-session-task.ps1	21	21	1	8	d2b7347de6c3	STAY	local-scoped		0				0
usr/share/mios/windows/quadlets/mios-llm-light.container	16	16	1	6	9aca23049e91	STAY	local-scoped		0				0
var/lib/mios/embeddings/ingest_local.py	1	3	3	20	91acd35b3d24	STAY	ai-header		0				0
var/lib/mios/embeddings/ingest_local.py	4	35	31	105	598ccb5e9927	MIGRATE	narrative-history		0				0
var/lib/mios/embeddings/ingest_local.py	53	53	1	10	b59dae48fdba	STAY	local-scoped		0				0
var/lib/mios/embeddings/ingest_local.py	67	67	1	9	8c2d2dc302b0	STAY	local-scoped		0				0
var/lib/mios/embeddings/ingest_local.py	72	72	1	11	6a8a3a77d178	STAY	local-scoped		0				0
var/lib/mios/embeddings/ingest_local.py	138	138	1	2	dce9d049fd43	STAY	inline-scoped		0				0
var/lib/mios/evals/mios-knowledge.local-runner.py	1	3	3	19	d3e2701fd23a	STAY	ai-header		0				0
var/lib/mios/evals/mios-knowledge.local-runner.py	4	35	31	112	ca342d0ce1e0	MIGRATE	narrative-history		0				0
var/lib/mios/evals/mios-knowledge.local-runner.py	48	48	1	6	c63f2b9d6281	STAY	local-scoped		0				0
var/lib/mios/evals/mios-knowledge.local-runner.py	62	62	1	3	0db9aeecba57	STAY	local-scoped		0				0
var/lib/mios/evals/mios-knowledge.local-runner.py	68	68	1	5	c3a9e9626eb9	STAY	local-scoped		0				0
